$MeshFormat
4.1 0 8
$EndMeshFormat
$PhysicalNames
5
1 20 "edge_1"
1 21 "edge_2"
1 22 "edge_3"
2 23 "inlet"
2 24 "domain"
$EndPhysicalNames
$Entities
14 19 6 0
1 0 0 0 0 
2 0.35 0 0 0 
3 0.7 0 0 0 
4 1 0 0 0 
5 1 0.5 0 0 
6 0.7 0.5 0 0 
7 0.35 0.5 0 0 
8 0 0.5 0 0 
9 0 0.5 0.01 0 
10 0 0 0.01 0 
11 0.35 0 0.01 0 
12 0.35 0.5 0.01 0 
13 0.7 0 0.01 0 
14 0.7 0.5 0.01 0 
1 -1.000000000028756e-07 -1e-07 -1e-07 0.3500001 1e-07 1e-07 0 2 1 -2 
2 0.3499999 -1e-07 -1e-07 0.7000000999999999 1e-07 1e-07 0 2 2 -3 
3 0.6999999 -1e-07 -1e-07 1.0000001 1e-07 1e-07 0 2 3 -4 
4 0.9999999000000001 -9.999999997511999e-08 -1e-07 1.0000001 0.5000000999999999 1e-07 0 2 4 -5 
5 0.6999999 0.4999999 -1e-07 1.0000001 0.5000000999999999 1e-07 0 2 5 -6 
6 0.3499999 0.4999999 -1e-07 0.7000000999999999 0.5000000999999999 1e-07 0 2 6 -7 
7 -1.000000000028756e-07 0.4999999 -1e-07 0.3500001 0.5000000999999999 1e-07 0 2 7 -8 
8 -1e-07 -9.999999997511999e-08 -1e-07 1e-07 0.5000000999999999 1e-07 0 2 8 -1 
9 0.3499999 -9.999999997511999e-08 -1e-07 0.3500001 0.5000000999999999 1e-07 0 2 2 -7 
10 0.6999999 -9.999999997511999e-08 -1e-07 0.7000000999999999 0.5000000999999999 1e-07 0 2 3 -6 
11 -1e-07 0.4999999 -1.000000000002735e-07 1e-07 0.5000000999999999 0.0100001 0 2 8 -9 
12 -1e-07 -1e-07 -1.000000000002735e-07 1e-07 1e-07 0.0100001 0 2 1 -10 
13 -1e-07 -9.999999997511999e-08 0.009999900000000001 1e-07 0.5000000999999999 0.0100001 1 20 2 9 -10 
14 0.3499999 -1e-07 -1.000000000002735e-07 0.3500001 1e-07 0.0100001 0 2 2 -11 
15 0.3499999 0.4999999 -1.000000000002735e-07 0.3500001 0.5000000999999999 0.0100001 0 2 7 -12 
16 0.3499999 -9.999999997511999e-08 0.009999900000000001 0.3500001 0.5000000999999999 0.0100001 1 21 2 11 -12 
17 0.6999999 -1e-07 -1.000000000002735e-07 0.7000000999999999 1e-07 0.0100001 0 2 3 -13 
18 0.6999999 0.4999999 -1.000000000002735e-07 0.7000000999999999 0.5000000999999999 0.0100001 0 2 6 -14 
19 0.6999999 -9.999999997511999e-08 0.009999900000000001 0.7000000999999999 0.5000000999999999 0.0100001 1 22 2 13 -14 
1 -1.000000000028756e-07 -9.999999997511999e-08 -1e-07 0.3500001 0.5000000999999999 1e-07 1 24 4 7 8 1 9 
2 0.3499999 -9.999999997511999e-08 -1e-07 0.7000000999999999 0.5000000999999999 1e-07 1 24 4 6 -9 2 10 
3 0.6999999 -9.999999997511999e-08 -1e-07 1.0000001 0.5000000999999999 1e-07 1 24 4 5 -10 3 4 
4 -1e-07 -9.999999997511999e-08 -1.000000000002735e-07 1e-07 0.5000000999999999 0.0100001 1 23 4 11 13 -12 -8 
5 0.3499999 -9.999999997511999e-08 -1.000000000002735e-07 0.3500001 0.5000000999999999 0.0100001 1 23 4 14 16 -15 -9 
6 0.6999999 -9.999999997511999e-08 -1.000000000002735e-07 0.7000000999999999 0.5000000999999999 0.0100001 1 23 4 17 19 -18 -10 
$EndEntities
$Nodes
33 3030 1 3030
0 1 0 1
1
0 0 0
0 2 0 1
2
0.35 0 0
0 3 0 1
3
0.7 0 0
0 4 0 1
4
1 0 0
0 5 0 1
5
1 0.5 0
0 6 0 1
6
0.7 0.5 0
0 7 0 1
7
0.35 0.5 0
0 8 0 1
8
0 0.5 0
0 9 0 1
9
0 0.5 0.01
0 10 0 1
10
0 0 0.01
0 11 0 1
11
0.35 0 0.01
0 12 0 1
12
0.35 0.5 0.01
0 13 0 1
13
0.7 0 0.01
0 14 0 1
14
0.7 0.5 0.01
1 1 0 33
15
16
17
18
19
20
21
22
23
24
25
26
27
28
29
30
31
32
33
34
35
36
37
38
39
40
41
42
43
44
45
46
47
0.01029411764705882 0 0
0.02058823529411764 0 0
0.03088235294117646 0 0
0.04117647058823528 0 0
0.05147058823529409 0 0
0.06176470588235292 0 0
0.07205882352941173 0 0
0.08235294117647053 0 0
0.09264705882352936 0 0
0.1029411764705882 0 0
0.113235294117647 0 0
0.1235294117647058 0 0
0.1338235294117646 0 0
0.1441176470588234 0 0
0.1544117647058822 0 0
0.164705882352941 0 0
0.1749999999999998 0 0
0.1852941176470586 0 0
0.1955882352941174 0 0
0.2058823529411762 0 0
0.2161764705882351 0 0
0.2264705882352939 0 0
0.2367647058823527 0 0
0.2470588235294115 0 0
0.2573529411764703 0 0
0.2676470588235292 0 0
0.277941176470588 0 0
0.2882352941176469 0 0
0.2985294117647058 0 0
0.3088235294117646 0 0
0.3191176470588234 0 0
0.3294117647058823 0 0
0.3397058823529411 0 0
1 2 0 33
48
49
50
51
52
53
54
55
56
57
58
59
60
61
62
63
64
65
66
67
68
69
70
71
72
73
74
75
76
77
78
79
80
0.3602941176470588 0 0
0.3705882352941176 0 0
0.3808823529411764 0 0
0.3911764705882352 0 0
0.4014705882352941 0 0
0.4117647058823529 0 0
0.4220588235294117 0 0
0.4323529411764705 0 0
0.4426470588235293 0 0
0.4529411764705881 0 0
0.463235294117647 0 0
0.4735294117647058 0 0
0.4838235294117645 0 0
0.4941176470588233 0 0
0.5044117647058821 0 0
0.5147058823529409 0 0
0.5249999999999998 0 0
0.5352941176470586 0 0
0.5455882352941174 0 0
0.5558823529411762 0 0
0.5661764705882351 0 0
0.5764705882352938 0 0
0.5867647058823526 0 0
0.5970588235294115 0 0
0.6073529411764702 0 0
0.6176470588235292 0 0
0.627941176470588 0 0
0.6382352941176468 0 0
0.6485294117647058 0 0
0.6588235294117646 0 0
0.6691176470588234 0 0
0.6794117647058823 0 0
0.6897058823529412 0 0
1 3 0 28
81
82
83
84
85
86
87
88
89
90
91
92
93
94
95
96
97
98
99
100
101
102
103
104
105
106
107
108
0.7103448275862069 0 0
0.7206896551724137 0 0
0.7310344827586206 0 0
0.7413793103448275 0 0
0.7517241379310343 0 0
0.7620689655172412 0 0
0.772413793103448 0 0
0.782758620689655 0 0
0.7931034482758619 0 0
0.8034482758620688 0 0
0.8137931034482757 0 0
0.8241379310344826 0 0
0.8344827586206895 0 0
0.8448275862068964 0 0
0.8551724137931033 0 0
0.8655172413793102 0 0
0.8758620689655171 0 0
0.886206896551724 0 0
0.8965517241379309 0 0
0.9068965517241379 0 0
0.9172413793103447 0 0
0.9275862068965517 0 0
0.9379310344827585 0 0
0.9482758620689655 0 0
0.9586206896551723 0 0
0.9689655172413792 0 0
0.9793103448275862 0 0
0.9896551724137931 0 0
1 4 0 28
109
110
111
112
113
114
115
116
117
118
119
120
121
122
123
124
125
126
127
128
129
130
131
132
133
134
135
136
1 0.01724137931034483 0
1 0.03448275862068965 0
1 0.05172413793103448 0
1 0.06896551724137931 0
1 0.08620689655172414 0
1 0.103448275862069 0
1 0.1206896551724138 0
1 0.1379310344827586 0
1 0.1551724137931035 0
1 0.1724137931034483 0
1 0.1896551724137931 0
1 0.2068965517241379 0
1 0.2241379310344828 0
1 0.2413793103448276 0
1 0.2586206896551724 0
1 0.2758620689655172 0
1 0.293103448275862 0
1 0.3103448275862069 0
1 0.3275862068965517 0
1 0.3448275862068966 0
1 0.3620689655172414 0
1 0.3793103448275862 0
1 0.396551724137931 0
1 0.4137931034482759 0
1 0.4310344827586207 0
1 0.4482758620689655 0
1 0.4655172413793103 0
1 0.4827586206896551 0
1 5 0 28
137
138
139
140
141
142
143
144
145
146
147
148
149
150
151
152
153
154
155
156
157
158
159
160
161
162
163
164
0.9896551724137931 0.5 0
0.9793103448275863 0.5 0
0.9689655172413794 0.5 0
0.9586206896551724 0.5 0
0.9482758620689656 0.5 0
0.9379310344827587 0.5 0
0.9275862068965519 0.5 0
0.917241379310345 0.5 0
0.9068965517241381 0.5 0
0.8965517241379312 0.5 0
0.8862068965517242 0.5 0
0.8758620689655173 0.5 0
0.8655172413793104 0.5 0
0.8551724137931036 0.5 0
0.8448275862068967 0.5 0
0.8344827586206898 0.5 0
0.8241379310344829 0.5 0
0.8137931034482759 0.5 0
0.803448275862069 0.5 0
0.7931034482758621 0.5 0
0.7827586206896553 0.5 0
0.7724137931034483 0.5 0
0.7620689655172415 0.5 0
0.7517241379310344 0.5 0
0.7413793103448276 0.5 0
0.7310344827586207 0.5 0
0.7206896551724138 0.5 0
0.7103448275862069 0.5 0
1 6 0 33
165
166
167
168
169
170
171
172
173
174
175
176
177
178
179
180
181
182
183
184
185
186
187
188
189
190
191
192
193
194
195
196
197
0.6897058823529412 0.5 0
0.6794117647058823 0.5 0
0.6691176470588235 0.5 0
0.6588235294117647 0.5 0
0.6485294117647059 0.5 0
0.638235294117647 0.5 0
0.6279411764705882 0.5 0
0.6176470588235294 0.5 0
0.6073529411764707 0.5 0
0.5970588235294118 0.5 0
0.586764705882353 0.5 0
0.5764705882352942 0.5 0
0.5661764705882354 0.5 0
0.5558823529411766 0.5 0
0.5455882352941178 0.5 0
0.5352941176470589 0.5 0
0.5250000000000001 0.5 0
0.5147058823529413 0.5 0
0.5044117647058826 0.5 0
0.4941176470588238 0.5 0
0.4838235294117649 0.5 0
0.4735294117647061 0.5 0
0.4632352941176473 0.5 0
0.4529411764705884 0.5 0
0.4426470588235297 0.5 0
0.4323529411764708 0.5 0
0.4220588235294119 0.5 0
0.4117647058823531 0.5 0
0.4014705882352942 0.5 0
0.3911764705882354 0.5 0
0.3808823529411766 0.5 0
0.3705882352941177 0.5 0
0.3602941176470588 0.5 0
1 7 0 33
198
199
200
201
202
203
204
205
206
207
208
209
210
211
212
213
214
215
216
217
218
219
220
221
222
223
224
225
226
227
228
229
230
0.3397058823529411 0.5 0
0.3294117647058823 0.5 0
0.3191176470588235 0.5 0
0.3088235294117647 0.5 0
0.2985294117647059 0.5 0
0.288235294117647 0.5 0
0.2779411764705882 0.5 0
0.2676470588235295 0.5 0
0.2573529411764706 0.5 0
0.2470588235294118 0.5 0
0.236764705882353 0.5 0
0.2264705882352942 0.5 0
0.2161764705882354 0.5 0
0.2058823529411766 0.5 0
0.1955882352941178 0.5 0
0.185294117647059 0.5 0
0.1750000000000002 0.5 0
0.1647058823529414 0.5 0
0.1544117647058826 0.5 0
0.1441176470588238 0.5 0
0.1338235294117649 0.5 0
0.1235294117647061 0.5 0
0.1132352941176473 0.5 0
0.1029411764705885 0.5 0
0.09264705882352969 0.5 0
0.0823529411764708 0.5 0
0.07205882352941195 0.5 0
0.06176470588235311 0.5 0
0.05147058823529421 0.5 0
0.04117647058823543 0.5 0
0.03088235294117658 0.5 0
0.02058823529411768 0.5 0
0.01029411764705884 0.5 0
1 8 0 28
231
232
233
234
235
236
237
238
239
240
241
242
243
244
245
246
247
248
249
250
251
252
253
254
255
256
257
258
0 0.4827586206896552 0
0 0.4655172413793103 0
0 0.4482758620689655 0
0 0.4310344827586207 0
0 0.4137931034482759 0
0 0.396551724137931 0
0 0.3793103448275862 0
0 0.3620689655172414 0
0 0.3448275862068966 0
0 0.3275862068965517 0
0 0.3103448275862069 0
0 0.2931034482758621 0
0 0.2758620689655172 0
0 0.2586206896551724 0
0 0.2413793103448276 0
0 0.2241379310344828 0
0 0.206896551724138 0
0 0.1896551724137931 0
0 0.1724137931034483 0
0 0.1551724137931034 0
0 0.1379310344827586 0
0 0.1206896551724138 0
0 0.103448275862069 0
0 0.08620689655172414 0
0 0.06896551724137934 0
0 0.05172413793103448 0
0 0.03448275862068967 0
0 0.01724137931034486 0
1 9 0 28
259
260
261
262
263
264
265
266
267
268
269
270
271
272
273
274
275
276
277
278
279
280
281
282
283
284
285
286
0.35 0.01724137931034483 0
0.35 0.03448275862068965 0
0.35 0.05172413793103448 0
0.35 0.06896551724137931 0
0.35 0.08620689655172414 0
0.35 0.103448275862069 0
0.35 0.1206896551724138 0
0.35 0.1379310344827586 0
0.35 0.1551724137931035 0
0.35 0.1724137931034483 0
0.35 0.1896551724137931 0
0.35 0.2068965517241379 0
0.35 0.2241379310344828 0
0.35 0.2413793103448276 0
0.35 0.2586206896551724 0
0.35 0.2758620689655172 0
0.35 0.293103448275862 0
0.35 0.3103448275862069 0
0.35 0.3275862068965517 0
0.35 0.3448275862068966 0
0.35 0.3620689655172414 0
0.35 0.3793103448275862 0
0.35 0.396551724137931 0
0.35 0.4137931034482759 0
0.35 0.4310344827586207 0
0.35 0.4482758620689655 0
0.35 0.4655172413793103 0
0.35 0.4827586206896551 0
1 10 0 28
287
288
289
290
291
292
293
294
295
296
297
298
299
300
301
302
303
304
305
306
307
308
309
310
311
312
313
314
0.7 0.01724137931034483 0
0.7 0.03448275862068965 0
0.7 0.05172413793103448 0
0.7 0.06896551724137931 0
0.7 0.08620689655172414 0
0.7 0.103448275862069 0
0.7 0.1206896551724138 0
0.7 0.1379310344827586 0
0.7 0.1551724137931035 0
0.7 0.1724137931034483 0
0.7 0.1896551724137931 0
0.7 0.2068965517241379 0
0.7 0.2241379310344828 0
0.7 0.2413793103448276 0
0.7 0.2586206896551724 0
0.7 0.2758620689655172 0
0.7 0.293103448275862 0
0.7 0.3103448275862069 0
0.7 0.3275862068965517 0
0.7 0.3448275862068966 0
0.7 0.3620689655172414 0
0.7 0.3793103448275862 0
0.7 0.396551724137931 0
0.7 0.4137931034482759 0
0.7 0.4310344827586207 0
0.7 0.4482758620689655 0
0.7 0.4655172413793103 0
0.7 0.4827586206896551 0
1 13 0 28
315
316
317
318
319
320
321
322
323
324
325
326
327
328
329
330
331
332
333
334
335
336
337
338
339
340
341
342
0 0.4827586206896552 0.01
0 0.4655172413793103 0.01
0 0.4482758620689655 0.01
0 0.4310344827586207 0.01
0 0.4137931034482759 0.01
0 0.396551724137931 0.01
0 0.3793103448275862 0.01
0 0.3620689655172414 0.01
0 0.3448275862068966 0.01
0 0.3275862068965517 0.01
0 0.3103448275862069 0.01
0 0.2931034482758621 0.01
0 0.2758620689655172 0.01
0 0.2586206896551724 0.01
0 0.2413793103448276 0.01
0 0.2241379310344828 0.01
0 0.206896551724138 0.01
0 0.1896551724137931 0.01
0 0.1724137931034483 0.01
0 0.1551724137931034 0.01
0 0.1379310344827586 0.01
0 0.1206896551724138 0.01
0 0.103448275862069 0.01
0 0.08620689655172414 0.01
0 0.06896551724137934 0.01
0 0.05172413793103448 0.01
0 0.03448275862068967 0.01
0 0.01724137931034486 0.01
1 16 0 28
343
344
345
346
347
348
349
350
351
352
353
354
355
356
357
358
359
360
361
362
363
364
365
366
367
368
369
370
0.35 0.01724137931034483 0.01
0.35 0.03448275862068965 0.01
0.35 0.05172413793103448 0.01
0.35 0.06896551724137931 0.01
0.35 0.08620689655172414 0.01
0.35 0.103448275862069 0.01
0.35 0.1206896551724138 0.01
0.35 0.1379310344827586 0.01
0.35 0.1551724137931035 0.01
0.35 0.1724137931034483 0.01
0.35 0.1896551724137931 0.01
0.35 0.2068965517241379 0.01
0.35 0.2241379310344828 0.01
0.35 0.2413793103448276 0.01
0.35 0.2586206896551724 0.01
0.35 0.2758620689655172 0.01
0.35 0.293103448275862 0.01
0.35 0.3103448275862069 0.01
0.35 0.3275862068965517 0.01
0.35 0.3448275862068966 0.01
0.35 0.3620689655172414 0.01
0.35 0.3793103448275862 0.01
0.35 0.396551724137931 0.01
0.35 0.4137931034482759 0.01
0.35 0.4310344827586207 0.01
0.35 0.4482758620689655 0.01
0.35 0.4655172413793103 0.01
0.35 0.4827586206896551 0.01
1 19 0 28
371
372
373
374
375
376
377
378
379
380
381
382
383
384
385
386
387
388
389
390
391
392
393
394
395
396
397
398
0.7 0.01724137931034483 0.01
0.7 0.03448275862068965 0.01
0.7 0.05172413793103448 0.01
0.7 0.06896551724137931 0.01
0.7 0.08620689655172414 0.01
0.7 0.103448275862069 0.01
0.7 0.1206896551724138 0.01
0.7 0.1379310344827586 0.01
0.7 0.1551724137931035 0.01
0.7 0.1724137931034483 0.01
0.7 0.1896551724137931 0.01
0.7 0.2068965517241379 0.01
0.7 0.2241379310344828 0.01
0.7 0.2413793103448276 0.01
0.7 0.2586206896551724 0.01
0.7 0.2758620689655172 0.01
0.7 0.293103448275862 0.01
0.7 0.3103448275862069 0.01
0.7 0.3275862068965517 0.01
0.7 0.3448275862068966 0.01
0.7 0.3620689655172414 0.01
0.7 0.3793103448275862 0.01
0.7 0.396551724137931 0.01
0.7 0.4137931034482759 0.01
0.7 0.4310344827586207 0.01
0.7 0.4482758620689655 0.01
0.7 0.4655172413793103 0.01
0.7 0.4827586206896551 0.01
2 1 0 924
399
400
401
402
403
404
405
406
407
408
409
410
411
412
413
414
415
416
417
418
419
420
421
422
423
424
425
426
427
428
429
430
431
432
433
434
435
436
437
438
439
440
441
442
443
444
445
446
447
448
449
450
451
452
453
454
455
456
457
458
459
460
461
462
463
464
465
466
467
468
469
470
471
472
473
474
475
476
477
478
479
480
481
482
483
484
485
486
487
488
489
490
491
492
493
494
495
496
497
498
499
500
501
502
503
504
505
506
507
508
509
510
511
512
513
514
515
516
517
518
519
520
521
522
523
524
525
526
527
528
529
530
531
532
533
534
535
536
537
538
539
540
541
542
543
544
545
546
547
548
549
550
551
552
553
554
555
556
557
558
559
560
561
562
563
564
565
566
567
568
569
570
571
572
573
574
575
576
577
578
579
580
581
582
583
584
585
586
587
588
589
590
591
592
593
594
595
596
597
598
599
600
601
602
603
604
605
606
607
608
609
610
611
612
613
614
615
616
617
618
619
620
621
622
623
624
625
626
627
628
629
630
631
632
633
634
635
636
637
638
639
640
641
642
643
644
645
646
647
648
649
650
651
652
653
654
655
656
657
658
659
660
661
662
663
664
665
666
667
668
669
670
671
672
673
674
675
676
677
678
679
680
681
682
683
684
685
686
687
688
689
690
691
692
693
694
695
696
697
698
699
700
701
702
703
704
705
706
707
708
709
710
711
712
713
714
715
716
717
718
719
720
721
722
723
724
725
726
727
728
729
730
731
732
733
734
735
736
737
738
739
740
741
742
743
744
745
746
747
748
749
750
751
752
753
754
755
756
757
758
759
760
761
762
763
764
765
766
767
768
769
770
771
772
773
774
775
776
777
778
779
780
781
782
783
784
785
786
787
788
789
790
791
792
793
794
795
796
797
798
799
800
801
802
803
804
805
806
807
808
809
810
811
812
813
814
815
816
817
818
819
820
821
822
823
824
825
826
827
828
829
830
831
832
833
834
835
836
837
838
839
840
841
842
843
844
845
846
847
848
849
850
851
852
853
854
855
856
857
858
859
860
861
862
863
864
865
866
867
868
869
870
871
872
873
874
875
876
877
878
879
880
881
882
883
884
885
886
887
888
889
890
891
892
893
894
895
896
897
898
899
900
901
902
903
904
905
906
907
908
909
910
911
912
913
914
915
916
917
918
919
920
921
922
923
924
925
926
927
928
929
930
931
932
933
934
935
936
937
938
939
940
941
942
943
944
945
946
947
948
949
950
951
952
953
954
955
956
957
958
959
960
961
962
963
964
965
966
967
968
969
970
971
972
973
974
975
976
977
978
979
980
981
982
983
984
985
986
987
988
989
990
991
992
993
994
995
996
997
998
999
1000
1001
1002
1003
1004
1005
1006
1007
1008
1009
1010
1011
1012
1013
1014
1015
1016
1017
1018
1019
1020
1021
1022
1023
1024
1025
1026
1027
1028
1029
1030
1031
1032
1033
1034
1035
1036
1037
1038
1039
1040
1041
1042
1043
1044
1045
1046
1047
1048
1049
1050
1051
1052
1053
1054
1055
1056
1057
1058
1059
1060
1061
1062
1063
1064
1065
1066
1067
1068
1069
1070
1071
1072
1073
1074
1075
1076
1077
1078
1079
1080
1081
1082
1083
1084
1085
1086
1087
1088
1089
1090
1091
1092
1093
1094
1095
1096
1097
1098
1099
1100
1101
1102
1103
1104
1105
1106
1107
1108
1109
1110
1111
1112
1113
1114
1115
1116
1117
1118
1119
1120
1121
1122
1123
1124
1125
1126
1127
1128
1129
1130
1131
1132
1133
1134
1135
1136
1137
1138
1139
1140
1141
1142
1143
1144
1145
1146
1147
1148
1149
1150
1151
1152
1153
1154
1155
1156
1157
1158
1159
1160
1161
1162
1163
1164
1165
1166
1167
1168
1169
1170
1171
1172
1173
1174
1175
1176
1177
1178
1179
1180
1181
1182
1183
1184
1185
1186
1187
1188
1189
1190
1191
1192
1193
1194
1195
1196
1197
1198
1199
1200
1201
1202
1203
1204
1205
1206
1207
1208
1209
1210
1211
1212
1213
1214
1215
1216
1217
1218
1219
1220
1221
1222
1223
1224
1225
1226
1227
1228
1229
1230
1231
1232
1233
1234
1235
1236
1237
1238
1239
1240
1241
1242
1243
1244
1245
1246
1247
1248
1249
1250
1251
1252
1253
1254
1255
1256
1257
1258
1259
1260
1261
1262
1263
1264
1265
1266
1267
1268
1269
1270
1271
1272
1273
1274
1275
1276
1277
1278
1279
1280
1281
1282
1283
1284
1285
1286
1287
1288
1289
1290
1291
1292
1293
1294
1295
1296
1297
1298
1299
1300
1301
1302
1303
1304
1305
1306
1307
1308
1309
1310
1311
1312
1313
1314
1315
1316
1317
1318
1319
1320
1321
1322
0.3397058823529412 0.4827586206896551 0
0.3397058823529412 0.4655172413793103 0
0.3397058823529412 0.4482758620689655 0
0.3397058823529412 0.4310344827586207 0
0.3397058823529411 0.4137931034482759 0
0.3397058823529412 0.396551724137931 0
0.3397058823529411 0.3793103448275862 0
0.3397058823529411 0.3620689655172413 0
0.3397058823529411 0.3448275862068966 0
0.3397058823529412 0.3275862068965517 0
0.3397058823529411 0.3103448275862069 0
0.3397058823529412 0.293103448275862 0
0.3397058823529412 0.2758620689655172 0
0.3397058823529411 0.2586206896551724 0
0.3397058823529411 0.2413793103448276 0
0.3397058823529412 0.2241379310344828 0
0.3397058823529411 0.2068965517241379 0
0.3397058823529411 0.1896551724137931 0
0.3397058823529411 0.1724137931034483 0
0.3397058823529411 0.1551724137931035 0
0.3397058823529411 0.1379310344827586 0
0.3397058823529411 0.1206896551724138 0
0.3397058823529412 0.1034482758620689 0
0.3397058823529411 0.08620689655172414 0
0.3397058823529412 0.06896551724137934 0
0.3397058823529412 0.05172413793103445 0
0.3397058823529411 0.03448275862068964 0
0.3397058823529411 0.01724137931034486 0
0.3294117647058824 0.4827586206896551 0
0.3294117647058823 0.4655172413793103 0
0.3294117647058823 0.4482758620689655 0
0.3294117647058823 0.4310344827586207 0
0.3294117647058824 0.4137931034482759 0
0.3294117647058823 0.396551724137931 0
0.3294117647058823 0.3793103448275862 0
0.3294117647058824 0.3620689655172414 0
0.3294117647058823 0.3448275862068966 0
0.3294117647058823 0.3275862068965517 0
0.3294117647058823 0.3103448275862069 0
0.3294117647058823 0.293103448275862 0
0.3294117647058823 0.2758620689655172 0
0.3294117647058823 0.2586206896551724 0
0.3294117647058823 0.2413793103448276 0
0.3294117647058823 0.2241379310344828 0
0.3294117647058823 0.206896551724138 0
0.3294117647058823 0.1896551724137931 0
0.3294117647058823 0.1724137931034483 0
0.3294117647058823 0.1551724137931034 0
0.3294117647058823 0.1379310344827586 0
0.3294117647058823 0.1206896551724138 0
0.3294117647058823 0.103448275862069 0
0.3294117647058823 0.08620689655172414 0
0.3294117647058822 0.06896551724137936 0
0.3294117647058823 0.05172413793103448 0
0.3294117647058822 0.03448275862068967 0
0.3294117647058823 0.01724137931034486 0
0.3191176470588235 0.4827586206896551 0
0.3191176470588235 0.4655172413793103 0
0.3191176470588235 0.4482758620689655 0
0.3191176470588235 0.4310344827586207 0
0.3191176470588234 0.4137931034482759 0
0.3191176470588235 0.396551724137931 0
0.3191176470588235 0.3793103448275862 0
0.3191176470588235 0.3620689655172414 0
0.3191176470588235 0.3448275862068966 0
0.3191176470588235 0.3275862068965517 0
0.3191176470588235 0.3103448275862069 0
0.3191176470588234 0.293103448275862 0
0.3191176470588235 0.2758620689655172 0
0.3191176470588235 0.2586206896551724 0
0.3191176470588235 0.2413793103448276 0
0.3191176470588235 0.2241379310344828 0
0.3191176470588235 0.2068965517241379 0
0.3191176470588235 0.1896551724137931 0
0.3191176470588235 0.1724137931034483 0
0.3191176470588234 0.1551724137931034 0
0.3191176470588235 0.1379310344827586 0
0.3191176470588234 0.1206896551724138 0
0.3191176470588234 0.103448275862069 0
0.3191176470588234 0.08620689655172417 0
0.3191176470588235 0.06896551724137928 0
0.3191176470588235 0.05172413793103448 0
0.3191176470588234 0.03448275862068967 0
0.3191176470588234 0.01724137931034486 0
0.3088235294117647 0.4827586206896552 0
0.3088235294117647 0.4655172413793103 0
0.3088235294117647 0.4482758620689655 0
0.3088235294117647 0.4310344827586207 0
0.3088235294117646 0.4137931034482759 0
0.3088235294117646 0.396551724137931 0
0.3088235294117647 0.3793103448275862 0
0.3088235294117647 0.3620689655172414 0
0.3088235294117647 0.3448275862068966 0
0.3088235294117646 0.3275862068965517 0
0.3088235294117646 0.3103448275862069 0
0.3088235294117646 0.293103448275862 0
0.3088235294117646 0.2758620689655172 0
0.3088235294117646 0.2586206896551724 0
0.3088235294117646 0.2413793103448276 0
0.3088235294117646 0.2241379310344828 0
0.3088235294117646 0.206896551724138 0
0.3088235294117646 0.1896551724137931 0
0.3088235294117646 0.1724137931034483 0
0.3088235294117646 0.1551724137931034 0
0.3088235294117646 0.1379310344827586 0
0.3088235294117646 0.1206896551724138 0
0.3088235294117646 0.103448275862069 0
0.3088235294117646 0.08620689655172414 0
0.3088235294117646 0.06896551724137934 0
0.3088235294117646 0.05172413793103448 0
0.3088235294117646 0.0344827586206897 0
0.3088235294117646 0.01724137931034481 0
0.2985294117647059 0.4827586206896551 0
0.2985294117647059 0.4655172413793103 0
0.2985294117647059 0.4482758620689655 0
0.2985294117647059 0.4310344827586207 0
0.2985294117647059 0.4137931034482759 0
0.2985294117647059 0.396551724137931 0
0.2985294117647059 0.3793103448275862 0
0.2985294117647058 0.3620689655172414 0
0.2985294117647059 0.3448275862068966 0
0.2985294117647058 0.3275862068965517 0
0.2985294117647059 0.3103448275862069 0
0.2985294117647059 0.293103448275862 0
0.2985294117647058 0.2758620689655172 0
0.2985294117647058 0.2586206896551724 0
0.2985294117647058 0.2413793103448276 0
0.2985294117647058 0.2241379310344828 0
0.2985294117647058 0.2068965517241379 0
0.2985294117647058 0.1896551724137931 0
0.2985294117647058 0.1724137931034483 0
0.2985294117647058 0.1551724137931035 0
0.2985294117647058 0.1379310344827586 0
0.2985294117647058 0.1206896551724138 0
0.2985294117647058 0.103448275862069 0
0.2985294117647058 0.08620689655172414 0
0.2985294117647058 0.06896551724137934 0
0.2985294117647058 0.05172413793103448 0
0.2985294117647058 0.03448275862068967 0
0.2985294117647058 0.01724137931034486 0
0.288235294117647 0.4827586206896551 0
0.288235294117647 0.4655172413793103 0
0.288235294117647 0.4482758620689655 0
0.288235294117647 0.4310344827586207 0
0.288235294117647 0.4137931034482759 0
0.288235294117647 0.396551724137931 0
0.288235294117647 0.3793103448275862 0
0.288235294117647 0.3620689655172414 0
0.2882352941176469 0.3448275862068966 0
0.288235294117647 0.3275862068965517 0
0.2882352941176469 0.3103448275862069 0
0.2882352941176469 0.293103448275862 0
0.2882352941176469 0.2758620689655172 0
0.2882352941176469 0.2586206896551724 0
0.2882352941176469 0.2413793103448276 0
0.2882352941176469 0.2241379310344828 0
0.2882352941176469 0.2068965517241379 0
0.2882352941176469 0.1896551724137931 0
0.2882352941176469 0.1724137931034483 0
0.2882352941176469 0.1551724137931034 0
0.2882352941176469 0.1379310344827586 0
0.2882352941176469 0.1206896551724138 0
0.2882352941176469 0.103448275862069 0
0.2882352941176469 0.08620689655172414 0
0.2882352941176469 0.06896551724137934 0
0.2882352941176469 0.0517241379310345 0
0.2882352941176469 0.03448275862068967 0
0.2882352941176469 0.01724137931034486 0
0.2779411764705882 0.4827586206896551 0
0.2779411764705882 0.4655172413793103 0
0.2779411764705882 0.4482758620689655 0
0.2779411764705882 0.4310344827586207 0
0.2779411764705882 0.4137931034482759 0
0.2779411764705882 0.396551724137931 0
0.2779411764705882 0.3793103448275862 0
0.2779411764705882 0.3620689655172414 0
0.2779411764705882 0.3448275862068966 0
0.2779411764705882 0.3275862068965517 0
0.2779411764705882 0.3103448275862069 0
0.2779411764705881 0.293103448275862 0
0.2779411764705881 0.2758620689655172 0
0.2779411764705881 0.2586206896551724 0
0.2779411764705881 0.2413793103448276 0
0.2779411764705881 0.2241379310344828 0
0.2779411764705881 0.2068965517241379 0
0.2779411764705881 0.1896551724137931 0
0.2779411764705881 0.1724137931034483 0
0.2779411764705881 0.1551724137931035 0
0.2779411764705881 0.1379310344827586 0
0.2779411764705881 0.1206896551724138 0
0.2779411764705881 0.103448275862069 0
0.2779411764705881 0.08620689655172414 0
0.2779411764705881 0.06896551724137934 0
0.277941176470588 0.05172413793103448 0
0.277941176470588 0.03448275862068967 0
0.277941176470588 0.01724137931034486 0
0.2676470588235294 0.4827586206896551 0
0.2676470588235294 0.4655172413793104 0
0.2676470588235294 0.4482758620689655 0
0.2676470588235294 0.4310344827586207 0
0.2676470588235293 0.4137931034482759 0
0.2676470588235294 0.396551724137931 0
0.2676470588235293 0.3793103448275862 0
0.2676470588235293 0.3620689655172414 0
0.2676470588235293 0.3448275862068966 0
0.2676470588235293 0.3275862068965517 0
0.2676470588235293 0.3103448275862069 0
0.2676470588235293 0.293103448275862 0
0.2676470588235293 0.2758620689655172 0
0.2676470588235293 0.2586206896551724 0
0.2676470588235293 0.2413793103448276 0
0.2676470588235293 0.2241379310344828 0
0.2676470588235293 0.2068965517241379 0
0.2676470588235292 0.1896551724137931 0
0.2676470588235292 0.1724137931034483 0
0.2676470588235292 0.1551724137931035 0
0.2676470588235292 0.1379310344827586 0
0.2676470588235292 0.1206896551724138 0
0.2676470588235292 0.1034482758620689 0
0.2676470588235292 0.08620689655172414 0
0.2676470588235292 0.06896551724137931 0
0.2676470588235292 0.05172413793103448 0
0.2676470588235292 0.03448275862068967 0
0.2676470588235291 0.01724137931034486 0
0.2573529411764706 0.4827586206896551 0
0.2573529411764706 0.4655172413793103 0
0.2573529411764706 0.4482758620689655 0
0.2573529411764706 0.4310344827586207 0
0.2573529411764706 0.4137931034482759 0
0.2573529411764706 0.396551724137931 0
0.2573529411764706 0.3793103448275862 0
0.2573529411764706 0.3620689655172414 0
0.2573529411764705 0.3448275862068966 0
0.2573529411764705 0.3275862068965517 0
0.2573529411764705 0.3103448275862069 0
0.2573529411764705 0.293103448275862 0
0.2573529411764705 0.2758620689655172 0
0.2573529411764705 0.2586206896551724 0
0.2573529411764705 0.2413793103448276 0
0.2573529411764705 0.2241379310344828 0
0.2573529411764705 0.2068965517241379 0
0.2573529411764704 0.1896551724137931 0
0.2573529411764704 0.1724137931034483 0
0.2573529411764704 0.1551724137931035 0
0.2573529411764705 0.1379310344827586 0
0.2573529411764704 0.1206896551724138 0
0.2573529411764703 0.103448275862069 0
0.2573529411764703 0.08620689655172414 0
0.2573529411764703 0.06896551724137934 0
0.2573529411764703 0.05172413793103448 0
0.2573529411764703 0.03448275862068967 0
0.2573529411764703 0.01724137931034486 0
0.2470588235294118 0.4827586206896551 0
0.2470588235294118 0.4655172413793104 0
0.2470588235294118 0.4482758620689655 0
0.2470588235294118 0.4310344827586207 0
0.2470588235294117 0.4137931034482759 0
0.2470588235294117 0.396551724137931 0
0.2470588235294117 0.3793103448275862 0
0.2470588235294117 0.3620689655172414 0
0.2470588235294117 0.3448275862068966 0
0.2470588235294117 0.3275862068965517 0
0.2470588235294117 0.3103448275862069 0
0.2470588235294117 0.293103448275862 0
0.2470588235294117 0.2758620689655172 0
0.2470588235294117 0.2586206896551724 0
0.2470588235294117 0.2413793103448276 0
0.2470588235294117 0.2241379310344828 0
0.2470588235294117 0.2068965517241379 0
0.2470588235294116 0.1896551724137931 0
0.2470588235294116 0.1724137931034483 0
0.2470588235294116 0.1551724137931034 0
0.2470588235294116 0.1379310344827586 0
0.2470588235294116 0.1206896551724138 0
0.2470588235294116 0.103448275862069 0
0.2470588235294116 0.08620689655172414 0
0.2470588235294116 0.06896551724137934 0
0.2470588235294116 0.05172413793103448 0
0.2470588235294116 0.03448275862068967 0
0.2470588235294115 0.01724137931034486 0
0.236764705882353 0.4827586206896551 0
0.236764705882353 0.4655172413793104 0
0.236764705882353 0.4482758620689655 0
0.236764705882353 0.4310344827586207 0
0.2367647058823529 0.4137931034482759 0
0.2367647058823529 0.396551724137931 0
0.2367647058823529 0.3793103448275862 0
0.2367647058823529 0.3620689655172414 0
0.2367647058823529 0.3448275862068966 0
0.2367647058823529 0.3275862068965517 0
0.2367647058823529 0.3103448275862069 0
0.2367647058823529 0.293103448275862 0
0.2367647058823529 0.2758620689655172 0
0.2367647058823528 0.2586206896551724 0
0.2367647058823528 0.2413793103448276 0
0.2367647058823528 0.2241379310344828 0
0.2367647058823528 0.2068965517241379 0
0.2367647058823528 0.1896551724137931 0
0.2367647058823528 0.1724137931034483 0
0.2367647058823528 0.1551724137931034 0
0.2367647058823528 0.1379310344827586 0
0.2367647058823528 0.1206896551724138 0
0.2367647058823528 0.103448275862069 0
0.2367647058823527 0.08620689655172414 0
0.2367647058823527 0.06896551724137934 0
0.2367647058823527 0.05172413793103448 0
0.2367647058823527 0.03448275862068967 0
0.2367647058823527 0.01724137931034486 0
0.2264705882352942 0.4827586206896551 0
0.2264705882352942 0.4655172413793103 0
0.2264705882352942 0.4482758620689655 0
0.2264705882352941 0.4310344827586207 0
0.2264705882352941 0.4137931034482759 0
0.2264705882352941 0.396551724137931 0
0.2264705882352941 0.3793103448275862 0
0.2264705882352941 0.3620689655172414 0
0.2264705882352941 0.3448275862068966 0
0.2264705882352941 0.3275862068965517 0
0.2264705882352941 0.3103448275862069 0
0.2264705882352941 0.293103448275862 0
0.2264705882352941 0.2758620689655172 0
0.226470588235294 0.2586206896551725 0
0.226470588235294 0.2413793103448276 0
0.226470588235294 0.2241379310344828 0
0.226470588235294 0.206896551724138 0
0.226470588235294 0.1896551724137931 0
0.226470588235294 0.1724137931034483 0
0.226470588235294 0.1551724137931035 0
0.226470588235294 0.1379310344827586 0
0.226470588235294 0.1206896551724138 0
0.226470588235294 0.103448275862069 0
0.2264705882352939 0.08620689655172414 0
0.2264705882352939 0.06896551724137934 0
0.2264705882352939 0.05172413793103448 0
0.2264705882352939 0.03448275862068967 0
0.2264705882352939 0.01724137931034486 0
0.2161764705882354 0.4827586206896551 0
0.2161764705882354 0.4655172413793104 0
0.2161764705882354 0.4482758620689655 0
0.2161764705882354 0.4310344827586207 0
0.2161764705882354 0.4137931034482759 0
0.2161764705882353 0.396551724137931 0
0.2161764705882353 0.3793103448275862 0
0.2161764705882353 0.3620689655172414 0
0.2161764705882353 0.3448275862068966 0
0.2161764705882353 0.3275862068965517 0
0.2161764705882353 0.3103448275862069 0
0.2161764705882352 0.293103448275862 0
0.2161764705882352 0.2758620689655172 0
0.2161764705882352 0.2586206896551724 0
0.2161764705882352 0.2413793103448276 0
0.2161764705882352 0.2241379310344828 0
0.2161764705882352 0.2068965517241379 0
0.2161764705882352 0.1896551724137931 0
0.2161764705882352 0.1724137931034483 0
0.2161764705882352 0.1551724137931035 0
0.2161764705882351 0.1379310344827586 0
0.2161764705882351 0.1206896551724138 0
0.2161764705882351 0.103448275862069 0
0.2161764705882351 0.08620689655172414 0
0.2161764705882351 0.06896551724137934 0
0.2161764705882351 0.05172413793103448 0
0.2161764705882351 0.03448275862068967 0
0.2161764705882351 0.01724137931034486 0
0.2058823529411766 0.4827586206896551 0
0.2058823529411766 0.4655172413793103 0
0.2058823529411765 0.4482758620689655 0
0.2058823529411765 0.4310344827586207 0
0.2058823529411765 0.4137931034482759 0
0.2058823529411765 0.396551724137931 0
0.2058823529411765 0.3793103448275862 0
0.2058823529411765 0.3620689655172414 0
0.2058823529411765 0.3448275862068966 0
0.2058823529411765 0.3275862068965517 0
0.2058823529411764 0.3103448275862069 0
0.2058823529411764 0.293103448275862 0
0.2058823529411764 0.2758620689655172 0
0.2058823529411764 0.2586206896551724 0
0.2058823529411764 0.2413793103448276 0
0.2058823529411763 0.2241379310344828 0
0.2058823529411763 0.206896551724138 0
0.2058823529411763 0.1896551724137931 0
0.2058823529411763 0.1724137931034483 0
0.2058823529411763 0.1551724137931034 0
0.2058823529411763 0.1379310344827586 0
0.2058823529411763 0.1206896551724138 0
0.2058823529411762 0.103448275862069 0
0.2058823529411762 0.08620689655172414 0
0.2058823529411762 0.06896551724137934 0
0.2058823529411762 0.05172413793103448 0
0.2058823529411762 0.03448275862068967 0
0.2058823529411762 0.01724137931034486 0
0.1955882352941178 0.4827586206896551 0
0.1955882352941178 0.4655172413793103 0
0.1955882352941178 0.4482758620689655 0
0.1955882352941178 0.4310344827586207 0
0.1955882352941177 0.4137931034482759 0
0.1955882352941177 0.396551724137931 0
0.1955882352941177 0.3793103448275862 0
0.1955882352941177 0.3620689655172414 0
0.1955882352941177 0.3448275862068966 0
0.1955882352941176 0.3275862068965517 0
0.1955882352941176 0.3103448275862069 0
0.1955882352941176 0.293103448275862 0
0.1955882352941176 0.2758620689655172 0
0.1955882352941176 0.2586206896551724 0
0.1955882352941176 0.2413793103448276 0
0.1955882352941176 0.2241379310344828 0
0.1955882352941175 0.206896551724138 0
0.1955882352941175 0.1896551724137931 0
0.1955882352941175 0.1724137931034483 0
0.1955882352941175 0.1551724137931034 0
0.1955882352941175 0.1379310344827586 0
0.1955882352941175 0.1206896551724138 0
0.1955882352941175 0.103448275862069 0
0.1955882352941174 0.08620689655172414 0
0.1955882352941174 0.06896551724137934 0
0.1955882352941174 0.05172413793103448 0
0.1955882352941174 0.03448275862068967 0
0.1955882352941174 0.01724137931034486 0
0.185294117647059 0.4827586206896551 0
0.185294117647059 0.4655172413793103 0
0.1852941176470589 0.4482758620689655 0
0.1852941176470589 0.4310344827586207 0
0.1852941176470589 0.4137931034482759 0
0.1852941176470589 0.396551724137931 0
0.1852941176470589 0.3793103448275862 0
0.1852941176470589 0.3620689655172414 0
0.1852941176470589 0.3448275862068966 0
0.1852941176470589 0.3275862068965517 0
0.1852941176470588 0.3103448275862069 0
0.1852941176470588 0.293103448275862 0
0.1852941176470588 0.2758620689655172 0
0.1852941176470588 0.2586206896551724 0
0.1852941176470588 0.2413793103448276 0
0.1852941176470588 0.2241379310344828 0
0.1852941176470588 0.206896551724138 0
0.1852941176470587 0.1896551724137931 0
0.1852941176470587 0.1724137931034483 0
0.1852941176470587 0.1551724137931034 0
0.1852941176470587 0.1379310344827586 0
0.1852941176470587 0.1206896551724138 0
0.1852941176470587 0.103448275862069 0
0.1852941176470587 0.08620689655172414 0
0.1852941176470587 0.06896551724137934 0
0.1852941176470587 0.05172413793103448 0
0.1852941176470586 0.03448275862068967 0
0.1852941176470586 0.01724137931034486 0
0.1750000000000002 0.4827586206896551 0
0.1750000000000002 0.4655172413793103 0
0.1750000000000002 0.4482758620689655 0
0.1750000000000001 0.4310344827586207 0
0.1750000000000001 0.4137931034482759 0
0.1750000000000001 0.396551724137931 0
0.1750000000000001 0.3793103448275862 0
0.1750000000000001 0.3620689655172414 0
0.1750000000000001 0.3448275862068966 0
0.175 0.3275862068965517 0
0.175 0.3103448275862069 0
0.175 0.293103448275862 0
0.175 0.2758620689655172 0
0.175 0.2586206896551724 0
0.175 0.2413793103448276 0
0.175 0.2241379310344828 0
0.175 0.206896551724138 0
0.1749999999999999 0.1896551724137931 0
0.1749999999999999 0.1724137931034483 0
0.1749999999999999 0.1551724137931034 0
0.1749999999999999 0.1379310344827586 0
0.1749999999999999 0.1206896551724138 0
0.1749999999999999 0.103448275862069 0
0.1749999999999999 0.08620689655172414 0
0.1749999999999999 0.06896551724137934 0
0.1749999999999998 0.05172413793103448 0
0.1749999999999998 0.03448275862068967 0
0.1749999999999998 0.01724137931034486 0
0.1647058823529414 0.4827586206896551 0
0.1647058823529413 0.4655172413793103 0
0.1647058823529413 0.4482758620689655 0
0.1647058823529413 0.4310344827586207 0
0.1647058823529413 0.4137931034482759 0
0.1647058823529413 0.396551724137931 0
0.1647058823529413 0.3793103448275862 0
0.1647058823529413 0.3620689655172414 0
0.1647058823529413 0.3448275862068966 0
0.1647058823529413 0.3275862068965517 0
0.1647058823529412 0.3103448275862069 0
0.1647058823529412 0.293103448275862 0
0.1647058823529412 0.2758620689655172 0
0.1647058823529412 0.2586206896551724 0
0.1647058823529412 0.2413793103448276 0
0.1647058823529411 0.2241379310344828 0
0.1647058823529411 0.206896551724138 0
0.1647058823529411 0.1896551724137931 0
0.1647058823529411 0.1724137931034483 0
0.1647058823529411 0.1551724137931034 0
0.1647058823529411 0.1379310344827586 0
0.1647058823529411 0.1206896551724138 0
0.1647058823529411 0.103448275862069 0
0.1647058823529411 0.08620689655172414 0
0.164705882352941 0.06896551724137934 0
0.164705882352941 0.05172413793103448 0
0.164705882352941 0.03448275862068967 0
0.164705882352941 0.01724137931034486 0
0.1544117647058826 0.4827586206896551 0
0.1544117647058826 0.4655172413793103 0
0.1544117647058826 0.4482758620689655 0
0.1544117647058826 0.4310344827586207 0
0.1544117647058825 0.4137931034482759 0
0.1544117647058825 0.396551724137931 0
0.1544117647058825 0.3793103448275862 0
0.1544117647058825 0.3620689655172414 0
0.1544117647058825 0.3448275862068966 0
0.1544117647058825 0.3275862068965517 0
0.1544117647058824 0.3103448275862069 0
0.1544117647058824 0.293103448275862 0
0.1544117647058824 0.2758620689655172 0
0.1544117647058824 0.2586206896551724 0
0.1544117647058824 0.2413793103448276 0
0.1544117647058824 0.2241379310344828 0
0.1544117647058824 0.206896551724138 0
0.1544117647058823 0.1896551724137931 0
0.1544117647058823 0.1724137931034483 0
0.1544117647058823 0.1551724137931034 0
0.1544117647058823 0.1379310344827586 0
0.1544117647058823 0.1206896551724138 0
0.1544117647058823 0.103448275862069 0
0.1544117647058822 0.08620689655172414 0
0.1544117647058822 0.06896551724137934 0
0.1544117647058822 0.05172413793103448 0
0.1544117647058822 0.03448275862068967 0
0.1544117647058822 0.01724137931034486 0
0.1441176470588238 0.4827586206896551 0
0.1441176470588238 0.4655172413793104 0
0.1441176470588238 0.4482758620689655 0
0.1441176470588237 0.4310344827586207 0
0.1441176470588237 0.4137931034482759 0
0.1441176470588237 0.396551724137931 0
0.1441176470588237 0.3793103448275862 0
0.1441176470588237 0.3620689655172414 0
0.1441176470588237 0.3448275862068966 0
0.1441176470588237 0.3275862068965517 0
0.1441176470588236 0.3103448275862069 0
0.1441176470588236 0.293103448275862 0
0.1441176470588236 0.2758620689655172 0
0.1441176470588236 0.2586206896551724 0
0.1441176470588236 0.2413793103448276 0
0.1441176470588236 0.2241379310344828 0
0.1441176470588235 0.206896551724138 0
0.1441176470588235 0.1896551724137931 0
0.1441176470588235 0.1724137931034483 0
0.1441176470588235 0.1551724137931034 0
0.1441176470588235 0.1379310344827586 0
0.1441176470588235 0.1206896551724138 0
0.1441176470588235 0.103448275862069 0
0.1441176470588235 0.08620689655172414 0
0.1441176470588234 0.06896551724137934 0
0.1441176470588234 0.05172413793103448 0
0.1441176470588234 0.03448275862068967 0
0.1441176470588234 0.01724137931034486 0
0.1338235294117649 0.4827586206896551 0
0.1338235294117649 0.4655172413793103 0
0.1338235294117649 0.4482758620689655 0
0.1338235294117648 0.4310344827586207 0
0.1338235294117648 0.4137931034482759 0
0.1338235294117648 0.396551724137931 0
0.1338235294117648 0.3793103448275862 0
0.1338235294117648 0.3620689655172414 0
0.1338235294117648 0.3448275862068966 0
0.1338235294117648 0.3275862068965517 0
0.1338235294117648 0.3103448275862069 0
0.1338235294117648 0.293103448275862 0
0.1338235294117648 0.2758620689655172 0
0.1338235294117647 0.2586206896551724 0
0.1338235294117647 0.2413793103448276 0
0.1338235294117647 0.2241379310344828 0
0.1338235294117647 0.2068965517241379 0
0.1338235294117647 0.1896551724137931 0
0.1338235294117647 0.1724137931034483 0
0.1338235294117647 0.1551724137931034 0
0.1338235294117647 0.1379310344827586 0
0.1338235294117646 0.1206896551724138 0
0.1338235294117646 0.103448275862069 0
0.1338235294117646 0.08620689655172414 0
0.1338235294117646 0.06896551724137934 0
0.1338235294117646 0.05172413793103448 0
0.1338235294117646 0.03448275862068967 0
0.1338235294117646 0.01724137931034486 0
0.1235294117647061 0.4827586206896551 0
0.1235294117647061 0.4655172413793103 0
0.1235294117647061 0.4482758620689655 0
0.1235294117647061 0.4310344827586207 0
0.1235294117647061 0.4137931034482759 0
0.123529411764706 0.396551724137931 0
0.123529411764706 0.3793103448275862 0
0.123529411764706 0.3620689655172414 0
0.123529411764706 0.3448275862068966 0
0.123529411764706 0.3275862068965517 0
0.123529411764706 0.3103448275862069 0
0.123529411764706 0.2931034482758621 0
0.123529411764706 0.2758620689655172 0
0.123529411764706 0.2586206896551724 0
0.1235294117647059 0.2413793103448276 0
0.1235294117647059 0.2241379310344828 0
0.1235294117647059 0.206896551724138 0
0.1235294117647059 0.1896551724137931 0
0.1235294117647059 0.1724137931034483 0
0.1235294117647059 0.1551724137931034 0
0.1235294117647059 0.1379310344827586 0
0.1235294117647059 0.1206896551724138 0
0.1235294117647059 0.103448275862069 0
0.1235294117647058 0.08620689655172414 0
0.1235294117647058 0.06896551724137934 0
0.1235294117647058 0.05172413793103448 0
0.1235294117647058 0.03448275862068967 0
0.1235294117647058 0.01724137931034486 0
0.1132352941176473 0.4827586206896551 0
0.1132352941176473 0.4655172413793104 0
0.1132352941176473 0.4482758620689655 0
0.1132352941176473 0.4310344827586207 0
0.1132352941176472 0.4137931034482759 0
0.1132352941176472 0.396551724137931 0
0.1132352941176472 0.3793103448275862 0
0.1132352941176472 0.3620689655172414 0
0.1132352941176472 0.3448275862068966 0
0.1132352941176472 0.3275862068965517 0
0.1132352941176472 0.3103448275862069 0
0.1132352941176472 0.293103448275862 0
0.1132352941176472 0.2758620689655172 0
0.1132352941176471 0.2586206896551724 0
0.1132352941176471 0.2413793103448276 0
0.1132352941176471 0.2241379310344828 0
0.1132352941176471 0.206896551724138 0
0.1132352941176471 0.1896551724137931 0
0.1132352941176471 0.1724137931034483 0
0.1132352941176471 0.1551724137931034 0
0.113235294117647 0.1379310344827586 0
0.113235294117647 0.1206896551724138 0
0.113235294117647 0.103448275862069 0
0.113235294117647 0.08620689655172414 0
0.113235294117647 0.06896551724137934 0
0.113235294117647 0.05172413793103448 0
0.113235294117647 0.03448275862068967 0
0.113235294117647 0.01724137931034486 0
0.1029411764705885 0.4827586206896551 0
0.1029411764705885 0.4655172413793103 0
0.1029411764705885 0.4482758620689655 0
0.1029411764705884 0.4310344827586207 0
0.1029411764705884 0.4137931034482759 0
0.1029411764705884 0.396551724137931 0
0.1029411764705884 0.3793103448275862 0
0.1029411764705884 0.3620689655172414 0
0.1029411764705884 0.3448275862068966 0
0.1029411764705883 0.3275862068965517 0
0.1029411764705884 0.3103448275862069 0
0.1029411764705884 0.2931034482758621 0
0.1029411764705883 0.2758620689655172 0
0.1029411764705883 0.2586206896551724 0
0.1029411764705883 0.2413793103448276 0
0.1029411764705883 0.2241379310344828 0
0.1029411764705883 0.206896551724138 0
0.1029411764705883 0.1896551724137931 0
0.1029411764705883 0.1724137931034483 0
0.1029411764705882 0.1551724137931034 0
0.1029411764705883 0.1379310344827586 0
0.1029411764705883 0.1206896551724138 0
0.1029411764705882 0.103448275862069 0
0.1029411764705882 0.08620689655172414 0
0.1029411764705882 0.06896551724137934 0
0.1029411764705882 0.05172413793103448 0
0.1029411764705882 0.03448275862068967 0
0.1029411764705882 0.01724137931034486 0
0.09264705882352964 0.4827586206896551 0
0.09264705882352965 0.4655172413793103 0
0.09264705882352962 0.4482758620689655 0
0.09264705882352962 0.4310344827586207 0
0.0926470588235296 0.4137931034482758 0
0.09264705882352961 0.396551724137931 0
0.09264705882352958 0.3793103448275862 0
0.09264705882352958 0.3620689655172414 0
0.09264705882352957 0.3448275862068966 0
0.09264705882352957 0.3275862068965517 0
0.09264705882352958 0.3103448275862069 0
0.09264705882352957 0.2931034482758621 0
0.09264705882352954 0.2758620689655172 0
0.09264705882352951 0.2586206896551724 0
0.0926470588235295 0.2413793103448276 0
0.09264705882352947 0.2241379310344828 0
0.09264705882352949 0.206896551724138 0
0.09264705882352946 0.1896551724137931 0
0.09264705882352946 0.1724137931034483 0
0.09264705882352947 0.1551724137931034 0
0.09264705882352944 0.1379310344827586 0
0.09264705882352943 0.1206896551724138 0
0.09264705882352942 0.103448275862069 0
0.09264705882352942 0.08620689655172414 0
0.09264705882352939 0.06896551724137934 0
0.09264705882352937 0.05172413793103448 0
0.09264705882352936 0.03448275862068967 0
0.09264705882352933 0.01724137931034486 0
0.08235294117647081 0.4827586206896551 0
0.0823529411764708 0.4655172413793103 0
0.0823529411764708 0.4482758620689655 0
0.08235294117647075 0.4310344827586207 0
0.08235294117647075 0.4137931034482759 0
0.08235294117647071 0.396551724137931 0
0.08235294117647071 0.3793103448275862 0
0.08235294117647073 0.3620689655172414 0
0.08235294117647073 0.3448275862068966 0
0.08235294117647071 0.3275862068965517 0
0.08235294117647071 0.3103448275862069 0
0.0823529411764707 0.2931034482758621 0
0.08235294117647068 0.2758620689655172 0
0.08235294117647068 0.2586206896551724 0
0.08235294117647067 0.2413793103448276 0
0.08235294117647066 0.2241379310344828 0
0.08235294117647064 0.206896551724138 0
0.08235294117647064 0.1896551724137931 0
0.08235294117647063 0.1724137931034483 0
0.08235294117647063 0.1551724137931034 0
0.08235294117647061 0.1379310344827586 0
0.0823529411764706 0.1206896551724138 0
0.08235294117647057 0.103448275862069 0
0.0823529411764706 0.08620689655172414 0
0.08235294117647059 0.06896551724137934 0
0.08235294117647057 0.05172413793103448 0
0.08235294117647057 0.03448275862068967 0
0.08235294117647056 0.01724137931034486 0
0.07205882352941193 0.4827586206896552 0
0.07205882352941195 0.4655172413793103 0
0.07205882352941193 0.4482758620689655 0
0.07205882352941193 0.4310344827586207 0
0.07205882352941194 0.4137931034482759 0
0.07205882352941188 0.396551724137931 0
0.07205882352941187 0.3793103448275862 0
0.0720588235294119 0.3620689655172414 0
0.07205882352941187 0.3448275862068966 0
0.07205882352941187 0.3275862068965517 0
0.07205882352941184 0.3103448275862069 0
0.07205882352941183 0.2931034482758621 0
0.07205882352941184 0.2758620689655172 0
0.07205882352941181 0.2586206896551724 0
0.07205882352941181 0.2413793103448276 0
0.07205882352941183 0.2241379310344828 0
0.0720588235294118 0.206896551724138 0
0.0720588235294118 0.1896551724137931 0
0.07205882352941179 0.1724137931034483 0
0.07205882352941177 0.1551724137931034 0
0.07205882352941179 0.1379310344827586 0
0.07205882352941177 0.1206896551724138 0
0.07205882352941176 0.103448275862069 0
0.0720588235294118 0.08620689655172414 0
0.07205882352941179 0.06896551724137934 0
0.07205882352941174 0.05172413793103448 0
0.07205882352941173 0.03448275862068967 0
0.07205882352941172 0.01724137931034486 0
0.06176470588235312 0.4827586206896551 0
0.0617647058823531 0.4655172413793104 0
0.06176470588235308 0.4482758620689655 0
0.06176470588235308 0.4310344827586207 0
0.0617647058823531 0.4137931034482759 0
0.0617647058823531 0.396551724137931 0
0.06176470588235305 0.3793103448275862 0
0.06176470588235305 0.3620689655172414 0
0.06176470588235301 0.3448275862068966 0
0.06176470588235308 0.3275862068965517 0
0.06176470588235303 0.3103448275862069 0
0.06176470588235307 0.2931034482758621 0
0.06176470588235301 0.2758620689655172 0
0.06176470588235305 0.2586206896551724 0
0.06176470588235303 0.2413793103448276 0
0.06176470588235304 0.2241379310344828 0
0.061764705882353 0.206896551724138 0
0.061764705882353 0.1896551724137931 0
0.06176470588235299 0.1724137931034483 0
0.06176470588235299 0.1551724137931034 0
0.06176470588235297 0.1379310344827586 0
0.06176470588235294 0.1206896551724138 0
0.06176470588235296 0.103448275862069 0
0.06176470588235297 0.08620689655172414 0
0.06176470588235294 0.06896551724137934 0
0.06176470588235293 0.05172413793103448 0
0.06176470588235294 0.03448275862068967 0
0.06176470588235294 0.01724137931034486 0
0.0514705882352942 0.4827586206896552 0
0.05147058823529418 0.4655172413793103 0
0.05147058823529421 0.4482758620689655 0
0.05147058823529416 0.4310344827586207 0
0.05147058823529417 0.4137931034482759 0
0.05147058823529423 0.396551724137931 0
0.05147058823529414 0.3793103448275862 0
0.0514705882352942 0.3620689655172414 0
0.05147058823529417 0.3448275862068966 0
0.05147058823529414 0.3275862068965517 0
0.05147058823529412 0.3103448275862069 0
0.05147058823529416 0.293103448275862 0
0.05147058823529416 0.2758620689655172 0
0.05147058823529413 0.2586206896551724 0
0.05147058823529416 0.2413793103448276 0
0.05147058823529416 0.2241379310344828 0
0.05147058823529413 0.206896551724138 0
0.0514705882352941 0.1896551724137931 0
0.05147058823529413 0.1724137931034483 0
0.05147058823529407 0.1551724137931034 0
0.05147058823529409 0.1379310344827586 0
0.05147058823529412 0.1206896551724138 0
0.05147058823529409 0.103448275862069 0
0.05147058823529409 0.08620689655172414 0
0.05147058823529409 0.06896551724137934 0
0.0514705882352941 0.05172413793103448 0
0.0514705882352941 0.03448275862068967 0
0.0514705882352941 0.01724137931034486 0
0.0411764705882354 0.4827586206896552 0
0.04117647058823543 0.4655172413793103 0
0.04117647058823537 0.4482758620689655 0
0.0411764705882354 0.4310344827586207 0
0.04117647058823537 0.4137931034482759 0
0.04117647058823537 0.396551724137931 0
0.04117647058823537 0.3793103448275862 0
0.04117647058823537 0.3620689655172414 0
0.04117647058823534 0.3448275862068966 0
0.04117647058823534 0.3275862068965517 0
0.04117647058823537 0.3103448275862069 0
0.04117647058823537 0.2931034482758621 0
0.04117647058823534 0.2758620689655172 0
0.04117647058823537 0.2586206896551724 0
0.04117647058823537 0.2413793103448276 0
0.04117647058823534 0.2241379310344828 0
0.04117647058823537 0.206896551724138 0
0.04117647058823531 0.1896551724137931 0
0.04117647058823531 0.1724137931034483 0
0.04117647058823529 0.1551724137931034 0
0.04117647058823529 0.1379310344827586 0
0.04117647058823531 0.1206896551724138 0
0.04117647058823531 0.103448275862069 0
0.04117647058823531 0.08620689655172414 0
0.04117647058823531 0.06896551724137934 0
0.04117647058823529 0.05172413793103448 0
0.04117647058823531 0.03448275862068967 0
0.04117647058823531 0.01724137931034486 0
0.03088235294117661 0.4827586206896551 0
0.03088235294117661 0.4655172413793103 0
0.03088235294117661 0.4482758620689655 0
0.03088235294117653 0.4310344827586207 0
0.03088235294117656 0.4137931034482759 0
0.03088235294117658 0.396551724137931 0
0.03088235294117656 0.3793103448275862 0
0.03088235294117653 0.3620689655172414 0
0.03088235294117661 0.3448275862068966 0
0.03088235294117658 0.3275862068965517 0
0.03088235294117656 0.3103448275862069 0
0.03088235294117658 0.2931034482758621 0
0.03088235294117653 0.2758620689655172 0
0.03088235294117656 0.2586206896551724 0
0.03088235294117653 0.2413793103448276 0
0.03088235294117653 0.2241379310344828 0
0.03088235294117653 0.206896551724138 0
0.03088235294117656 0.1896551724137931 0
0.03088235294117656 0.1724137931034483 0
0.03088235294117656 0.1551724137931034 0
0.03088235294117653 0.1379310344827586 0
0.03088235294117656 0.1206896551724138 0
0.03088235294117656 0.103448275862069 0
0.0308823529411765 0.08620689655172414 0
0.0308823529411765 0.06896551724137934 0
0.03088235294117653 0.05172413793103448 0
0.0308823529411765 0.03448275862068967 0
0.0308823529411765 0.01724137931034486 0
0.02058823529411766 0.4827586206896551 0
0.02058823529411768 0.4655172413793103 0
0.02058823529411768 0.4482758620689655 0
0.02058823529411768 0.4310344827586207 0
0.02058823529411763 0.4137931034482759 0
0.02058823529411766 0.396551724137931 0
0.02058823529411768 0.3793103448275862 0
0.02058823529411766 0.3620689655172414 0
0.02058823529411768 0.3448275862068966 0
0.02058823529411768 0.3275862068965517 0
0.02058823529411766 0.3103448275862069 0
0.02058823529411766 0.2931034482758621 0
0.02058823529411766 0.2758620689655172 0
0.02058823529411768 0.2586206896551724 0
0.02058823529411768 0.2413793103448276 0
0.02058823529411768 0.2241379310344828 0
0.02058823529411763 0.206896551724138 0
0.02058823529411768 0.1896551724137931 0
0.02058823529411763 0.1724137931034483 0
0.02058823529411768 0.1551724137931034 0
0.02058823529411763 0.1379310344827586 0
0.02058823529411763 0.1206896551724138 0
0.0205882352941176 0.103448275862069 0
0.02058823529411763 0.08620689655172414 0
0.02058823529411763 0.06896551724137934 0
0.02058823529411763 0.05172413793103448 0
0.02058823529411763 0.03448275862068967 0
0.02058823529411763 0.01724137931034486 0
0.01029411764705879 0.4827586206896552 0
0.01029411764705884 0.4655172413793103 0
0.01029411764705893 0.4482758620689655 0
0.01029411764705884 0.4310344827586207 0
0.01029411764705879 0.4137931034482759 0
0.01029411764705884 0.396551724137931 0
0.0102941176470589 0.3793103448275862 0
0.01029411764705887 0.3620689655172414 0
0.01029411764705887 0.3448275862068966 0
0.01029411764705884 0.3275862068965517 0
0.01029411764705887 0.3103448275862069 0
0.01029411764705887 0.293103448275862 0
0.01029411764705887 0.2758620689655172 0
0.01029411764705887 0.2586206896551724 0
0.01029411764705884 0.2413793103448276 0
0.01029411764705887 0.2241379310344828 0
0.01029411764705887 0.206896551724138 0
0.0102941176470589 0.1896551724137931 0
0.01029411764705887 0.1724137931034483 0
0.01029411764705884 0.1551724137931034 0
0.0102941176470589 0.1379310344827586 0
0.01029411764705887 0.1206896551724138 0
0.01029411764705884 0.103448275862069 0
0.01029411764705884 0.08620689655172414 0
0.01029411764705884 0.06896551724137934 0
0.01029411764705887 0.05172413793103448 0
0.01029411764705884 0.03448275862068967 0
0.01029411764705884 0.01724137931034486 0
2 2 0 924
1323
1324
1325
1326
1327
1328
1329
1330
1331
1332
1333
1334
1335
1336
1337
1338
1339
1340
1341
1342
1343
1344
1345
1346
1347
1348
1349
1350
1351
1352
1353
1354
1355
1356
1357
1358
1359
1360
1361
1362
1363
1364
1365
1366
1367
1368
1369
1370
1371
1372
1373
1374
1375
1376
1377
1378
1379
1380
1381
1382
1383
1384
1385
1386
1387
1388
1389
1390
1391
1392
1393
1394
1395
1396
1397
1398
1399
1400
1401
1402
1403
1404
1405
1406
1407
1408
1409
1410
1411
1412
1413
1414
1415
1416
1417
1418
1419
1420
1421
1422
1423
1424
1425
1426
1427
1428
1429
1430
1431
1432
1433
1434
1435
1436
1437
1438
1439
1440
1441
1442
1443
1444
1445
1446
1447
1448
1449
1450
1451
1452
1453
1454
1455
1456
1457
1458
1459
1460
1461
1462
1463
1464
1465
1466
1467
1468
1469
1470
1471
1472
1473
1474
1475
1476
1477
1478
1479
1480
1481
1482
1483
1484
1485
1486
1487
1488
1489
1490
1491
1492
1493
1494
1495
1496
1497
1498
1499
1500
1501
1502
1503
1504
1505
1506
1507
1508
1509
1510
1511
1512
1513
1514
1515
1516
1517
1518
1519
1520
1521
1522
1523
1524
1525
1526
1527
1528
1529
1530
1531
1532
1533
1534
1535
1536
1537
1538
1539
1540
1541
1542
1543
1544
1545
1546
1547
1548
1549
1550
1551
1552
1553
1554
1555
1556
1557
1558
1559
1560
1561
1562
1563
1564
1565
1566
1567
1568
1569
1570
1571
1572
1573
1574
1575
1576
1577
1578
1579
1580
1581
1582
1583
1584
1585
1586
1587
1588
1589
1590
1591
1592
1593
1594
1595
1596
1597
1598
1599
1600
1601
1602
1603
1604
1605
1606
1607
1608
1609
1610
1611
1612
1613
1614
1615
1616
1617
1618
1619
1620
1621
1622
1623
1624
1625
1626
1627
1628
1629
1630
1631
1632
1633
1634
1635
1636
1637
1638
1639
1640
1641
1642
1643
1644
1645
1646
1647
1648
1649
1650
1651
1652
1653
1654
1655
1656
1657
1658
1659
1660
1661
1662
1663
1664
1665
1666
1667
1668
1669
1670
1671
1672
1673
1674
1675
1676
1677
1678
1679
1680
1681
1682
1683
1684
1685
1686
1687
1688
1689
1690
1691
1692
1693
1694
1695
1696
1697
1698
1699
1700
1701
1702
1703
1704
1705
1706
1707
1708
1709
1710
1711
1712
1713
1714
1715
1716
1717
1718
1719
1720
1721
1722
1723
1724
1725
1726
1727
1728
1729
1730
1731
1732
1733
1734
1735
1736
1737
1738
1739
1740
1741
1742
1743
1744
1745
1746
1747
1748
1749
1750
1751
1752
1753
1754
1755
1756
1757
1758
1759
1760
1761
1762
1763
1764
1765
1766
1767
1768
1769
1770
1771
1772
1773
1774
1775
1776
1777
1778
1779
1780
1781
1782
1783
1784
1785
1786
1787
1788
1789
1790
1791
1792
1793
1794
1795
1796
1797
1798
1799
1800
1801
1802
1803
1804
1805
1806
1807
1808
1809
1810
1811
1812
1813
1814
1815
1816
1817
1818
1819
1820
1821
1822
1823
1824
1825
1826
1827
1828
1829
1830
1831
1832
1833
1834
1835
1836
1837
1838
1839
1840
1841
1842
1843
1844
1845
1846
1847
1848
1849
1850
1851
1852
1853
1854
1855
1856
1857
1858
1859
1860
1861
1862
1863
1864
1865
1866
1867
1868
1869
1870
1871
1872
1873
1874
1875
1876
1877
1878
1879
1880
1881
1882
1883
1884
1885
1886
1887
1888
1889
1890
1891
1892
1893
1894
1895
1896
1897
1898
1899
1900
1901
1902
1903
1904
1905
1906
1907
1908
1909
1910
1911
1912
1913
1914
1915
1916
1917
1918
1919
1920
1921
1922
1923
1924
1925
1926
1927
1928
1929
1930
1931
1932
1933
1934
1935
1936
1937
1938
1939
1940
1941
1942
1943
1944
1945
1946
1947
1948
1949
1950
1951
1952
1953
1954
1955
1956
1957
1958
1959
1960
1961
1962
1963
1964
1965
1966
1967
1968
1969
1970
1971
1972
1973
1974
1975
1976
1977
1978
1979
1980
1981
1982
1983
1984
1985
1986
1987
1988
1989
1990
1991
1992
1993
1994
1995
1996
1997
1998
1999
2000
2001
2002
2003
2004
2005
2006
2007
2008
2009
2010
2011
2012
2013
2014
2015
2016
2017
2018
2019
2020
2021
2022
2023
2024
2025
2026
2027
2028
2029
2030
2031
2032
2033
2034
2035
2036
2037
2038
2039
2040
2041
2042
2043
2044
2045
2046
2047
2048
2049
2050
2051
2052
2053
2054
2055
2056
2057
2058
2059
2060
2061
2062
2063
2064
2065
2066
2067
2068
2069
2070
2071
2072
2073
2074
2075
2076
2077
2078
2079
2080
2081
2082
2083
2084
2085
2086
2087
2088
2089
2090
2091
2092
2093
2094
2095
2096
2097
2098
2099
2100
2101
2102
2103
2104
2105
2106
2107
2108
2109
2110
2111
2112
2113
2114
2115
2116
2117
2118
2119
2120
2121
2122
2123
2124
2125
2126
2127
2128
2129
2130
2131
2132
2133
2134
2135
2136
2137
2138
2139
2140
2141
2142
2143
2144
2145
2146
2147
2148
2149
2150
2151
2152
2153
2154
2155
2156
2157
2158
2159
2160
2161
2162
2163
2164
2165
2166
2167
2168
2169
2170
2171
2172
2173
2174
2175
2176
2177
2178
2179
2180
2181
2182
2183
2184
2185
2186
2187
2188
2189
2190
2191
2192
2193
2194
2195
2196
2197
2198
2199
2200
2201
2202
2203
2204
2205
2206
2207
2208
2209
2210
2211
2212
2213
2214
2215
2216
2217
2218
2219
2220
2221
2222
2223
2224
2225
2226
2227
2228
2229
2230
2231
2232
2233
2234
2235
2236
2237
2238
2239
2240
2241
2242
2243
2244
2245
2246
0.6897058823529412 0.4827586206896551 0
0.6897058823529412 0.4655172413793103 0
0.6897058823529412 0.4482758620689655 0
0.6897058823529412 0.4310344827586207 0
0.6897058823529412 0.4137931034482759 0
0.6897058823529412 0.396551724137931 0
0.6897058823529412 0.3793103448275862 0
0.6897058823529412 0.3620689655172414 0
0.6897058823529412 0.3448275862068966 0
0.6897058823529412 0.3275862068965517 0
0.6897058823529412 0.3103448275862069 0
0.6897058823529412 0.293103448275862 0
0.6897058823529412 0.2758620689655172 0
0.6897058823529412 0.2586206896551724 0
0.6897058823529412 0.2413793103448276 0
0.6897058823529412 0.2241379310344828 0
0.6897058823529412 0.2068965517241379 0
0.6897058823529412 0.1896551724137931 0
0.6897058823529412 0.1724137931034483 0
0.6897058823529412 0.1551724137931035 0
0.6897058823529412 0.1379310344827586 0
0.6897058823529412 0.1206896551724138 0
0.6897058823529412 0.103448275862069 0
0.6897058823529412 0.08620689655172414 0
0.6897058823529412 0.06896551724137934 0
0.6897058823529412 0.05172413793103448 0
0.6897058823529412 0.03448275862068967 0
0.6897058823529412 0.01724137931034481 0
0.6794117647058824 0.4827586206896551 0
0.6794117647058824 0.4655172413793103 0
0.6794117647058824 0.4482758620689655 0
0.6794117647058824 0.4310344827586207 0
0.6794117647058823 0.4137931034482759 0
0.6794117647058824 0.396551724137931 0
0.6794117647058824 0.3793103448275862 0
0.6794117647058824 0.3620689655172414 0
0.6794117647058824 0.3448275862068966 0
0.6794117647058824 0.3275862068965517 0
0.6794117647058823 0.3103448275862069 0
0.6794117647058823 0.293103448275862 0
0.6794117647058823 0.2758620689655172 0
0.6794117647058823 0.2586206896551724 0
0.6794117647058823 0.2413793103448276 0
0.6794117647058823 0.2241379310344828 0
0.6794117647058823 0.2068965517241379 0
0.6794117647058823 0.1896551724137931 0
0.6794117647058823 0.1724137931034483 0
0.6794117647058823 0.1551724137931035 0
0.6794117647058823 0.1379310344827586 0
0.6794117647058823 0.1206896551724138 0
0.6794117647058823 0.103448275862069 0
0.6794117647058823 0.08620689655172414 0
0.6794117647058823 0.06896551724137934 0
0.6794117647058823 0.05172413793103448 0
0.6794117647058823 0.03448275862068967 0
0.6794117647058823 0.01724137931034481 0
0.6691176470588235 0.4827586206896551 0
0.6691176470588235 0.4655172413793103 0
0.6691176470588234 0.4482758620689655 0
0.6691176470588235 0.4310344827586207 0
0.6691176470588234 0.4137931034482759 0
0.6691176470588235 0.396551724137931 0
0.6691176470588234 0.3793103448275862 0
0.6691176470588235 0.3620689655172414 0
0.6691176470588234 0.3448275862068966 0
0.6691176470588234 0.3275862068965517 0
0.6691176470588234 0.3103448275862069 0
0.6691176470588234 0.293103448275862 0
0.6691176470588234 0.2758620689655172 0
0.6691176470588234 0.2586206896551724 0
0.6691176470588234 0.2413793103448276 0
0.6691176470588234 0.2241379310344828 0
0.6691176470588234 0.2068965517241379 0
0.6691176470588234 0.1896551724137931 0
0.6691176470588234 0.1724137931034483 0
0.6691176470588234 0.1551724137931034 0
0.6691176470588234 0.1379310344827586 0
0.6691176470588234 0.1206896551724138 0
0.6691176470588234 0.103448275862069 0
0.6691176470588234 0.08620689655172414 0
0.6691176470588234 0.06896551724137928 0
0.6691176470588234 0.05172413793103442 0
0.6691176470588234 0.03448275862068967 0
0.6691176470588234 0.01724137931034481 0
0.6588235294117646 0.4827586206896551 0
0.6588235294117646 0.4655172413793103 0
0.6588235294117646 0.4482758620689655 0
0.6588235294117646 0.4310344827586207 0
0.6588235294117646 0.4137931034482758 0
0.6588235294117646 0.396551724137931 0
0.6588235294117646 0.3793103448275862 0
0.6588235294117646 0.3620689655172414 0
0.6588235294117646 0.3448275862068966 0
0.6588235294117646 0.3275862068965517 0
0.6588235294117646 0.3103448275862069 0
0.6588235294117646 0.293103448275862 0
0.6588235294117646 0.2758620689655172 0
0.6588235294117646 0.2586206896551724 0
0.6588235294117646 0.2413793103448276 0
0.6588235294117646 0.2241379310344828 0
0.6588235294117646 0.2068965517241379 0
0.6588235294117646 0.1896551724137931 0
0.6588235294117646 0.1724137931034483 0
0.6588235294117646 0.1551724137931035 0
0.6588235294117646 0.1379310344827586 0
0.6588235294117646 0.1206896551724138 0
0.6588235294117646 0.103448275862069 0
0.6588235294117646 0.08620689655172412 0
0.6588235294117646 0.06896551724137936 0
0.6588235294117646 0.05172413793103442 0
0.6588235294117646 0.03448275862068967 0
0.6588235294117645 0.01724137931034483 0
0.6485294117647059 0.4827586206896551 0
0.6485294117647059 0.4655172413793103 0
0.6485294117647059 0.4482758620689655 0
0.6485294117647058 0.4310344827586207 0
0.6485294117647059 0.4137931034482759 0
0.6485294117647058 0.396551724137931 0
0.6485294117647058 0.3793103448275862 0
0.6485294117647058 0.3620689655172414 0
0.6485294117647058 0.3448275862068966 0
0.6485294117647058 0.3275862068965517 0
0.6485294117647058 0.3103448275862069 0
0.6485294117647058 0.293103448275862 0
0.6485294117647058 0.2758620689655172 0
0.6485294117647058 0.2586206896551724 0
0.6485294117647058 0.2413793103448276 0
0.6485294117647058 0.2241379310344828 0
0.6485294117647058 0.206896551724138 0
0.6485294117647058 0.1896551724137931 0
0.6485294117647058 0.1724137931034483 0
0.6485294117647058 0.1551724137931035 0
0.6485294117647058 0.1379310344827586 0
0.6485294117647058 0.1206896551724138 0
0.6485294117647058 0.103448275862069 0
0.6485294117647058 0.08620689655172414 0
0.6485294117647058 0.06896551724137934 0
0.6485294117647058 0.05172413793103448 0
0.6485294117647058 0.03448275862068964 0
0.6485294117647058 0.01724137931034481 0
0.638235294117647 0.4827586206896551 0
0.638235294117647 0.4655172413793103 0
0.638235294117647 0.4482758620689655 0
0.638235294117647 0.4310344827586207 0
0.638235294117647 0.4137931034482759 0
0.638235294117647 0.396551724137931 0
0.638235294117647 0.3793103448275862 0
0.638235294117647 0.3620689655172414 0
0.638235294117647 0.3448275862068966 0
0.638235294117647 0.3275862068965517 0
0.638235294117647 0.3103448275862069 0
0.6382352941176469 0.293103448275862 0
0.638235294117647 0.2758620689655172 0
0.638235294117647 0.2586206896551724 0
0.6382352941176469 0.2413793103448276 0
0.6382352941176469 0.2241379310344828 0
0.6382352941176469 0.2068965517241379 0
0.6382352941176469 0.1896551724137931 0
0.6382352941176469 0.1724137931034483 0
0.6382352941176469 0.1551724137931035 0
0.6382352941176469 0.1379310344827586 0
0.6382352941176469 0.1206896551724138 0
0.6382352941176469 0.103448275862069 0
0.6382352941176469 0.08620689655172414 0
0.6382352941176468 0.06896551724137934 0
0.6382352941176468 0.05172413793103448 0
0.6382352941176469 0.03448275862068967 0
0.6382352941176469 0.01724137931034481 0
0.6279411764705882 0.4827586206896551 0
0.6279411764705882 0.4655172413793103 0
0.6279411764705882 0.4482758620689655 0
0.6279411764705881 0.4310344827586207 0
0.6279411764705882 0.4137931034482759 0
0.6279411764705882 0.396551724137931 0
0.6279411764705882 0.3793103448275862 0
0.6279411764705881 0.3620689655172414 0
0.6279411764705881 0.3448275862068966 0
0.6279411764705881 0.3275862068965517 0
0.6279411764705881 0.3103448275862069 0
0.6279411764705881 0.293103448275862 0
0.6279411764705881 0.2758620689655172 0
0.6279411764705881 0.2586206896551724 0
0.6279411764705881 0.2413793103448276 0
0.6279411764705881 0.2241379310344828 0
0.6279411764705881 0.2068965517241379 0
0.6279411764705881 0.1896551724137931 0
0.627941176470588 0.1724137931034483 0
0.6279411764705881 0.1551724137931035 0
0.627941176470588 0.1379310344827586 0
0.627941176470588 0.1206896551724138 0
0.627941176470588 0.103448275862069 0
0.627941176470588 0.08620689655172414 0
0.627941176470588 0.06896551724137934 0
0.627941176470588 0.05172413793103448 0
0.627941176470588 0.03448275862068967 0
0.627941176470588 0.01724137931034481 0
0.6176470588235294 0.4827586206896551 0
0.6176470588235294 0.4655172413793103 0
0.6176470588235293 0.4482758620689655 0
0.6176470588235294 0.4310344827586207 0
0.6176470588235293 0.4137931034482759 0
0.6176470588235293 0.396551724137931 0
0.6176470588235293 0.3793103448275862 0
0.6176470588235293 0.3620689655172414 0
0.6176470588235293 0.3448275862068966 0
0.6176470588235293 0.3275862068965517 0
0.6176470588235293 0.3103448275862069 0
0.6176470588235293 0.293103448275862 0
0.6176470588235292 0.2758620689655172 0
0.6176470588235292 0.2586206896551724 0
0.6176470588235292 0.2413793103448276 0
0.6176470588235292 0.2241379310344828 0
0.6176470588235293 0.2068965517241379 0
0.6176470588235292 0.1896551724137931 0
0.6176470588235292 0.1724137931034483 0
0.6176470588235292 0.1551724137931035 0
0.6176470588235292 0.1379310344827586 0
0.6176470588235292 0.1206896551724138 0
0.6176470588235292 0.103448275862069 0
0.6176470588235292 0.08620689655172414 0
0.6176470588235292 0.06896551724137934 0
0.6176470588235292 0.05172413793103448 0
0.6176470588235292 0.03448275862068967 0
0.6176470588235292 0.01724137931034481 0
0.6073529411764705 0.4827586206896551 0
0.6073529411764705 0.4655172413793103 0
0.6073529411764705 0.4482758620689655 0
0.6073529411764705 0.4310344827586207 0
0.6073529411764705 0.4137931034482759 0
0.6073529411764705 0.396551724137931 0
0.6073529411764705 0.3793103448275862 0
0.6073529411764705 0.3620689655172414 0
0.6073529411764705 0.3448275862068966 0
0.6073529411764704 0.3275862068965517 0
0.6073529411764704 0.3103448275862069 0
0.6073529411764704 0.293103448275862 0
0.6073529411764704 0.2758620689655172 0
0.6073529411764704 0.2586206896551724 0
0.6073529411764704 0.2413793103448276 0
0.6073529411764704 0.2241379310344828 0
0.6073529411764704 0.2068965517241379 0
0.6073529411764704 0.1896551724137931 0
0.6073529411764703 0.1724137931034483 0
0.6073529411764703 0.1551724137931035 0
0.6073529411764703 0.1379310344827586 0
0.6073529411764703 0.1206896551724138 0
0.6073529411764703 0.103448275862069 0
0.6073529411764703 0.08620689655172414 0
0.6073529411764703 0.06896551724137934 0
0.6073529411764702 0.05172413793103448 0
0.6073529411764703 0.03448275862068967 0
0.6073529411764703 0.01724137931034481 0
0.5970588235294118 0.4827586206896551 0
0.5970588235294118 0.4655172413793103 0
0.5970588235294118 0.4482758620689655 0
0.5970588235294118 0.4310344827586207 0
0.5970588235294118 0.4137931034482759 0
0.5970588235294118 0.396551724137931 0
0.5970588235294118 0.3793103448275862 0
0.5970588235294118 0.3620689655172414 0
0.5970588235294118 0.3448275862068966 0
0.5970588235294118 0.3275862068965517 0
0.5970588235294116 0.3103448275862069 0
0.5970588235294116 0.293103448275862 0
0.5970588235294116 0.2758620689655172 0
0.5970588235294116 0.2586206896551724 0
0.5970588235294116 0.2413793103448276 0
0.5970588235294116 0.2241379310344828 0
0.5970588235294116 0.2068965517241379 0
0.5970588235294116 0.1896551724137931 0
0.5970588235294116 0.1724137931034483 0
0.5970588235294116 0.1551724137931035 0
0.5970588235294116 0.1379310344827586 0
0.5970588235294116 0.1206896551724138 0
0.5970588235294116 0.103448275862069 0
0.5970588235294115 0.08620689655172414 0
0.5970588235294115 0.06896551724137934 0
0.5970588235294115 0.05172413793103448 0
0.5970588235294115 0.03448275862068967 0
0.5970588235294115 0.01724137931034481 0
0.586764705882353 0.4827586206896551 0
0.586764705882353 0.4655172413793104 0
0.586764705882353 0.4482758620689655 0
0.586764705882353 0.4310344827586207 0
0.586764705882353 0.4137931034482759 0
0.586764705882353 0.396551724137931 0
0.5867647058823529 0.3793103448275862 0
0.5867647058823529 0.3620689655172414 0
0.5867647058823529 0.3448275862068966 0
0.5867647058823529 0.3275862068965517 0
0.5867647058823529 0.3103448275862069 0
0.5867647058823529 0.293103448275862 0
0.5867647058823529 0.2758620689655172 0
0.5867647058823529 0.2586206896551724 0
0.5867647058823529 0.2413793103448276 0
0.5867647058823529 0.2241379310344828 0
0.5867647058823529 0.2068965517241379 0
0.5867647058823527 0.1896551724137931 0
0.5867647058823527 0.1724137931034483 0
0.5867647058823527 0.1551724137931034 0
0.5867647058823527 0.1379310344827586 0
0.5867647058823527 0.1206896551724138 0
0.5867647058823527 0.103448275862069 0
0.5867647058823527 0.08620689655172414 0
0.5867647058823527 0.06896551724137934 0
0.5867647058823526 0.05172413793103448 0
0.5867647058823526 0.03448275862068967 0
0.5867647058823526 0.01724137931034486 0
0.5764705882352942 0.4827586206896551 0
0.5764705882352942 0.4655172413793103 0
0.5764705882352942 0.4482758620689655 0
0.5764705882352941 0.4310344827586207 0
0.5764705882352941 0.4137931034482759 0
0.5764705882352941 0.396551724137931 0
0.5764705882352941 0.3793103448275862 0
0.5764705882352941 0.3620689655172414 0
0.5764705882352941 0.3448275862068966 0
0.5764705882352941 0.3275862068965517 0
0.5764705882352941 0.3103448275862069 0
0.5764705882352941 0.293103448275862 0
0.5764705882352941 0.2758620689655172 0
0.5764705882352941 0.2586206896551725 0
0.5764705882352941 0.2413793103448276 0
0.576470588235294 0.2241379310344828 0
0.576470588235294 0.2068965517241379 0
0.576470588235294 0.1896551724137931 0
0.576470588235294 0.1724137931034483 0
0.576470588235294 0.1551724137931035 0
0.576470588235294 0.1379310344827586 0
0.576470588235294 0.1206896551724138 0
0.576470588235294 0.103448275862069 0
0.5764705882352938 0.08620689655172412 0
0.5764705882352938 0.06896551724137934 0
0.5764705882352938 0.05172413793103448 0
0.5764705882352938 0.03448275862068964 0
0.5764705882352938 0.01724137931034481 0
0.5661764705882354 0.4827586206896551 0
0.5661764705882354 0.4655172413793104 0
0.5661764705882353 0.4482758620689655 0
0.5661764705882354 0.4310344827586207 0
0.5661764705882353 0.4137931034482759 0
0.5661764705882353 0.396551724137931 0
0.5661764705882353 0.3793103448275862 0
0.5661764705882353 0.3620689655172414 0
0.5661764705882353 0.3448275862068966 0
0.5661764705882353 0.3275862068965517 0
0.5661764705882353 0.3103448275862069 0
0.5661764705882353 0.2931034482758621 0
0.5661764705882352 0.2758620689655172 0
0.5661764705882353 0.2586206896551724 0
0.5661764705882352 0.2413793103448276 0
0.5661764705882352 0.2241379310344828 0
0.5661764705882352 0.206896551724138 0
0.5661764705882352 0.1896551724137931 0
0.5661764705882352 0.1724137931034483 0
0.5661764705882352 0.1551724137931035 0
0.5661764705882352 0.1379310344827586 0
0.5661764705882351 0.1206896551724138 0
0.5661764705882351 0.103448275862069 0
0.5661764705882351 0.08620689655172414 0
0.5661764705882351 0.06896551724137931 0
0.5661764705882351 0.05172413793103448 0
0.5661764705882351 0.03448275862068967 0
0.5661764705882351 0.01724137931034486 0
0.5558823529411766 0.4827586206896551 0
0.5558823529411766 0.4655172413793103 0
0.5558823529411765 0.4482758620689655 0
0.5558823529411765 0.4310344827586207 0
0.5558823529411765 0.4137931034482759 0
0.5558823529411765 0.396551724137931 0
0.5558823529411765 0.3793103448275862 0
0.5558823529411765 0.3620689655172414 0
0.5558823529411765 0.3448275862068966 0
0.5558823529411764 0.3275862068965517 0
0.5558823529411764 0.3103448275862069 0
0.5558823529411764 0.293103448275862 0
0.5558823529411764 0.2758620689655172 0
0.5558823529411764 0.2586206896551724 0
0.5558823529411764 0.2413793103448276 0
0.5558823529411764 0.2241379310344828 0
0.5558823529411764 0.2068965517241379 0
0.5558823529411763 0.1896551724137931 0
0.5558823529411763 0.1724137931034483 0
0.5558823529411763 0.1551724137931035 0
0.5558823529411763 0.1379310344827586 0
0.5558823529411763 0.1206896551724138 0
0.5558823529411763 0.103448275862069 0
0.5558823529411763 0.08620689655172414 0
0.5558823529411763 0.06896551724137934 0
0.5558823529411762 0.05172413793103448 0
0.5558823529411762 0.03448275862068967 0
0.5558823529411762 0.01724137931034486 0
0.5455882352941178 0.4827586206896551 0
0.5455882352941177 0.4655172413793103 0
0.5455882352941177 0.4482758620689655 0
0.5455882352941177 0.4310344827586207 0
0.5455882352941177 0.4137931034482759 0
0.5455882352941177 0.396551724137931 0
0.5455882352941177 0.3793103448275862 0
0.5455882352941177 0.3620689655172414 0
0.5455882352941177 0.3448275862068966 0
0.5455882352941176 0.3275862068965517 0
0.5455882352941176 0.3103448275862069 0
0.5455882352941176 0.293103448275862 0
0.5455882352941176 0.2758620689655172 0
0.5455882352941176 0.2586206896551724 0
0.5455882352941176 0.2413793103448276 0
0.5455882352941175 0.2241379310344828 0
0.5455882352941175 0.2068965517241379 0
0.5455882352941175 0.1896551724137931 0
0.5455882352941175 0.1724137931034483 0
0.5455882352941175 0.1551724137931035 0
0.5455882352941175 0.1379310344827586 0
0.5455882352941175 0.1206896551724138 0
0.5455882352941175 0.103448275862069 0
0.5455882352941174 0.08620689655172414 0
0.5455882352941174 0.06896551724137934 0
0.5455882352941174 0.05172413793103448 0
0.5455882352941174 0.03448275862068967 0
0.5455882352941174 0.01724137931034481 0
0.5352941176470589 0.4827586206896551 0
0.5352941176470589 0.4655172413793103 0
0.5352941176470589 0.4482758620689655 0
0.5352941176470589 0.4310344827586207 0
0.5352941176470589 0.4137931034482759 0
0.5352941176470589 0.396551724137931 0
0.5352941176470589 0.3793103448275862 0
0.5352941176470588 0.3620689655172414 0
0.5352941176470588 0.3448275862068966 0
0.5352941176470588 0.3275862068965517 0
0.5352941176470588 0.3103448275862069 0
0.5352941176470588 0.293103448275862 0
0.5352941176470588 0.2758620689655172 0
0.5352941176470588 0.2586206896551724 0
0.5352941176470588 0.2413793103448276 0
0.5352941176470587 0.2241379310344828 0
0.5352941176470587 0.2068965517241379 0
0.5352941176470587 0.1896551724137931 0
0.5352941176470587 0.1724137931034483 0
0.5352941176470587 0.1551724137931035 0
0.5352941176470587 0.1379310344827586 0
0.5352941176470587 0.1206896551724138 0
0.5352941176470587 0.103448275862069 0
0.5352941176470586 0.08620689655172414 0
0.5352941176470587 0.06896551724137928 0
0.5352941176470586 0.05172413793103448 0
0.5352941176470586 0.03448275862068967 0
0.5352941176470586 0.01724137931034481 0
0.5250000000000001 0.4827586206896551 0
0.5250000000000001 0.4655172413793103 0
0.5250000000000001 0.4482758620689655 0
0.5250000000000001 0.4310344827586207 0
0.5250000000000001 0.4137931034482759 0
0.5250000000000001 0.396551724137931 0
0.5250000000000001 0.3793103448275862 0
0.525 0.3620689655172414 0
0.525 0.3448275862068966 0
0.525 0.3275862068965517 0
0.525 0.3103448275862069 0
0.525 0.293103448275862 0
0.525 0.2758620689655172 0
0.525 0.2586206896551724 0
0.5249999999999999 0.2413793103448276 0
0.5249999999999999 0.2241379310344828 0
0.5249999999999999 0.2068965517241379 0
0.5249999999999999 0.1896551724137931 0
0.5249999999999999 0.1724137931034483 0
0.5249999999999999 0.1551724137931035 0
0.5249999999999999 0.1379310344827586 0
0.5249999999999999 0.1206896551724138 0
0.5249999999999999 0.103448275862069 0
0.5249999999999998 0.08620689655172414 0
0.5249999999999998 0.06896551724137934 0
0.5249999999999998 0.05172413793103448 0
0.5249999999999998 0.03448275862068967 0
0.5249999999999998 0.01724137931034481 0
0.5147058823529413 0.4827586206896551 0
0.5147058823529413 0.4655172413793103 0
0.5147058823529413 0.4482758620689655 0
0.5147058823529412 0.4310344827586207 0
0.5147058823529412 0.4137931034482759 0
0.5147058823529412 0.396551724137931 0
0.5147058823529412 0.3793103448275862 0
0.5147058823529412 0.3620689655172414 0
0.5147058823529412 0.3448275862068966 0
0.5147058823529412 0.3275862068965517 0
0.5147058823529412 0.3103448275862069 0
0.5147058823529412 0.293103448275862 0
0.5147058823529411 0.2758620689655172 0
0.5147058823529411 0.2586206896551724 0
0.5147058823529411 0.2413793103448276 0
0.5147058823529411 0.2241379310344828 0
0.5147058823529411 0.2068965517241379 0
0.5147058823529411 0.1896551724137931 0
0.5147058823529411 0.1724137931034483 0
0.5147058823529411 0.1551724137931035 0
0.514705882352941 0.1379310344827586 0
0.514705882352941 0.1206896551724138 0
0.514705882352941 0.103448275862069 0
0.514705882352941 0.08620689655172414 0
0.514705882352941 0.06896551724137934 0
0.514705882352941 0.05172413793103448 0
0.514705882352941 0.03448275862068967 0
0.514705882352941 0.01724137931034481 0
0.5044117647058826 0.4827586206896551 0
0.5044117647058826 0.4655172413793103 0
0.5044117647058826 0.4482758620689655 0
0.5044117647058826 0.4310344827586207 0
0.5044117647058826 0.4137931034482759 0
0.5044117647058824 0.396551724137931 0
0.5044117647058824 0.3793103448275862 0
0.5044117647058824 0.3620689655172414 0
0.5044117647058824 0.3448275862068966 0
0.5044117647058824 0.3275862068965517 0
0.5044117647058824 0.3103448275862069 0
0.5044117647058824 0.293103448275862 0
0.5044117647058823 0.2758620689655172 0
0.5044117647058823 0.2586206896551724 0
0.5044117647058823 0.2413793103448276 0
0.5044117647058823 0.2241379310344828 0
0.5044117647058823 0.2068965517241379 0
0.5044117647058823 0.1896551724137931 0
0.5044117647058823 0.1724137931034483 0
0.5044117647058822 0.1551724137931035 0
0.5044117647058822 0.1379310344827586 0
0.5044117647058822 0.1206896551724138 0
0.5044117647058822 0.103448275862069 0
0.5044117647058822 0.08620689655172414 0
0.5044117647058822 0.06896551724137934 0
0.5044117647058821 0.05172413793103448 0
0.5044117647058821 0.03448275862068967 0
0.5044117647058821 0.01724137931034481 0
0.4941176470588238 0.4827586206896551 0
0.4941176470588237 0.4655172413793104 0
0.4941176470588237 0.4482758620689655 0
0.4941176470588237 0.4310344827586207 0
0.4941176470588237 0.4137931034482759 0
0.4941176470588237 0.396551724137931 0
0.4941176470588237 0.3793103448275862 0
0.4941176470588237 0.3620689655172414 0
0.4941176470588237 0.3448275862068966 0
0.4941176470588236 0.3275862068965517 0
0.4941176470588236 0.3103448275862069 0
0.4941176470588236 0.293103448275862 0
0.4941176470588236 0.2758620689655172 0
0.4941176470588236 0.2586206896551724 0
0.4941176470588236 0.2413793103448276 0
0.4941176470588236 0.2241379310344828 0
0.4941176470588235 0.2068965517241379 0
0.4941176470588235 0.1896551724137931 0
0.4941176470588235 0.1724137931034483 0
0.4941176470588235 0.1551724137931035 0
0.4941176470588235 0.1379310344827586 0
0.4941176470588235 0.1206896551724138 0
0.4941176470588234 0.103448275862069 0
0.4941176470588234 0.08620689655172414 0
0.4941176470588234 0.06896551724137934 0
0.4941176470588234 0.05172413793103448 0
0.4941176470588234 0.03448275862068967 0
0.4941176470588233 0.01724137931034486 0
0.4838235294117649 0.4827586206896551 0
0.4838235294117649 0.4655172413793103 0
0.4838235294117649 0.4482758620689655 0
0.4838235294117649 0.4310344827586207 0
0.4838235294117649 0.4137931034482758 0
0.4838235294117648 0.396551724137931 0
0.4838235294117648 0.3793103448275862 0
0.4838235294117648 0.3620689655172414 0
0.4838235294117648 0.3448275862068966 0
0.4838235294117648 0.3275862068965517 0
0.4838235294117648 0.3103448275862069 0
0.4838235294117648 0.293103448275862 0
0.4838235294117648 0.2758620689655172 0
0.4838235294117647 0.2586206896551724 0
0.4838235294117647 0.2413793103448276 0
0.4838235294117647 0.2241379310344828 0
0.4838235294117647 0.2068965517241379 0
0.4838235294117647 0.1896551724137931 0
0.4838235294117647 0.1724137931034483 0
0.4838235294117647 0.1551724137931035 0
0.4838235294117647 0.1379310344827586 0
0.4838235294117647 0.1206896551724138 0
0.4838235294117646 0.103448275862069 0
0.4838235294117646 0.08620689655172414 0
0.4838235294117646 0.06896551724137934 0
0.4838235294117646 0.05172413793103448 0
0.4838235294117645 0.03448275862068967 0
0.4838235294117645 0.01724137931034481 0
0.4735294117647061 0.4827586206896551 0
0.4735294117647061 0.4655172413793103 0
0.473529411764706 0.4482758620689655 0
0.473529411764706 0.4310344827586207 0
0.473529411764706 0.4137931034482759 0
0.473529411764706 0.396551724137931 0
0.473529411764706 0.3793103448275862 0
0.473529411764706 0.3620689655172414 0
0.473529411764706 0.3448275862068966 0
0.473529411764706 0.3275862068965517 0
0.473529411764706 0.3103448275862069 0
0.473529411764706 0.293103448275862 0
0.4735294117647059 0.2758620689655172 0
0.4735294117647059 0.2586206896551724 0
0.4735294117647059 0.2413793103448276 0
0.4735294117647059 0.2241379310344828 0
0.4735294117647059 0.2068965517241379 0
0.4735294117647059 0.1896551724137931 0
0.4735294117647059 0.1724137931034483 0
0.4735294117647059 0.1551724137931035 0
0.4735294117647059 0.1379310344827586 0
0.4735294117647059 0.1206896551724138 0
0.4735294117647058 0.103448275862069 0
0.4735294117647058 0.08620689655172414 0
0.4735294117647058 0.06896551724137934 0
0.4735294117647058 0.05172413793103448 0
0.4735294117647058 0.03448275862068967 0
0.4735294117647058 0.01724137931034481 0
0.4632352941176473 0.4827586206896551 0
0.4632352941176472 0.4655172413793104 0
0.4632352941176472 0.4482758620689655 0
0.4632352941176472 0.4310344827586207 0
0.4632352941176472 0.4137931034482759 0
0.4632352941176472 0.396551724137931 0
0.4632352941176472 0.3793103448275862 0
0.4632352941176472 0.3620689655172414 0
0.4632352941176472 0.3448275862068966 0
0.4632352941176472 0.3275862068965517 0
0.4632352941176471 0.3103448275862069 0
0.4632352941176471 0.293103448275862 0
0.4632352941176471 0.2758620689655172 0
0.4632352941176471 0.2586206896551724 0
0.4632352941176471 0.2413793103448276 0
0.4632352941176471 0.2241379310344828 0
0.4632352941176471 0.2068965517241379 0
0.4632352941176471 0.1896551724137931 0
0.4632352941176471 0.1724137931034483 0
0.463235294117647 0.1551724137931035 0
0.463235294117647 0.1379310344827586 0
0.463235294117647 0.1206896551724138 0
0.463235294117647 0.103448275862069 0
0.463235294117647 0.08620689655172414 0
0.463235294117647 0.06896551724137934 0
0.463235294117647 0.05172413793103448 0
0.463235294117647 0.03448275862068967 0
0.463235294117647 0.01724137931034486 0
0.4529411764705884 0.4827586206896551 0
0.4529411764705884 0.4655172413793103 0
0.4529411764705884 0.4482758620689655 0
0.4529411764705884 0.4310344827586207 0
0.4529411764705884 0.4137931034482758 0
0.4529411764705884 0.396551724137931 0
0.4529411764705883 0.3793103448275862 0
0.4529411764705883 0.3620689655172414 0
0.4529411764705884 0.3448275862068966 0
0.4529411764705883 0.3275862068965517 0
0.4529411764705883 0.3103448275862069 0
0.4529411764705883 0.293103448275862 0
0.4529411764705883 0.2758620689655172 0
0.4529411764705883 0.2586206896551724 0
0.4529411764705883 0.2413793103448276 0
0.4529411764705883 0.2241379310344828 0
0.4529411764705883 0.2068965517241379 0
0.4529411764705882 0.1896551724137931 0
0.4529411764705882 0.1724137931034483 0
0.4529411764705882 0.1551724137931035 0
0.4529411764705882 0.1379310344827586 0
0.4529411764705882 0.1206896551724138 0
0.4529411764705882 0.103448275862069 0
0.4529411764705882 0.08620689655172414 0
0.4529411764705882 0.06896551724137934 0
0.4529411764705882 0.05172413793103448 0
0.4529411764705882 0.03448275862068967 0
0.4529411764705882 0.01724137931034481 0
0.4426470588235297 0.4827586206896551 0
0.4426470588235297 0.4655172413793103 0
0.4426470588235296 0.4482758620689655 0
0.4426470588235296 0.4310344827586207 0
0.4426470588235296 0.4137931034482759 0
0.4426470588235296 0.396551724137931 0
0.4426470588235296 0.3793103448275862 0
0.4426470588235296 0.3620689655172414 0
0.4426470588235296 0.3448275862068966 0
0.4426470588235296 0.3275862068965517 0
0.4426470588235295 0.3103448275862069 0
0.4426470588235295 0.293103448275862 0
0.4426470588235295 0.2758620689655172 0
0.4426470588235295 0.2586206896551724 0
0.4426470588235295 0.2413793103448276 0
0.4426470588235295 0.2241379310344828 0
0.4426470588235295 0.2068965517241379 0
0.4426470588235294 0.1896551724137931 0
0.4426470588235294 0.1724137931034483 0
0.4426470588235294 0.1551724137931035 0
0.4426470588235294 0.1379310344827586 0
0.4426470588235294 0.1206896551724138 0
0.4426470588235294 0.103448275862069 0
0.4426470588235294 0.08620689655172414 0
0.4426470588235294 0.06896551724137934 0
0.4426470588235294 0.05172413793103448 0
0.4426470588235294 0.03448275862068967 0
0.4426470588235294 0.01724137931034481 0
0.4323529411764708 0.4827586206896551 0
0.4323529411764708 0.4655172413793103 0
0.4323529411764708 0.4482758620689655 0
0.4323529411764707 0.4310344827586207 0
0.4323529411764707 0.4137931034482759 0
0.4323529411764707 0.396551724137931 0
0.4323529411764707 0.3793103448275862 0
0.4323529411764707 0.3620689655172414 0
0.4323529411764707 0.3448275862068966 0
0.4323529411764707 0.3275862068965517 0
0.4323529411764707 0.3103448275862069 0
0.4323529411764707 0.293103448275862 0
0.4323529411764706 0.2758620689655172 0
0.4323529411764706 0.2586206896551724 0
0.4323529411764706 0.2413793103448276 0
0.4323529411764706 0.2241379310344828 0
0.4323529411764706 0.2068965517241379 0
0.4323529411764706 0.1896551724137931 0
0.4323529411764706 0.1724137931034483 0
0.4323529411764706 0.1551724137931035 0
0.4323529411764706 0.1379310344827586 0
0.4323529411764706 0.1206896551724138 0
0.4323529411764706 0.103448275862069 0
0.4323529411764705 0.08620689655172414 0
0.4323529411764705 0.06896551724137934 0
0.4323529411764705 0.05172413793103448 0
0.4323529411764705 0.03448275862068967 0
0.4323529411764705 0.01724137931034481 0
0.4220588235294119 0.4827586206896551 0
0.4220588235294119 0.4655172413793103 0
0.4220588235294119 0.4482758620689655 0
0.4220588235294119 0.4310344827586207 0
0.4220588235294119 0.4137931034482759 0
0.4220588235294119 0.396551724137931 0
0.4220588235294119 0.3793103448275862 0
0.4220588235294118 0.3620689655172414 0
0.4220588235294119 0.3448275862068966 0
0.4220588235294119 0.3275862068965517 0
0.4220588235294118 0.3103448275862069 0
0.4220588235294118 0.293103448275862 0
0.4220588235294118 0.2758620689655172 0
0.4220588235294118 0.2586206896551724 0
0.4220588235294118 0.2413793103448276 0
0.4220588235294118 0.2241379310344828 0
0.4220588235294118 0.2068965517241379 0
0.4220588235294118 0.1896551724137931 0
0.4220588235294118 0.1724137931034483 0
0.4220588235294118 0.1551724137931035 0
0.4220588235294118 0.1379310344827586 0
0.4220588235294118 0.1206896551724138 0
0.4220588235294118 0.103448275862069 0
0.4220588235294117 0.08620689655172414 0
0.4220588235294117 0.06896551724137934 0
0.4220588235294117 0.05172413793103448 0
0.4220588235294118 0.03448275862068967 0
0.4220588235294117 0.01724137931034481 0
0.411764705882353 0.4827586206896551 0
0.4117647058823531 0.4655172413793104 0
0.411764705882353 0.4482758620689655 0
0.4117647058823531 0.4310344827586207 0
0.411764705882353 0.4137931034482759 0
0.411764705882353 0.396551724137931 0
0.411764705882353 0.3793103448275862 0
0.411764705882353 0.3620689655172414 0
0.411764705882353 0.3448275862068966 0
0.411764705882353 0.3275862068965517 0
0.411764705882353 0.3103448275862069 0
0.411764705882353 0.293103448275862 0
0.411764705882353 0.2758620689655172 0
0.411764705882353 0.2586206896551724 0
0.411764705882353 0.2413793103448276 0
0.411764705882353 0.2241379310344828 0
0.4117647058823529 0.2068965517241379 0
0.411764705882353 0.1896551724137931 0
0.411764705882353 0.1724137931034483 0
0.4117647058823529 0.1551724137931034 0
0.4117647058823529 0.1379310344827586 0
0.4117647058823529 0.1206896551724138 0
0.4117647058823529 0.103448275862069 0
0.4117647058823529 0.08620689655172414 0
0.4117647058823529 0.06896551724137934 0
0.4117647058823529 0.05172413793103448 0
0.4117647058823529 0.03448275862068967 0
0.4117647058823529 0.01724137931034486 0
0.4014705882352942 0.4827586206896551 0
0.4014705882352942 0.4655172413793103 0
0.4014705882352942 0.4482758620689655 0
0.4014705882352942 0.4310344827586207 0
0.4014705882352941 0.4137931034482759 0
0.4014705882352942 0.396551724137931 0
0.4014705882352941 0.3793103448275862 0
0.4014705882352941 0.3620689655172414 0
0.4014705882352941 0.3448275862068966 0
0.4014705882352941 0.3275862068965517 0
0.4014705882352941 0.3103448275862069 0
0.4014705882352941 0.293103448275862 0
0.4014705882352941 0.2758620689655172 0
0.4014705882352941 0.2586206896551724 0
0.4014705882352941 0.2413793103448276 0
0.4014705882352941 0.2241379310344828 0
0.4014705882352941 0.2068965517241379 0
0.4014705882352941 0.1896551724137931 0
0.4014705882352941 0.1724137931034483 0
0.4014705882352941 0.1551724137931035 0
0.4014705882352941 0.1379310344827586 0
0.4014705882352941 0.1206896551724138 0
0.4014705882352941 0.103448275862069 0
0.4014705882352941 0.08620689655172414 0
0.4014705882352941 0.06896551724137934 0
0.4014705882352941 0.05172413793103448 0
0.4014705882352941 0.03448275862068967 0
0.4014705882352941 0.01724137931034481 0
0.3911764705882355 0.4827586206896551 0
0.3911764705882355 0.4655172413793103 0
0.3911764705882353 0.4482758620689655 0
0.3911764705882353 0.4310344827586207 0
0.3911764705882353 0.4137931034482759 0
0.3911764705882353 0.396551724137931 0
0.3911764705882354 0.3793103448275862 0
0.3911764705882353 0.3620689655172414 0
0.3911764705882353 0.3448275862068966 0
0.3911764705882354 0.3275862068965517 0
0.3911764705882353 0.3103448275862069 0
0.3911764705882354 0.293103448275862 0
0.3911764705882353 0.2758620689655172 0
0.3911764705882354 0.2586206896551724 0
0.3911764705882353 0.2413793103448276 0
0.3911764705882353 0.2241379310344828 0
0.3911764705882353 0.2068965517241379 0
0.3911764705882353 0.1896551724137931 0
0.3911764705882353 0.1724137931034483 0
0.3911764705882352 0.1551724137931035 0
0.3911764705882353 0.1379310344827586 0
0.3911764705882352 0.1206896551724138 0
0.3911764705882353 0.103448275862069 0
0.3911764705882353 0.08620689655172414 0
0.3911764705882352 0.06896551724137934 0
0.3911764705882352 0.05172413793103448 0
0.3911764705882352 0.03448275862068967 0
0.3911764705882352 0.01724137931034481 0
0.3808823529411766 0.4827586206896551 0
0.3808823529411766 0.4655172413793103 0
0.3808823529411766 0.4482758620689655 0
0.3808823529411766 0.4310344827586207 0
0.3808823529411766 0.4137931034482759 0
0.3808823529411766 0.396551724137931 0
0.3808823529411766 0.3793103448275862 0
0.3808823529411766 0.3620689655172414 0
0.3808823529411765 0.3448275862068966 0
0.3808823529411765 0.3275862068965517 0
0.3808823529411766 0.3103448275862069 0
0.3808823529411765 0.293103448275862 0
0.3808823529411764 0.2758620689655172 0
0.3808823529411766 0.2586206896551724 0
0.3808823529411765 0.2413793103448276 0
0.3808823529411765 0.2241379310344828 0
0.3808823529411766 0.2068965517241379 0
0.3808823529411765 0.1896551724137931 0
0.3808823529411766 0.1724137931034483 0
0.3808823529411766 0.1551724137931035 0
0.3808823529411765 0.1379310344827586 0
0.3808823529411764 0.1206896551724138 0
0.3808823529411766 0.103448275862069 0
0.3808823529411765 0.08620689655172414 0
0.3808823529411766 0.06896551724137934 0
0.3808823529411764 0.05172413793103448 0
0.3808823529411764 0.03448275862068967 0
0.3808823529411764 0.01724137931034481 0
0.3705882352941176 0.4827586206896551 0
0.3705882352941176 0.4655172413793103 0
0.3705882352941176 0.4482758620689655 0
0.3705882352941177 0.4310344827586207 0
0.3705882352941177 0.4137931034482759 0
0.3705882352941176 0.396551724137931 0
0.3705882352941177 0.3793103448275862 0
0.3705882352941177 0.3620689655172414 0
0.3705882352941176 0.3448275862068966 0
0.3705882352941176 0.3275862068965517 0
0.3705882352941177 0.3103448275862069 0
0.3705882352941177 0.293103448275862 0
0.3705882352941176 0.2758620689655172 0
0.3705882352941176 0.2586206896551724 0
0.3705882352941176 0.2413793103448276 0
0.3705882352941176 0.2241379310344828 0
0.3705882352941176 0.206896551724138 0
0.3705882352941176 0.1896551724137931 0
0.3705882352941176 0.1724137931034483 0
0.3705882352941176 0.1551724137931034 0
0.3705882352941176 0.1379310344827586 0
0.3705882352941176 0.1206896551724138 0
0.3705882352941176 0.103448275862069 0
0.3705882352941176 0.08620689655172414 0
0.3705882352941176 0.06896551724137934 0
0.3705882352941176 0.05172413793103448 0
0.3705882352941176 0.03448275862068967 0
0.3705882352941176 0.01724137931034481 0
0.3602941176470588 0.4827586206896551 0
0.3602941176470588 0.4655172413793103 0
0.3602941176470589 0.4482758620689655 0
0.3602941176470589 0.4310344827586207 0
0.3602941176470588 0.4137931034482759 0
0.3602941176470588 0.396551724137931 0
0.3602941176470589 0.3793103448275862 0
0.3602941176470589 0.3620689655172414 0
0.3602941176470588 0.3448275862068966 0
0.3602941176470588 0.3275862068965517 0
0.3602941176470589 0.3103448275862069 0
0.3602941176470588 0.293103448275862 0
0.3602941176470589 0.2758620689655172 0
0.3602941176470589 0.2586206896551724 0
0.3602941176470588 0.2413793103448276 0
0.3602941176470589 0.2241379310344828 0
0.3602941176470589 0.2068965517241379 0
0.3602941176470589 0.1896551724137931 0
0.3602941176470589 0.1724137931034483 0
0.3602941176470588 0.1551724137931035 0
0.3602941176470589 0.1379310344827586 0
0.3602941176470589 0.1206896551724138 0
0.3602941176470588 0.103448275862069 0
0.3602941176470588 0.08620689655172414 0
0.3602941176470588 0.06896551724137934 0
0.3602941176470588 0.05172413793103448 0
0.3602941176470589 0.03448275862068967 0
0.3602941176470589 0.01724137931034481 0
2 3 0 784
2247
2248
2249
2250
2251
2252
2253
2254
2255
2256
2257
2258
2259
2260
2261
2262
2263
2264
2265
2266
2267
2268
2269
2270
2271
2272
2273
2274
2275
2276
2277
2278
2279
2280
2281
2282
2283
2284
2285
2286
2287
2288
2289
2290
2291
2292
2293
2294
2295
2296
2297
2298
2299
2300
2301
2302
2303
2304
2305
2306
2307
2308
2309
2310
2311
2312
2313
2314
2315
2316
2317
2318
2319
2320
2321
2322
2323
2324
2325
2326
2327
2328
2329
2330
2331
2332
2333
2334
2335
2336
2337
2338
2339
2340
2341
2342
2343
2344
2345
2346
2347
2348
2349
2350
2351
2352
2353
2354
2355
2356
2357
2358
2359
2360
2361
2362
2363
2364
2365
2366
2367
2368
2369
2370
2371
2372
2373
2374
2375
2376
2377
2378
2379
2380
2381
2382
2383
2384
2385
2386
2387
2388
2389
2390
2391
2392
2393
2394
2395
2396
2397
2398
2399
2400
2401
2402
2403
2404
2405
2406
2407
2408
2409
2410
2411
2412
2413
2414
2415
2416
2417
2418
2419
2420
2421
2422
2423
2424
2425
2426
2427
2428
2429
2430
2431
2432
2433
2434
2435
2436
2437
2438
2439
2440
2441
2442
2443
2444
2445
2446
2447
2448
2449
2450
2451
2452
2453
2454
2455
2456
2457
2458
2459
2460
2461
2462
2463
2464
2465
2466
2467
2468
2469
2470
2471
2472
2473
2474
2475
2476
2477
2478
2479
2480
2481
2482
2483
2484
2485
2486
2487
2488
2489
2490
2491
2492
2493
2494
2495
2496
2497
2498
2499
2500
2501
2502
2503
2504
2505
2506
2507
2508
2509
2510
2511
2512
2513
2514
2515
2516
2517
2518
2519
2520
2521
2522
2523
2524
2525
2526
2527
2528
2529
2530
2531
2532
2533
2534
2535
2536
2537
2538
2539
2540
2541
2542
2543
2544
2545
2546
2547
2548
2549
2550
2551
2552
2553
2554
2555
2556
2557
2558
2559
2560
2561
2562
2563
2564
2565
2566
2567
2568
2569
2570
2571
2572
2573
2574
2575
2576
2577
2578
2579
2580
2581
2582
2583
2584
2585
2586
2587
2588
2589
2590
2591
2592
2593
2594
2595
2596
2597
2598
2599
2600
2601
2602
2603
2604
2605
2606
2607
2608
2609
2610
2611
2612
2613
2614
2615
2616
2617
2618
2619
2620
2621
2622
2623
2624
2625
2626
2627
2628
2629
2630
2631
2632
2633
2634
2635
2636
2637
2638
2639
2640
2641
2642
2643
2644
2645
2646
2647
2648
2649
2650
2651
2652
2653
2654
2655
2656
2657
2658
2659
2660
2661
2662
2663
2664
2665
2666
2667
2668
2669
2670
2671
2672
2673
2674
2675
2676
2677
2678
2679
2680
2681
2682
2683
2684
2685
2686
2687
2688
2689
2690
2691
2692
2693
2694
2695
2696
2697
2698
2699
2700
2701
2702
2703
2704
2705
2706
2707
2708
2709
2710
2711
2712
2713
2714
2715
2716
2717
2718
2719
2720
2721
2722
2723
2724
2725
2726
2727
2728
2729
2730
2731
2732
2733
2734
2735
2736
2737
2738
2739
2740
2741
2742
2743
2744
2745
2746
2747
2748
2749
2750
2751
2752
2753
2754
2755
2756
2757
2758
2759
2760
2761
2762
2763
2764
2765
2766
2767
2768
2769
2770
2771
2772
2773
2774
2775
2776
2777
2778
2779
2780
2781
2782
2783
2784
2785
2786
2787
2788
2789
2790
2791
2792
2793
2794
2795
2796
2797
2798
2799
2800
2801
2802
2803
2804
2805
2806
2807
2808
2809
2810
2811
2812
2813
2814
2815
2816
2817
2818
2819
2820
2821
2822
2823
2824
2825
2826
2827
2828
2829
2830
2831
2832
2833
2834
2835
2836
2837
2838
2839
2840
2841
2842
2843
2844
2845
2846
2847
2848
2849
2850
2851
2852
2853
2854
2855
2856
2857
2858
2859
2860
2861
2862
2863
2864
2865
2866
2867
2868
2869
2870
2871
2872
2873
2874
2875
2876
2877
2878
2879
2880
2881
2882
2883
2884
2885
2886
2887
2888
2889
2890
2891
2892
2893
2894
2895
2896
2897
2898
2899
2900
2901
2902
2903
2904
2905
2906
2907
2908
2909
2910
2911
2912
2913
2914
2915
2916
2917
2918
2919
2920
2921
2922
2923
2924
2925
2926
2927
2928
2929
2930
2931
2932
2933
2934
2935
2936
2937
2938
2939
2940
2941
2942
2943
2944
2945
2946
2947
2948
2949
2950
2951
2952
2953
2954
2955
2956
2957
2958
2959
2960
2961
2962
2963
2964
2965
2966
2967
2968
2969
2970
2971
2972
2973
2974
2975
2976
2977
2978
2979
2980
2981
2982
2983
2984
2985
2986
2987
2988
2989
2990
2991
2992
2993
2994
2995
2996
2997
2998
2999
3000
3001
3002
3003
3004
3005
3006
3007
3008
3009
3010
3011
3012
3013
3014
3015
3016
3017
3018
3019
3020
3021
3022
3023
3024
3025
3026
3027
3028
3029
3030
0.9896551724137931 0.4827586206896551 0
0.9896551724137931 0.4655172413793103 0
0.9896551724137931 0.4482758620689655 0
0.9896551724137931 0.4310344827586207 0
0.9896551724137932 0.4137931034482759 0
0.9896551724137932 0.396551724137931 0
0.9896551724137931 0.3793103448275862 0
0.9896551724137931 0.3620689655172414 0
0.9896551724137931 0.3448275862068966 0
0.9896551724137931 0.3275862068965517 0
0.9896551724137931 0.3103448275862069 0
0.9896551724137931 0.293103448275862 0
0.9896551724137931 0.2758620689655172 0
0.9896551724137931 0.2586206896551724 0
0.9896551724137931 0.2413793103448276 0
0.9896551724137931 0.2241379310344828 0
0.9896551724137931 0.2068965517241379 0
0.9896551724137931 0.1896551724137931 0
0.9896551724137931 0.1724137931034483 0
0.9896551724137931 0.1551724137931035 0
0.9896551724137931 0.1379310344827586 0
0.9896551724137931 0.1206896551724138 0
0.9896551724137931 0.103448275862069 0
0.9896551724137931 0.08620689655172414 0
0.9896551724137931 0.06896551724137934 0
0.9896551724137931 0.05172413793103448 0
0.9896551724137931 0.03448275862068967 0
0.9896551724137931 0.01724137931034481 0
0.9793103448275862 0.4827586206896552 0
0.9793103448275863 0.4655172413793103 0
0.9793103448275862 0.4482758620689655 0
0.9793103448275862 0.4310344827586207 0
0.9793103448275863 0.4137931034482759 0
0.9793103448275862 0.396551724137931 0
0.9793103448275862 0.3793103448275862 0
0.9793103448275862 0.3620689655172414 0
0.9793103448275862 0.3448275862068966 0
0.9793103448275862 0.3275862068965517 0
0.9793103448275862 0.3103448275862069 0
0.9793103448275862 0.293103448275862 0
0.9793103448275862 0.2758620689655172 0
0.9793103448275862 0.2586206896551724 0
0.9793103448275862 0.2413793103448276 0
0.9793103448275862 0.2241379310344828 0
0.9793103448275862 0.206896551724138 0
0.9793103448275862 0.1896551724137931 0
0.9793103448275862 0.1724137931034483 0
0.9793103448275862 0.1551724137931035 0
0.9793103448275862 0.1379310344827586 0
0.9793103448275862 0.1206896551724138 0
0.9793103448275862 0.103448275862069 0
0.9793103448275862 0.08620689655172414 0
0.9793103448275862 0.06896551724137934 0
0.9793103448275862 0.0517241379310345 0
0.9793103448275862 0.03448275862068967 0
0.9793103448275862 0.01724137931034481 0
0.9689655172413794 0.4827586206896551 0
0.9689655172413794 0.4655172413793103 0
0.9689655172413794 0.4482758620689655 0
0.9689655172413794 0.4310344827586207 0
0.9689655172413794 0.4137931034482759 0
0.9689655172413794 0.396551724137931 0
0.9689655172413794 0.3793103448275862 0
0.9689655172413794 0.3620689655172414 0
0.9689655172413794 0.3448275862068966 0
0.9689655172413794 0.3275862068965517 0
0.9689655172413794 0.3103448275862069 0
0.9689655172413794 0.293103448275862 0
0.9689655172413794 0.2758620689655172 0
0.9689655172413794 0.2586206896551724 0
0.9689655172413794 0.2413793103448276 0
0.9689655172413794 0.2241379310344828 0
0.9689655172413794 0.2068965517241379 0
0.9689655172413794 0.1896551724137931 0
0.9689655172413792 0.1724137931034483 0
0.9689655172413794 0.1551724137931035 0
0.9689655172413794 0.1379310344827586 0
0.9689655172413794 0.1206896551724138 0
0.9689655172413794 0.103448275862069 0
0.9689655172413794 0.08620689655172414 0
0.9689655172413792 0.06896551724137934 0
0.9689655172413792 0.0517241379310345 0
0.9689655172413792 0.03448275862068961 0
0.9689655172413792 0.01724137931034481 0
0.9586206896551724 0.4827586206896551 0
0.9586206896551724 0.4655172413793103 0
0.9586206896551724 0.4482758620689655 0
0.9586206896551724 0.4310344827586207 0
0.9586206896551724 0.4137931034482759 0
0.9586206896551724 0.396551724137931 0
0.9586206896551724 0.3793103448275862 0
0.9586206896551724 0.3620689655172414 0
0.9586206896551724 0.3448275862068966 0
0.9586206896551724 0.3275862068965517 0
0.9586206896551724 0.3103448275862069 0
0.9586206896551724 0.293103448275862 0
0.9586206896551724 0.2758620689655172 0
0.9586206896551724 0.2586206896551724 0
0.9586206896551724 0.2413793103448276 0
0.9586206896551724 0.2241379310344828 0
0.9586206896551724 0.206896551724138 0
0.9586206896551723 0.1896551724137931 0
0.9586206896551723 0.1724137931034483 0
0.9586206896551723 0.1551724137931035 0
0.9586206896551723 0.1379310344827586 0
0.9586206896551723 0.1206896551724138 0
0.9586206896551723 0.1034482758620689 0
0.9586206896551723 0.08620689655172412 0
0.9586206896551723 0.06896551724137934 0
0.9586206896551723 0.05172413793103448 0
0.9586206896551723 0.03448275862068967 0
0.9586206896551723 0.01724137931034481 0
0.9482758620689656 0.4827586206896551 0
0.9482758620689656 0.4655172413793104 0
0.9482758620689656 0.4482758620689655 0
0.9482758620689656 0.4310344827586207 0
0.9482758620689656 0.4137931034482759 0
0.9482758620689655 0.396551724137931 0
0.9482758620689655 0.3793103448275862 0
0.9482758620689655 0.3620689655172414 0
0.9482758620689655 0.3448275862068966 0
0.9482758620689655 0.3275862068965517 0
0.9482758620689655 0.3103448275862069 0
0.9482758620689655 0.293103448275862 0
0.9482758620689655 0.2758620689655172 0
0.9482758620689655 0.2586206896551724 0
0.9482758620689655 0.2413793103448276 0
0.9482758620689655 0.2241379310344828 0
0.9482758620689655 0.2068965517241379 0
0.9482758620689655 0.1896551724137931 0
0.9482758620689655 0.1724137931034483 0
0.9482758620689655 0.1551724137931035 0
0.9482758620689655 0.1379310344827586 0
0.9482758620689655 0.1206896551724138 0
0.9482758620689655 0.103448275862069 0
0.9482758620689655 0.08620689655172414 0
0.9482758620689655 0.06896551724137934 0
0.9482758620689655 0.05172413793103448 0
0.9482758620689655 0.03448275862068972 0
0.9482758620689655 0.01724137931034486 0
0.9379310344827587 0.4827586206896551 0
0.9379310344827587 0.4655172413793103 0
0.9379310344827587 0.4482758620689655 0
0.9379310344827587 0.4310344827586207 0
0.9379310344827587 0.4137931034482758 0
0.9379310344827587 0.396551724137931 0
0.9379310344827587 0.3793103448275862 0
0.9379310344827587 0.3620689655172414 0
0.9379310344827587 0.3448275862068966 0
0.9379310344827586 0.3275862068965517 0
0.9379310344827587 0.3103448275862069 0
0.9379310344827587 0.293103448275862 0
0.9379310344827586 0.2758620689655172 0
0.9379310344827587 0.2586206896551724 0
0.9379310344827586 0.2413793103448276 0
0.9379310344827586 0.2241379310344828 0
0.9379310344827586 0.206896551724138 0
0.9379310344827586 0.1896551724137931 0
0.9379310344827586 0.1724137931034483 0
0.9379310344827586 0.1551724137931034 0
0.9379310344827586 0.1379310344827586 0
0.9379310344827586 0.1206896551724138 0
0.9379310344827586 0.103448275862069 0
0.9379310344827586 0.08620689655172417 0
0.9379310344827586 0.06896551724137934 0
0.9379310344827586 0.05172413793103442 0
0.9379310344827585 0.03448275862068967 0
0.9379310344827585 0.01724137931034483 0
0.9275862068965519 0.4827586206896551 0
0.9275862068965519 0.4655172413793103 0
0.9275862068965519 0.4482758620689655 0
0.9275862068965518 0.4310344827586207 0
0.9275862068965518 0.4137931034482759 0
0.9275862068965518 0.396551724137931 0
0.9275862068965518 0.3793103448275862 0
0.9275862068965518 0.3620689655172414 0
0.9275862068965518 0.3448275862068966 0
0.9275862068965518 0.3275862068965517 0
0.9275862068965518 0.3103448275862069 0
0.9275862068965518 0.293103448275862 0
0.9275862068965518 0.2758620689655172 0
0.9275862068965517 0.2586206896551724 0
0.9275862068965517 0.2413793103448276 0
0.9275862068965517 0.2241379310344828 0
0.9275862068965517 0.2068965517241379 0
0.9275862068965517 0.1896551724137931 0
0.9275862068965517 0.1724137931034483 0
0.9275862068965517 0.1551724137931035 0
0.9275862068965517 0.1379310344827586 0
0.9275862068965517 0.1206896551724138 0
0.9275862068965517 0.103448275862069 0
0.9275862068965517 0.08620689655172414 0
0.9275862068965517 0.06896551724137934 0
0.9275862068965517 0.05172413793103448 0
0.9275862068965517 0.03448275862068967 0
0.9275862068965517 0.01724137931034481 0
0.917241379310345 0.4827586206896551 0
0.917241379310345 0.4655172413793103 0
0.917241379310345 0.4482758620689655 0
0.917241379310345 0.4310344827586207 0
0.917241379310345 0.4137931034482759 0
0.9172413793103449 0.396551724137931 0
0.9172413793103449 0.3793103448275862 0
0.9172413793103449 0.3620689655172414 0
0.9172413793103449 0.3448275862068966 0
0.9172413793103449 0.3275862068965517 0
0.9172413793103449 0.3103448275862069 0
0.9172413793103449 0.293103448275862 0
0.9172413793103449 0.2758620689655172 0
0.9172413793103449 0.2586206896551724 0
0.9172413793103449 0.2413793103448276 0
0.9172413793103449 0.2241379310344828 0
0.9172413793103449 0.206896551724138 0
0.9172413793103448 0.1896551724137931 0
0.9172413793103448 0.1724137931034483 0
0.9172413793103449 0.1551724137931035 0
0.9172413793103448 0.1379310344827586 0
0.9172413793103448 0.1206896551724138 0
0.9172413793103448 0.103448275862069 0
0.9172413793103448 0.08620689655172414 0
0.9172413793103448 0.06896551724137936 0
0.9172413793103448 0.05172413793103448 0
0.9172413793103448 0.03448275862068967 0
0.9172413793103448 0.01724137931034481 0
0.9068965517241381 0.4827586206896551 0
0.9068965517241381 0.4655172413793104 0
0.9068965517241381 0.4482758620689655 0
0.9068965517241381 0.4310344827586207 0
0.9068965517241381 0.4137931034482759 0
0.906896551724138 0.396551724137931 0
0.906896551724138 0.3793103448275862 0
0.906896551724138 0.3620689655172414 0
0.906896551724138 0.3448275862068966 0
0.906896551724138 0.3275862068965517 0
0.906896551724138 0.3103448275862069 0
0.906896551724138 0.293103448275862 0
0.906896551724138 0.2758620689655172 0
0.906896551724138 0.2586206896551724 0
0.906896551724138 0.2413793103448276 0
0.9068965517241379 0.2241379310344828 0
0.9068965517241379 0.2068965517241379 0
0.9068965517241379 0.1896551724137931 0
0.9068965517241379 0.1724137931034483 0
0.9068965517241379 0.1551724137931035 0
0.9068965517241379 0.1379310344827586 0
0.9068965517241379 0.1206896551724138 0
0.9068965517241379 0.103448275862069 0
0.9068965517241379 0.08620689655172414 0
0.9068965517241379 0.06896551724137934 0
0.9068965517241379 0.05172413793103448 0
0.9068965517241379 0.03448275862068967 0
0.9068965517241377 0.01724137931034486 0
0.8965517241379312 0.4827586206896551 0
0.8965517241379312 0.4655172413793103 0
0.8965517241379312 0.4482758620689655 0
0.8965517241379312 0.4310344827586207 0
0.8965517241379312 0.4137931034482758 0
0.896551724137931 0.396551724137931 0
0.8965517241379312 0.3793103448275862 0
0.896551724137931 0.3620689655172414 0
0.896551724137931 0.3448275862068966 0
0.896551724137931 0.3275862068965517 0
0.896551724137931 0.3103448275862069 0
0.896551724137931 0.293103448275862 0
0.896551724137931 0.2758620689655172 0
0.896551724137931 0.2586206896551724 0
0.896551724137931 0.2413793103448276 0
0.896551724137931 0.2241379310344828 0
0.896551724137931 0.2068965517241379 0
0.896551724137931 0.1896551724137931 0
0.896551724137931 0.1724137931034483 0
0.896551724137931 0.1551724137931035 0
0.8965517241379309 0.1379310344827586 0
0.8965517241379309 0.1206896551724138 0
0.8965517241379309 0.103448275862069 0
0.8965517241379309 0.08620689655172414 0
0.8965517241379309 0.06896551724137934 0
0.8965517241379309 0.05172413793103448 0
0.8965517241379309 0.03448275862068967 0
0.8965517241379309 0.01724137931034481 0
0.8862068965517242 0.4827586206896551 0
0.8862068965517242 0.4655172413793103 0
0.8862068965517242 0.4482758620689655 0
0.8862068965517242 0.4310344827586207 0
0.8862068965517242 0.4137931034482759 0
0.8862068965517242 0.396551724137931 0
0.8862068965517242 0.3793103448275862 0
0.8862068965517242 0.3620689655172414 0
0.8862068965517242 0.3448275862068966 0
0.8862068965517242 0.3275862068965517 0
0.8862068965517241 0.3103448275862069 0
0.8862068965517241 0.293103448275862 0
0.8862068965517241 0.2758620689655172 0
0.8862068965517241 0.2586206896551724 0
0.8862068965517241 0.2413793103448276 0
0.8862068965517241 0.2241379310344828 0
0.8862068965517241 0.2068965517241379 0
0.8862068965517241 0.1896551724137931 0
0.8862068965517241 0.1724137931034483 0
0.8862068965517241 0.1551724137931035 0
0.8862068965517241 0.1379310344827586 0
0.8862068965517241 0.1206896551724138 0
0.886206896551724 0.103448275862069 0
0.886206896551724 0.08620689655172414 0
0.886206896551724 0.06896551724137934 0
0.886206896551724 0.05172413793103448 0
0.886206896551724 0.03448275862068967 0
0.886206896551724 0.01724137931034481 0
0.8758620689655173 0.4827586206896551 0
0.8758620689655173 0.4655172413793104 0
0.8758620689655173 0.4482758620689655 0
0.8758620689655173 0.4310344827586207 0
0.8758620689655173 0.4137931034482759 0
0.8758620689655173 0.396551724137931 0
0.8758620689655172 0.3793103448275862 0
0.8758620689655172 0.3620689655172414 0
0.8758620689655172 0.3448275862068966 0
0.8758620689655172 0.3275862068965517 0
0.8758620689655172 0.3103448275862069 0
0.8758620689655172 0.293103448275862 0
0.8758620689655172 0.2758620689655172 0
0.8758620689655172 0.2586206896551724 0
0.8758620689655172 0.2413793103448276 0
0.8758620689655172 0.2241379310344828 0
0.8758620689655172 0.2068965517241379 0
0.8758620689655172 0.1896551724137931 0
0.8758620689655172 0.1724137931034483 0
0.8758620689655172 0.1551724137931035 0
0.8758620689655172 0.1379310344827586 0
0.8758620689655172 0.1206896551724138 0
0.8758620689655171 0.103448275862069 0
0.8758620689655171 0.08620689655172414 0
0.8758620689655171 0.06896551724137934 0
0.8758620689655171 0.05172413793103448 0
0.8758620689655171 0.03448275862068967 0
0.8758620689655171 0.01724137931034486 0
0.8655172413793104 0.4827586206896551 0
0.8655172413793104 0.4655172413793103 0
0.8655172413793104 0.4482758620689655 0
0.8655172413793104 0.4310344827586207 0
0.8655172413793104 0.4137931034482758 0
0.8655172413793104 0.396551724137931 0
0.8655172413793104 0.3793103448275862 0
0.8655172413793104 0.3620689655172414 0
0.8655172413793104 0.3448275862068966 0
0.8655172413793104 0.3275862068965517 0
0.8655172413793104 0.3103448275862069 0
0.8655172413793104 0.293103448275862 0
0.8655172413793104 0.2758620689655172 0
0.8655172413793104 0.2586206896551724 0
0.8655172413793103 0.2413793103448276 0
0.8655172413793103 0.2241379310344828 0
0.8655172413793103 0.2068965517241379 0
0.8655172413793103 0.1896551724137931 0
0.8655172413793103 0.1724137931034483 0
0.8655172413793103 0.1551724137931035 0
0.8655172413793103 0.1379310344827586 0
0.8655172413793103 0.1206896551724138 0
0.8655172413793103 0.103448275862069 0
0.8655172413793103 0.08620689655172414 0
0.8655172413793102 0.06896551724137928 0
0.8655172413793102 0.05172413793103448 0
0.8655172413793102 0.03448275862068967 0
0.8655172413793102 0.01724137931034481 0
0.8551724137931036 0.4827586206896551 0
0.8551724137931035 0.4655172413793103 0
0.8551724137931036 0.4482758620689655 0
0.8551724137931035 0.4310344827586207 0
0.8551724137931035 0.4137931034482759 0
0.8551724137931035 0.396551724137931 0
0.8551724137931035 0.3793103448275862 0
0.8551724137931035 0.3620689655172414 0
0.8551724137931035 0.3448275862068966 0
0.8551724137931035 0.3275862068965517 0
0.8551724137931035 0.3103448275862069 0
0.8551724137931035 0.293103448275862 0
0.8551724137931035 0.2758620689655172 0
0.8551724137931034 0.2586206896551724 0
0.8551724137931034 0.2413793103448276 0
0.8551724137931034 0.2241379310344828 0
0.8551724137931034 0.2068965517241379 0
0.8551724137931034 0.1896551724137931 0
0.8551724137931034 0.1724137931034483 0
0.8551724137931034 0.1551724137931035 0
0.8551724137931034 0.1379310344827586 0
0.8551724137931034 0.1206896551724138 0
0.8551724137931034 0.103448275862069 0
0.8551724137931033 0.08620689655172414 0
0.8551724137931034 0.06896551724137934 0
0.8551724137931033 0.05172413793103448 0
0.8551724137931033 0.03448275862068967 0
0.8551724137931033 0.01724137931034481 0
0.8448275862068967 0.4827586206896551 0
0.8448275862068967 0.4655172413793103 0
0.8448275862068967 0.4482758620689655 0
0.8448275862068967 0.4310344827586207 0
0.8448275862068967 0.4137931034482759 0
0.8448275862068966 0.396551724137931 0
0.8448275862068966 0.3793103448275862 0
0.8448275862068966 0.3620689655172414 0
0.8448275862068966 0.3448275862068966 0
0.8448275862068966 0.3275862068965517 0
0.8448275862068966 0.3103448275862069 0
0.8448275862068966 0.293103448275862 0
0.8448275862068966 0.2758620689655172 0
0.8448275862068966 0.2586206896551724 0
0.8448275862068966 0.2413793103448276 0
0.8448275862068965 0.2241379310344828 0
0.8448275862068965 0.2068965517241379 0
0.8448275862068965 0.1896551724137931 0
0.8448275862068965 0.1724137931034483 0
0.8448275862068965 0.1551724137931035 0
0.8448275862068965 0.1379310344827586 0
0.8448275862068965 0.1206896551724138 0
0.8448275862068965 0.103448275862069 0
0.8448275862068965 0.08620689655172414 0
0.8448275862068964 0.06896551724137934 0
0.8448275862068965 0.05172413793103448 0
0.8448275862068965 0.03448275862068967 0
0.8448275862068964 0.01724137931034481 0
0.8344827586206898 0.4827586206896551 0
0.8344827586206898 0.4655172413793103 0
0.8344827586206898 0.4482758620689655 0
0.8344827586206898 0.4310344827586207 0
0.8344827586206897 0.4137931034482759 0
0.8344827586206897 0.396551724137931 0
0.8344827586206897 0.3793103448275862 0
0.8344827586206897 0.3620689655172414 0
0.8344827586206897 0.3448275862068966 0
0.8344827586206897 0.3275862068965517 0
0.8344827586206897 0.3103448275862069 0
0.8344827586206897 0.293103448275862 0
0.8344827586206897 0.2758620689655172 0
0.8344827586206897 0.2586206896551724 0
0.8344827586206897 0.2413793103448276 0
0.8344827586206895 0.2241379310344828 0
0.8344827586206895 0.2068965517241379 0
0.8344827586206895 0.1896551724137931 0
0.8344827586206895 0.1724137931034483 0
0.8344827586206895 0.1551724137931035 0
0.8344827586206895 0.1379310344827586 0
0.8344827586206895 0.1206896551724138 0
0.8344827586206895 0.103448275862069 0
0.8344827586206895 0.08620689655172414 0
0.8344827586206895 0.06896551724137934 0
0.8344827586206895 0.05172413793103448 0
0.8344827586206895 0.03448275862068967 0
0.8344827586206895 0.01724137931034481 0
0.8241379310344829 0.4827586206896551 0
0.8241379310344829 0.4655172413793104 0
0.8241379310344829 0.4482758620689655 0
0.8241379310344829 0.4310344827586207 0
0.8241379310344829 0.4137931034482759 0
0.8241379310344829 0.396551724137931 0
0.8241379310344827 0.3793103448275862 0
0.8241379310344827 0.3620689655172414 0
0.8241379310344827 0.3448275862068966 0
0.8241379310344827 0.3275862068965517 0
0.8241379310344827 0.3103448275862069 0
0.8241379310344827 0.293103448275862 0
0.8241379310344827 0.2758620689655172 0
0.8241379310344827 0.2586206896551724 0
0.8241379310344827 0.2413793103448276 0
0.8241379310344827 0.2241379310344828 0
0.8241379310344827 0.2068965517241379 0
0.8241379310344827 0.1896551724137931 0
0.8241379310344827 0.1724137931034483 0
0.8241379310344827 0.1551724137931035 0
0.8241379310344827 0.1379310344827586 0
0.8241379310344826 0.1206896551724138 0
0.8241379310344826 0.103448275862069 0
0.8241379310344826 0.08620689655172414 0
0.8241379310344826 0.06896551724137934 0
0.8241379310344826 0.05172413793103448 0
0.8241379310344826 0.03448275862068967 0
0.8241379310344826 0.01724137931034486 0
0.8137931034482759 0.4827586206896551 0
0.8137931034482759 0.4655172413793103 0
0.8137931034482759 0.4482758620689655 0
0.8137931034482759 0.4310344827586207 0
0.8137931034482759 0.4137931034482759 0
0.8137931034482758 0.396551724137931 0
0.8137931034482759 0.3793103448275862 0
0.8137931034482758 0.3620689655172414 0
0.8137931034482758 0.3448275862068966 0
0.8137931034482758 0.3275862068965517 0
0.8137931034482758 0.3103448275862069 0
0.8137931034482758 0.293103448275862 0
0.8137931034482758 0.2758620689655172 0
0.8137931034482758 0.2586206896551724 0
0.8137931034482758 0.2413793103448276 0
0.8137931034482758 0.2241379310344828 0
0.8137931034482758 0.2068965517241379 0
0.8137931034482758 0.1896551724137931 0
0.8137931034482758 0.1724137931034483 0
0.8137931034482757 0.1551724137931035 0
0.8137931034482757 0.1379310344827586 0
0.8137931034482757 0.1206896551724138 0
0.8137931034482757 0.103448275862069 0
0.8137931034482757 0.08620689655172414 0
0.8137931034482757 0.06896551724137934 0
0.8137931034482757 0.05172413793103448 0
0.8137931034482757 0.03448275862068967 0
0.8137931034482757 0.01724137931034481 0
0.803448275862069 0.4827586206896551 0
0.803448275862069 0.4655172413793103 0
0.803448275862069 0.4482758620689655 0
0.803448275862069 0.4310344827586207 0
0.803448275862069 0.4137931034482758 0
0.803448275862069 0.396551724137931 0
0.803448275862069 0.3793103448275862 0
0.803448275862069 0.3620689655172414 0
0.8034482758620689 0.3448275862068966 0
0.8034482758620689 0.3275862068965517 0
0.8034482758620689 0.3103448275862069 0
0.8034482758620689 0.293103448275862 0
0.8034482758620689 0.2758620689655172 0
0.8034482758620689 0.2586206896551724 0
0.8034482758620689 0.2413793103448276 0
0.8034482758620689 0.2241379310344828 0
0.8034482758620689 0.2068965517241379 0
0.8034482758620689 0.1896551724137931 0
0.8034482758620689 0.1724137931034483 0
0.8034482758620689 0.1551724137931035 0
0.8034482758620688 0.1379310344827586 0
0.8034482758620688 0.1206896551724138 0
0.8034482758620688 0.103448275862069 0
0.8034482758620688 0.08620689655172414 0
0.8034482758620688 0.06896551724137934 0
0.8034482758620688 0.05172413793103448 0
0.8034482758620688 0.03448275862068967 0
0.8034482758620688 0.01724137931034481 0
0.7931034482758621 0.4827586206896551 0
0.7931034482758621 0.4655172413793104 0
0.7931034482758621 0.4482758620689655 0
0.7931034482758621 0.4310344827586207 0
0.7931034482758621 0.4137931034482759 0
0.7931034482758621 0.396551724137931 0
0.7931034482758621 0.3793103448275862 0
0.7931034482758621 0.3620689655172414 0
0.7931034482758621 0.3448275862068966 0
0.7931034482758621 0.3275862068965517 0
0.7931034482758621 0.3103448275862069 0
0.7931034482758621 0.293103448275862 0
0.7931034482758621 0.2758620689655172 0
0.793103448275862 0.2586206896551724 0
0.793103448275862 0.2413793103448276 0
0.793103448275862 0.2241379310344828 0
0.793103448275862 0.2068965517241379 0
0.793103448275862 0.1896551724137931 0
0.793103448275862 0.1724137931034483 0
0.793103448275862 0.1551724137931035 0
0.793103448275862 0.1379310344827586 0
0.793103448275862 0.1206896551724138 0
0.793103448275862 0.103448275862069 0
0.793103448275862 0.08620689655172414 0
0.7931034482758619 0.06896551724137934 0
0.7931034482758619 0.05172413793103448 0
0.7931034482758619 0.03448275862068967 0
0.7931034482758619 0.01724137931034486 0
0.7827586206896552 0.4827586206896551 0
0.7827586206896552 0.4655172413793103 0
0.7827586206896552 0.4482758620689655 0
0.7827586206896552 0.4310344827586207 0
0.7827586206896552 0.4137931034482759 0
0.7827586206896552 0.396551724137931 0
0.7827586206896552 0.3793103448275862 0
0.7827586206896552 0.3620689655172414 0
0.7827586206896552 0.3448275862068966 0
0.7827586206896551 0.3275862068965517 0
0.7827586206896552 0.3103448275862069 0
0.7827586206896551 0.293103448275862 0
0.7827586206896551 0.2758620689655172 0
0.7827586206896551 0.2586206896551724 0
0.7827586206896551 0.2413793103448276 0
0.7827586206896551 0.2241379310344828 0
0.7827586206896551 0.2068965517241379 0
0.7827586206896551 0.1896551724137931 0
0.7827586206896551 0.1724137931034483 0
0.7827586206896551 0.1551724137931035 0
0.7827586206896551 0.1379310344827586 0
0.782758620689655 0.1206896551724138 0
0.7827586206896551 0.103448275862069 0
0.782758620689655 0.08620689655172414 0
0.782758620689655 0.06896551724137928 0
0.782758620689655 0.05172413793103448 0
0.782758620689655 0.03448275862068967 0
0.782758620689655 0.01724137931034481 0
0.7724137931034483 0.4827586206896551 0
0.7724137931034483 0.4655172413793103 0
0.7724137931034483 0.4482758620689655 0
0.7724137931034483 0.4310344827586207 0
0.7724137931034483 0.4137931034482759 0
0.7724137931034483 0.396551724137931 0
0.7724137931034483 0.3793103448275862 0
0.7724137931034483 0.3620689655172414 0
0.7724137931034483 0.3448275862068966 0
0.7724137931034483 0.3275862068965517 0
0.7724137931034483 0.3103448275862069 0
0.7724137931034483 0.293103448275862 0
0.7724137931034483 0.2758620689655172 0
0.7724137931034483 0.2586206896551724 0
0.7724137931034482 0.2413793103448276 0
0.7724137931034483 0.2241379310344828 0
0.7724137931034482 0.2068965517241379 0
0.7724137931034482 0.1896551724137931 0
0.7724137931034482 0.1724137931034483 0
0.7724137931034482 0.1551724137931035 0
0.7724137931034482 0.1379310344827586 0
0.7724137931034482 0.1206896551724138 0
0.7724137931034482 0.103448275862069 0
0.7724137931034482 0.08620689655172414 0
0.772413793103448 0.06896551724137934 0
0.772413793103448 0.05172413793103448 0
0.772413793103448 0.03448275862068967 0
0.772413793103448 0.01724137931034481 0
0.7620689655172413 0.4827586206896551 0
0.7620689655172415 0.4655172413793103 0
0.7620689655172413 0.4482758620689655 0
0.7620689655172413 0.4310344827586207 0
0.7620689655172413 0.4137931034482759 0
0.7620689655172413 0.396551724137931 0
0.7620689655172413 0.3793103448275862 0
0.7620689655172413 0.3620689655172414 0
0.7620689655172413 0.3448275862068966 0
0.7620689655172413 0.3275862068965517 0
0.7620689655172413 0.3103448275862069 0
0.7620689655172413 0.293103448275862 0
0.7620689655172413 0.2758620689655172 0
0.7620689655172412 0.2586206896551724 0
0.7620689655172412 0.2413793103448276 0
0.7620689655172412 0.2241379310344828 0
0.7620689655172413 0.2068965517241379 0
0.7620689655172412 0.1896551724137931 0
0.7620689655172412 0.1724137931034483 0
0.7620689655172412 0.1551724137931035 0
0.7620689655172412 0.1379310344827586 0
0.7620689655172412 0.1206896551724138 0
0.7620689655172412 0.103448275862069 0
0.7620689655172412 0.08620689655172414 0
0.7620689655172412 0.06896551724137934 0
0.7620689655172412 0.05172413793103448 0
0.7620689655172412 0.03448275862068967 0
0.7620689655172412 0.01724137931034481 0
0.7517241379310344 0.4827586206896551 0
0.7517241379310344 0.4655172413793103 0
0.7517241379310344 0.4482758620689655 0
0.7517241379310344 0.4310344827586207 0
0.7517241379310344 0.4137931034482758 0
0.7517241379310344 0.396551724137931 0
0.7517241379310344 0.3793103448275862 0
0.7517241379310344 0.3620689655172414 0
0.7517241379310344 0.3448275862068966 0
0.7517241379310344 0.3275862068965517 0
0.7517241379310344 0.3103448275862069 0
0.7517241379310344 0.293103448275862 0
0.7517241379310344 0.2758620689655172 0
0.7517241379310344 0.2586206896551724 0
0.7517241379310344 0.2413793103448276 0
0.7517241379310344 0.2241379310344828 0
0.7517241379310344 0.2068965517241379 0
0.7517241379310344 0.1896551724137931 0
0.7517241379310344 0.1724137931034483 0
0.7517241379310344 0.1551724137931035 0
0.7517241379310344 0.1379310344827586 0
0.7517241379310343 0.1206896551724138 0
0.7517241379310343 0.103448275862069 0
0.7517241379310343 0.08620689655172414 0
0.7517241379310343 0.06896551724137934 0
0.7517241379310343 0.05172413793103448 0
0.7517241379310344 0.03448275862068967 0
0.7517241379310343 0.01724137931034481 0
0.7413793103448276 0.4827586206896551 0
0.7413793103448276 0.4655172413793103 0
0.7413793103448276 0.4482758620689655 0
0.7413793103448276 0.4310344827586207 0
0.7413793103448276 0.4137931034482759 0
0.7413793103448276 0.396551724137931 0
0.7413793103448276 0.3793103448275862 0
0.7413793103448276 0.3620689655172414 0
0.7413793103448276 0.3448275862068966 0
0.7413793103448276 0.3275862068965517 0
0.7413793103448275 0.3103448275862069 0
0.7413793103448276 0.293103448275862 0
0.7413793103448275 0.2758620689655172 0
0.7413793103448275 0.2586206896551724 0
0.7413793103448275 0.2413793103448276 0
0.7413793103448275 0.2241379310344828 0
0.7413793103448275 0.206896551724138 0
0.7413793103448275 0.1896551724137931 0
0.7413793103448275 0.1724137931034483 0
0.7413793103448275 0.1551724137931035 0
0.7413793103448275 0.1379310344827586 0
0.7413793103448275 0.1206896551724138 0
0.7413793103448275 0.103448275862069 0
0.7413793103448275 0.08620689655172414 0
0.7413793103448275 0.06896551724137934 0
0.7413793103448274 0.05172413793103448 0
0.7413793103448274 0.03448275862068967 0
0.7413793103448274 0.01724137931034481 0
0.7310344827586207 0.4827586206896551 0
0.7310344827586207 0.4655172413793103 0
0.7310344827586207 0.4482758620689655 0
0.7310344827586207 0.4310344827586207 0
0.7310344827586207 0.4137931034482759 0
0.7310344827586207 0.396551724137931 0
0.7310344827586206 0.3793103448275862 0
0.7310344827586207 0.3620689655172414 0
0.7310344827586207 0.3448275862068966 0
0.7310344827586207 0.3275862068965517 0
0.7310344827586206 0.3103448275862069 0
0.7310344827586206 0.293103448275862 0
0.7310344827586207 0.2758620689655172 0
0.7310344827586206 0.2586206896551724 0
0.7310344827586206 0.2413793103448276 0
0.7310344827586207 0.2241379310344828 0
0.7310344827586206 0.2068965517241379 0
0.7310344827586207 0.1896551724137931 0
0.7310344827586206 0.1724137931034483 0
0.7310344827586206 0.1551724137931035 0
0.7310344827586206 0.1379310344827586 0
0.7310344827586206 0.1206896551724138 0
0.7310344827586206 0.103448275862069 0
0.7310344827586206 0.08620689655172414 0
0.7310344827586206 0.06896551724137934 0
0.7310344827586206 0.05172413793103448 0
0.7310344827586206 0.03448275862068967 0
0.7310344827586206 0.01724137931034481 0
0.7206896551724138 0.4827586206896551 0
0.7206896551724138 0.4655172413793103 0
0.7206896551724138 0.4482758620689655 0
0.7206896551724138 0.4310344827586207 0
0.7206896551724138 0.4137931034482759 0
0.7206896551724138 0.396551724137931 0
0.7206896551724138 0.3793103448275862 0
0.7206896551724138 0.3620689655172414 0
0.7206896551724138 0.3448275862068966 0
0.7206896551724138 0.3275862068965517 0
0.7206896551724138 0.3103448275862069 0
0.7206896551724138 0.293103448275862 0
0.7206896551724138 0.2758620689655172 0
0.7206896551724138 0.2586206896551724 0
0.7206896551724138 0.2413793103448276 0
0.7206896551724138 0.2241379310344828 0
0.7206896551724138 0.2068965517241379 0
0.7206896551724138 0.1896551724137931 0
0.7206896551724138 0.1724137931034483 0
0.7206896551724138 0.1551724137931035 0
0.7206896551724138 0.1379310344827586 0
0.7206896551724138 0.1206896551724138 0
0.7206896551724138 0.103448275862069 0
0.7206896551724138 0.08620689655172414 0
0.7206896551724138 0.06896551724137934 0
0.7206896551724138 0.05172413793103448 0
0.7206896551724138 0.03448275862068967 0
0.7206896551724138 0.01724137931034486 0
0.7103448275862069 0.4827586206896551 0
0.7103448275862069 0.4655172413793103 0
0.7103448275862069 0.4482758620689655 0
0.7103448275862069 0.4310344827586207 0
0.7103448275862069 0.4137931034482759 0
0.7103448275862069 0.396551724137931 0
0.7103448275862069 0.3793103448275862 0
0.7103448275862069 0.3620689655172414 0
0.7103448275862069 0.3448275862068966 0
0.7103448275862069 0.3275862068965517 0
0.7103448275862069 0.3103448275862069 0
0.7103448275862069 0.293103448275862 0
0.7103448275862069 0.2758620689655172 0
0.7103448275862069 0.2586206896551724 0
0.7103448275862069 0.2413793103448276 0
0.7103448275862069 0.2241379310344828 0
0.7103448275862069 0.2068965517241379 0
0.7103448275862069 0.1896551724137931 0
0.7103448275862069 0.1724137931034483 0
0.7103448275862069 0.1551724137931035 0
0.7103448275862069 0.1379310344827586 0
0.7103448275862069 0.1206896551724138 0
0.7103448275862069 0.103448275862069 0
0.7103448275862069 0.08620689655172414 0
0.7103448275862069 0.06896551724137934 0
0.7103448275862069 0.05172413793103448 0
0.7103448275862069 0.03448275862068967 0
0.7103448275862069 0.01724137931034481 0
2 4 0 0
2 5 0 0
2 6 0 0
$EndNodes
$Elements
9 5887 1 5887
1 13 1 29
1 9 315 
2 315 316 
3 316 317 
4 317 318 
5 318 319 
6 319 320 
7 320 321 
8 321 322 
9 322 323 
10 323 324 
11 324 325 
12 325 326 
13 326 327 
14 327 328 
15 328 329 
16 329 330 
17 330 331 
18 331 332 
19 332 333 
20 333 334 
21 334 335 
22 335 336 
23 336 337 
24 337 338 
25 338 339 
26 339 340 
27 340 341 
28 341 342 
29 342 10 
1 16 1 29
30 11 343 
31 343 344 
32 344 345 
33 345 346 
34 346 347 
35 347 348 
36 348 349 
37 349 350 
38 350 351 
39 351 352 
40 352 353 
41 353 354 
42 354 355 
43 355 356 
44 356 357 
45 357 358 
46 358 359 
47 359 360 
48 360 361 
49 361 362 
50 362 363 
51 363 364 
52 364 365 
53 365 366 
54 366 367 
55 367 368 
56 368 369 
57 369 370 
58 370 12 
1 19 1 29
59 13 371 
60 371 372 
61 372 373 
62 373 374 
63 374 375 
64 375 376 
65 376 377 
66 377 378 
67 378 379 
68 379 380 
69 380 381 
70 381 382 
71 382 383 
72 383 384 
73 384 385 
74 385 386 
75 386 387 
76 387 388 
77 388 389 
78 389 390 
79 390 391 
80 391 392 
81 392 393 
82 393 394 
83 394 395 
84 395 396 
85 396 397 
86 397 398 
87 398 14 
2 1 2 1972
88 7 198 286 
89 286 198 399 
90 286 399 285 
91 285 399 400 
92 285 400 284 
93 284 400 401 
94 284 401 283 
95 283 401 402 
96 283 402 282 
97 282 402 403 
98 282 403 281 
99 281 403 404 
100 281 404 280 
101 280 404 405 
102 280 405 279 
103 279 405 406 
104 279 406 278 
105 278 406 407 
106 278 407 277 
107 277 407 408 
108 277 408 276 
109 276 408 409 
110 276 409 275 
111 275 409 410 
112 275 410 274 
113 274 410 411 
114 274 411 273 
115 273 411 412 
116 273 412 272 
117 272 412 413 
118 272 413 271 
119 271 413 414 
120 271 414 270 
121 270 414 415 
122 270 415 269 
123 269 415 416 
124 269 416 268 
125 268 416 417 
126 268 417 267 
127 267 417 418 
128 267 418 266 
129 266 418 419 
130 266 419 265 
131 265 419 420 
132 265 420 264 
133 264 420 421 
134 264 421 263 
135 263 421 422 
136 263 422 262 
137 262 422 423 
138 262 423 261 
139 261 423 424 
140 261 424 260 
141 260 424 425 
142 260 425 259 
143 259 425 426 
144 259 426 2 
145 2 426 47 
146 198 199 399 
147 399 199 427 
148 399 427 400 
149 400 427 428 
150 400 428 401 
151 401 428 429 
152 401 429 402 
153 402 429 430 
154 402 430 403 
155 403 430 431 
156 403 431 404 
157 404 431 432 
158 404 432 405 
159 405 432 433 
160 405 433 406 
161 406 433 434 
162 406 434 407 
163 407 434 435 
164 407 435 408 
165 408 435 436 
166 408 436 409 
167 409 436 437 
168 409 437 410 
169 410 437 438 
170 410 438 411 
171 411 438 439 
172 411 439 412 
173 412 439 440 
174 412 440 413 
175 413 440 441 
176 413 441 414 
177 414 441 442 
178 414 442 415 
179 415 442 443 
180 415 443 416 
181 416 443 444 
182 416 444 417 
183 417 444 445 
184 417 445 418 
185 418 445 446 
186 418 446 419 
187 419 446 447 
188 419 447 420 
189 420 447 448 
190 420 448 421 
191 421 448 449 
192 421 449 422 
193 422 449 450 
194 422 450 423 
195 423 450 451 
196 423 451 424 
197 424 451 452 
198 424 452 425 
199 425 452 453 
200 425 453 426 
201 426 453 454 
202 426 454 47 
203 47 454 46 
204 199 200 427 
205 427 200 455 
206 427 455 428 
207 428 455 456 
208 428 456 429 
209 429 456 457 
210 429 457 430 
211 430 457 458 
212 430 458 431 
213 431 458 459 
214 431 459 432 
215 432 459 460 
216 432 460 433 
217 433 460 461 
218 433 461 434 
219 434 461 462 
220 434 462 435 
221 435 462 463 
222 435 463 436 
223 436 463 464 
224 436 464 437 
225 437 464 465 
226 437 465 438 
227 438 465 466 
228 438 466 439 
229 439 466 467 
230 439 467 440 
231 440 467 468 
232 440 468 441 
233 441 468 469 
234 441 469 442 
235 442 469 470 
236 442 470 443 
237 443 470 471 
238 443 471 444 
239 444 471 472 
240 444 472 445 
241 445 472 473 
242 445 473 446 
243 446 473 474 
244 446 474 447 
245 447 474 475 
246 447 475 448 
247 448 475 476 
248 448 476 449 
249 449 476 477 
250 449 477 450 
251 450 477 478 
252 450 478 451 
253 451 478 479 
254 451 479 452 
255 452 479 480 
256 452 480 453 
257 453 480 481 
258 453 481 454 
259 454 481 482 
260 454 482 46 
261 46 482 45 
262 200 201 455 
263 455 201 483 
264 455 483 456 
265 456 483 484 
266 456 484 457 
267 457 484 485 
268 457 485 458 
269 458 485 486 
270 458 486 459 
271 459 486 487 
272 459 487 460 
273 460 487 488 
274 460 488 461 
275 461 488 489 
276 461 489 462 
277 462 489 490 
278 462 490 463 
279 463 490 491 
280 463 491 464 
281 464 491 492 
282 464 492 465 
283 465 492 493 
284 465 493 466 
285 466 493 494 
286 466 494 467 
287 467 494 495 
288 467 495 468 
289 468 495 496 
290 468 496 469 
291 469 496 497 
292 469 497 470 
293 470 497 498 
294 470 498 471 
295 471 498 499 
296 471 499 472 
297 472 499 500 
298 472 500 473 
299 473 500 501 
300 473 501 474 
301 474 501 502 
302 474 502 475 
303 475 502 503 
304 475 503 476 
305 476 503 504 
306 476 504 477 
307 477 504 505 
308 477 505 478 
309 478 505 506 
310 478 506 479 
311 479 506 507 
312 479 507 480 
313 480 507 508 
314 480 508 481 
315 481 508 509 
316 481 509 482 
317 482 509 510 
318 482 510 45 
319 45 510 44 
320 201 202 483 
321 483 202 511 
322 483 511 484 
323 484 511 512 
324 484 512 485 
325 485 512 513 
326 485 513 486 
327 486 513 514 
328 486 514 487 
329 487 514 515 
330 487 515 488 
331 488 515 516 
332 488 516 489 
333 489 516 517 
334 489 517 490 
335 490 517 518 
336 490 518 491 
337 491 518 519 
338 491 519 492 
339 492 519 520 
340 492 520 493 
341 493 520 521 
342 493 521 494 
343 494 521 522 
344 494 522 495 
345 495 522 523 
346 495 523 496 
347 496 523 524 
348 496 524 497 
349 497 524 525 
350 497 525 498 
351 498 525 526 
352 498 526 499 
353 499 526 527 
354 499 527 500 
355 500 527 528 
356 500 528 501 
357 501 528 529 
358 501 529 502 
359 502 529 530 
360 502 530 503 
361 503 530 531 
362 503 531 504 
363 504 531 532 
364 504 532 505 
365 505 532 533 
366 505 533 506 
367 506 533 534 
368 506 534 507 
369 507 534 535 
370 507 535 508 
371 508 535 536 
372 508 536 509 
373 509 536 537 
374 509 537 510 
375 510 537 538 
376 510 538 44 
377 44 538 43 
378 202 203 511 
379 511 203 539 
380 511 539 512 
381 512 539 540 
382 512 540 513 
383 513 540 541 
384 513 541 514 
385 514 541 542 
386 514 542 515 
387 515 542 543 
388 515 543 516 
389 516 543 544 
390 516 544 517 
391 517 544 545 
392 517 545 518 
393 518 545 546 
394 518 546 519 
395 519 546 547 
396 519 547 520 
397 520 547 548 
398 520 548 521 
399 521 548 549 
400 521 549 522 
401 522 549 550 
402 522 550 523 
403 523 550 551 
404 523 551 524 
405 524 551 552 
406 524 552 525 
407 525 552 553 
408 525 553 526 
409 526 553 554 
410 526 554 527 
411 527 554 555 
412 527 555 528 
413 528 555 556 
414 528 556 529 
415 529 556 557 
416 529 557 530 
417 530 557 558 
418 530 558 531 
419 531 558 559 
420 531 559 532 
421 532 559 560 
422 532 560 533 
423 533 560 561 
424 533 561 534 
425 534 561 562 
426 534 562 535 
427 535 562 563 
428 535 563 536 
429 536 563 564 
430 536 564 537 
431 537 564 565 
432 537 565 538 
433 538 565 566 
434 538 566 43 
435 43 566 42 
436 203 204 539 
437 539 204 567 
438 539 567 540 
439 540 567 568 
440 540 568 541 
441 541 568 569 
442 541 569 542 
443 542 569 570 
444 542 570 543 
445 543 570 571 
446 543 571 544 
447 544 571 572 
448 544 572 545 
449 545 572 573 
450 545 573 546 
451 546 573 574 
452 546 574 547 
453 547 574 575 
454 547 575 548 
455 548 575 576 
456 548 576 549 
457 549 576 577 
458 549 577 550 
459 550 577 578 
460 550 578 551 
461 551 578 579 
462 551 579 552 
463 552 579 580 
464 552 580 553 
465 553 580 581 
466 553 581 554 
467 554 581 582 
468 554 582 555 
469 555 582 583 
470 555 583 556 
471 556 583 584 
472 556 584 557 
473 557 584 585 
474 557 585 558 
475 558 585 586 
476 558 586 559 
477 559 586 587 
478 559 587 560 
479 560 587 588 
480 560 588 561 
481 561 588 589 
482 561 589 562 
483 562 589 590 
484 562 590 563 
485 563 590 591 
486 563 591 564 
487 564 591 592 
488 564 592 565 
489 565 592 593 
490 565 593 566 
491 566 593 594 
492 566 594 42 
493 42 594 41 
494 204 205 567 
495 567 205 595 
496 567 595 568 
497 568 595 596 
498 568 596 569 
499 569 596 597 
500 569 597 570 
501 570 597 598 
502 570 598 571 
503 571 598 599 
504 571 599 572 
505 572 599 600 
506 572 600 573 
507 573 600 601 
508 573 601 574 
509 574 601 602 
510 574 602 575 
511 575 602 603 
512 575 603 576 
513 576 603 604 
514 576 604 577 
515 577 604 605 
516 577 605 578 
517 578 605 606 
518 578 606 579 
519 579 606 607 
520 579 607 580 
521 580 607 608 
522 580 608 581 
523 581 608 609 
524 581 609 582 
525 582 609 610 
526 582 610 583 
527 583 610 611 
528 583 611 584 
529 584 611 612 
530 584 612 585 
531 585 612 613 
532 585 613 586 
533 586 613 614 
534 586 614 587 
535 587 614 615 
536 587 615 588 
537 588 615 616 
538 588 616 589 
539 589 616 617 
540 589 617 590 
541 590 617 618 
542 590 618 591 
543 591 618 619 
544 591 619 592 
545 592 619 620 
546 592 620 593 
547 593 620 621 
548 593 621 594 
549 594 621 622 
550 594 622 41 
551 41 622 40 
552 205 206 595 
553 595 206 623 
554 595 623 596 
555 596 623 624 
556 596 624 597 
557 597 624 625 
558 597 625 598 
559 598 625 626 
560 598 626 599 
561 599 626 627 
562 599 627 600 
563 600 627 628 
564 600 628 601 
565 601 628 629 
566 601 629 602 
567 602 629 630 
568 602 630 603 
569 603 630 631 
570 603 631 604 
571 604 631 632 
572 604 632 605 
573 605 632 633 
574 605 633 606 
575 606 633 634 
576 606 634 607 
577 607 634 635 
578 607 635 608 
579 608 635 636 
580 608 636 609 
581 609 636 637 
582 609 637 610 
583 610 637 638 
584 610 638 611 
585 611 638 639 
586 611 639 612 
587 612 639 640 
588 612 640 613 
589 613 640 641 
590 613 641 614 
591 614 641 642 
592 614 642 615 
593 615 642 643 
594 615 643 616 
595 616 643 644 
596 616 644 617 
597 617 644 645 
598 617 645 618 
599 618 645 646 
600 618 646 619 
601 619 646 647 
602 619 647 620 
603 620 647 648 
604 620 648 621 
605 621 648 649 
606 621 649 622 
607 622 649 650 
608 622 650 40 
609 40 650 39 
610 206 207 623 
611 623 207 651 
612 623 651 624 
613 624 651 652 
614 624 652 625 
615 625 652 653 
616 625 653 626 
617 626 653 654 
618 626 654 627 
619 627 654 655 
620 627 655 628 
621 628 655 656 
622 628 656 629 
623 629 656 657 
624 629 657 630 
625 630 657 658 
626 630 658 631 
627 631 658 659 
628 631 659 632 
629 632 659 660 
630 632 660 633 
631 633 660 661 
632 633 661 634 
633 634 661 662 
634 634 662 635 
635 635 662 663 
636 635 663 636 
637 636 663 664 
638 636 664 637 
639 637 664 665 
640 637 665 638 
641 638 665 666 
642 638 666 639 
643 639 666 667 
644 639 667 640 
645 640 667 668 
646 640 668 641 
647 641 668 669 
648 641 669 642 
649 642 669 670 
650 642 670 643 
651 643 670 671 
652 643 671 644 
653 644 671 672 
654 644 672 645 
655 645 672 673 
656 645 673 646 
657 646 673 674 
658 646 674 647 
659 647 674 675 
660 647 675 648 
661 648 675 676 
662 648 676 649 
663 649 676 677 
664 649 677 650 
665 650 677 678 
666 650 678 39 
667 39 678 38 
668 207 208 651 
669 651 208 679 
670 651 679 652 
671 652 679 680 
672 652 680 653 
673 653 680 681 
674 653 681 654 
675 654 681 682 
676 654 682 655 
677 655 682 683 
678 655 683 656 
679 656 683 684 
680 656 684 657 
681 657 684 685 
682 657 685 658 
683 658 685 686 
684 658 686 659 
685 659 686 687 
686 659 687 660 
687 660 687 688 
688 660 688 661 
689 661 688 689 
690 661 689 662 
691 662 689 690 
692 662 690 663 
693 663 690 691 
694 663 691 664 
695 664 691 692 
696 664 692 665 
697 665 692 693 
698 665 693 666 
699 666 693 694 
700 666 694 667 
701 667 694 695 
702 667 695 668 
703 668 695 696 
704 668 696 669 
705 669 696 697 
706 669 697 670 
707 670 697 698 
708 670 698 671 
709 671 698 699 
710 671 699 672 
711 672 699 700 
712 672 700 673 
713 673 700 701 
714 673 701 674 
715 674 701 702 
716 674 702 675 
717 675 702 703 
718 675 703 676 
719 676 703 704 
720 676 704 677 
721 677 704 705 
722 677 705 678 
723 678 705 706 
724 678 706 38 
725 38 706 37 
726 208 209 679 
727 679 209 707 
728 679 707 680 
729 680 707 708 
730 680 708 681 
731 681 708 709 
732 681 709 682 
733 682 709 710 
734 682 710 683 
735 683 710 711 
736 683 711 684 
737 684 711 712 
738 684 712 685 
739 685 712 713 
740 685 713 686 
741 686 713 714 
742 686 714 687 
743 687 714 715 
744 687 715 688 
745 688 715 716 
746 688 716 689 
747 689 716 717 
748 689 717 690 
749 690 717 718 
750 690 718 691 
751 691 718 719 
752 691 719 692 
753 692 719 720 
754 692 720 693 
755 693 720 721 
756 693 721 694 
757 694 721 722 
758 694 722 695 
759 695 722 723 
760 695 723 696 
761 696 723 724 
762 696 724 697 
763 697 724 725 
764 697 725 698 
765 698 725 726 
766 698 726 699 
767 699 726 727 
768 699 727 700 
769 700 727 728 
770 700 728 701 
771 701 728 729 
772 701 729 702 
773 702 729 730 
774 702 730 703 
775 703 730 731 
776 703 731 704 
777 704 731 732 
778 704 732 705 
779 705 732 733 
780 705 733 706 
781 706 733 734 
782 706 734 37 
783 37 734 36 
784 209 210 707 
785 707 210 735 
786 707 735 708 
787 708 735 736 
788 708 736 709 
789 709 736 737 
790 709 737 710 
791 710 737 738 
792 710 738 711 
793 711 738 739 
794 711 739 712 
795 712 739 740 
796 712 740 713 
797 713 740 741 
798 713 741 714 
799 714 741 742 
800 714 742 715 
801 715 742 743 
802 715 743 716 
803 716 743 744 
804 716 744 717 
805 717 744 745 
806 717 745 718 
807 718 745 746 
808 718 746 719 
809 719 746 747 
810 719 747 720 
811 720 747 748 
812 720 748 721 
813 721 748 749 
814 721 749 722 
815 722 749 750 
816 722 750 723 
817 723 750 751 
818 723 751 724 
819 724 751 752 
820 724 752 725 
821 725 752 753 
822 725 753 726 
823 726 753 754 
824 726 754 727 
825 727 754 755 
826 727 755 728 
827 728 755 756 
828 728 756 729 
829 729 756 757 
830 729 757 730 
831 730 757 758 
832 730 758 731 
833 731 758 759 
834 731 759 732 
835 732 759 760 
836 732 760 733 
837 733 760 761 
838 733 761 734 
839 734 761 762 
840 734 762 36 
841 36 762 35 
842 210 211 735 
843 735 211 763 
844 735 763 736 
845 736 763 764 
846 736 764 737 
847 737 764 765 
848 737 765 738 
849 738 765 766 
850 738 766 739 
851 739 766 767 
852 739 767 740 
853 740 767 768 
854 740 768 741 
855 741 768 769 
856 741 769 742 
857 742 769 770 
858 742 770 743 
859 743 770 771 
860 743 771 744 
861 744 771 772 
862 744 772 745 
863 745 772 773 
864 745 773 746 
865 746 773 774 
866 746 774 747 
867 747 774 775 
868 747 775 748 
869 748 775 776 
870 748 776 749 
871 749 776 777 
872 749 777 750 
873 750 777 778 
874 750 778 751 
875 751 778 779 
876 751 779 752 
877 752 779 780 
878 752 780 753 
879 753 780 781 
880 753 781 754 
881 754 781 782 
882 754 782 755 
883 755 782 783 
884 755 783 756 
885 756 783 784 
886 756 784 757 
887 757 784 785 
888 757 785 758 
889 758 785 786 
890 758 786 759 
891 759 786 787 
892 759 787 760 
893 760 787 788 
894 760 788 761 
895 761 788 789 
896 761 789 762 
897 762 789 790 
898 762 790 35 
899 35 790 34 
900 211 212 763 
901 763 212 791 
902 763 791 764 
903 764 791 792 
904 764 792 765 
905 765 792 793 
906 765 793 766 
907 766 793 794 
908 766 794 767 
909 767 794 795 
910 767 795 768 
911 768 795 796 
912 768 796 769 
913 769 796 797 
914 769 797 770 
915 770 797 798 
916 770 798 771 
917 771 798 799 
918 771 799 772 
919 772 799 800 
920 772 800 773 
921 773 800 801 
922 773 801 774 
923 774 801 802 
924 774 802 775 
925 775 802 803 
926 775 803 776 
927 776 803 804 
928 776 804 777 
929 777 804 805 
930 777 805 778 
931 778 805 806 
932 778 806 779 
933 779 806 807 
934 779 807 780 
935 780 807 808 
936 780 808 781 
937 781 808 809 
938 781 809 782 
939 782 809 810 
940 782 810 783 
941 783 810 811 
942 783 811 784 
943 784 811 812 
944 784 812 785 
945 785 812 813 
946 785 813 786 
947 786 813 814 
948 786 814 787 
949 787 814 815 
950 787 815 788 
951 788 815 816 
952 788 816 789 
953 789 816 817 
954 789 817 790 
955 790 817 818 
956 790 818 34 
957 34 818 33 
958 212 213 791 
959 791 213 819 
960 791 819 792 
961 792 819 820 
962 792 820 793 
963 793 820 821 
964 793 821 794 
965 794 821 822 
966 794 822 795 
967 795 822 823 
968 795 823 796 
969 796 823 824 
970 796 824 797 
971 797 824 825 
972 797 825 798 
973 798 825 826 
974 798 826 799 
975 799 826 827 
976 799 827 800 
977 800 827 828 
978 800 828 801 
979 801 828 829 
980 801 829 802 
981 802 829 830 
982 802 830 803 
983 803 830 831 
984 803 831 804 
985 804 831 832 
986 804 832 805 
987 805 832 833 
988 805 833 806 
989 806 833 834 
990 806 834 807 
991 807 834 835 
992 807 835 808 
993 808 835 836 
994 808 836 809 
995 809 836 837 
996 809 837 810 
997 810 837 838 
998 810 838 811 
999 811 838 839 
1000 811 839 812 
1001 812 839 840 
1002 812 840 813 
1003 813 840 841 
1004 813 841 814 
1005 814 841 842 
1006 814 842 815 
1007 815 842 843 
1008 815 843 816 
1009 816 843 844 
1010 816 844 817 
1011 817 844 845 
1012 817 845 818 
1013 818 845 846 
1014 818 846 33 
1015 33 846 32 
1016 213 214 819 
1017 819 214 847 
1018 819 847 820 
1019 820 847 848 
1020 820 848 821 
1021 821 848 849 
1022 821 849 822 
1023 822 849 850 
1024 822 850 823 
1025 823 850 851 
1026 823 851 824 
1027 824 851 852 
1028 824 852 825 
1029 825 852 853 
1030 825 853 826 
1031 826 853 854 
1032 826 854 827 
1033 827 854 855 
1034 827 855 828 
1035 828 855 856 
1036 828 856 829 
1037 829 856 857 
1038 829 857 830 
1039 830 857 858 
1040 830 858 831 
1041 831 858 859 
1042 831 859 832 
1043 832 859 860 
1044 832 860 833 
1045 833 860 861 
1046 833 861 834 
1047 834 861 862 
1048 834 862 835 
1049 835 862 863 
1050 835 863 836 
1051 836 863 864 
1052 836 864 837 
1053 837 864 865 
1054 837 865 838 
1055 838 865 866 
1056 838 866 839 
1057 839 866 867 
1058 839 867 840 
1059 840 867 868 
1060 840 868 841 
1061 841 868 869 
1062 841 869 842 
1063 842 869 870 
1064 842 870 843 
1065 843 870 871 
1066 843 871 844 
1067 844 871 872 
1068 844 872 845 
1069 845 872 873 
1070 845 873 846 
1071 846 873 874 
1072 846 874 32 
1073 32 874 31 
1074 214 215 847 
1075 847 215 875 
1076 847 875 848 
1077 848 875 876 
1078 848 876 849 
1079 849 876 877 
1080 849 877 850 
1081 850 877 878 
1082 850 878 851 
1083 851 878 879 
1084 851 879 852 
1085 852 879 880 
1086 852 880 853 
1087 853 880 881 
1088 853 881 854 
1089 854 881 882 
1090 854 882 855 
1091 855 882 883 
1092 855 883 856 
1093 856 883 884 
1094 856 884 857 
1095 857 884 885 
1096 857 885 858 
1097 858 885 886 
1098 858 886 859 
1099 859 886 887 
1100 859 887 860 
1101 860 887 888 
1102 860 888 861 
1103 861 888 889 
1104 861 889 862 
1105 862 889 890 
1106 862 890 863 
1107 863 890 891 
1108 863 891 864 
1109 864 891 892 
1110 864 892 865 
1111 865 892 893 
1112 865 893 866 
1113 866 893 894 
1114 866 894 867 
1115 867 894 895 
1116 867 895 868 
1117 868 895 896 
1118 868 896 869 
1119 869 896 897 
1120 869 897 870 
1121 870 897 898 
1122 870 898 871 
1123 871 898 899 
1124 871 899 872 
1125 872 899 900 
1126 872 900 873 
1127 873 900 901 
1128 873 901 874 
1129 874 901 902 
1130 874 902 31 
1131 31 902 30 
1132 215 216 875 
1133 875 216 903 
1134 875 903 876 
1135 876 903 904 
1136 876 904 877 
1137 877 904 905 
1138 877 905 878 
1139 878 905 906 
1140 878 906 879 
1141 879 906 907 
1142 879 907 880 
1143 880 907 908 
1144 880 908 881 
1145 881 908 909 
1146 881 909 882 
1147 882 909 910 
1148 882 910 883 
1149 883 910 911 
1150 883 911 884 
1151 884 911 912 
1152 884 912 885 
1153 885 912 913 
1154 885 913 886 
1155 886 913 914 
1156 886 914 887 
1157 887 914 915 
1158 887 915 888 
1159 888 915 916 
1160 888 916 889 
1161 889 916 917 
1162 889 917 890 
1163 890 917 918 
1164 890 918 891 
1165 891 918 919 
1166 891 919 892 
1167 892 919 920 
1168 892 920 893 
1169 893 920 921 
1170 893 921 894 
1171 894 921 922 
1172 894 922 895 
1173 895 922 923 
1174 895 923 896 
1175 896 923 924 
1176 896 924 897 
1177 897 924 925 
1178 897 925 898 
1179 898 925 926 
1180 898 926 899 
1181 899 926 927 
1182 899 927 900 
1183 900 927 928 
1184 900 928 901 
1185 901 928 929 
1186 901 929 902 
1187 902 929 930 
1188 902 930 30 
1189 30 930 29 
1190 216 217 903 
1191 903 217 931 
1192 903 931 904 
1193 904 931 932 
1194 904 932 905 
1195 905 932 933 
1196 905 933 906 
1197 906 933 934 
1198 906 934 907 
1199 907 934 935 
1200 907 935 908 
1201 908 935 936 
1202 908 936 909 
1203 909 936 937 
1204 909 937 910 
1205 910 937 938 
1206 910 938 911 
1207 911 938 939 
1208 911 939 912 
1209 912 939 940 
1210 912 940 913 
1211 913 940 941 
1212 913 941 914 
1213 914 941 942 
1214 914 942 915 
1215 915 942 943 
1216 915 943 916 
1217 916 943 944 
1218 916 944 917 
1219 917 944 945 
1220 917 945 918 
1221 918 945 946 
1222 918 946 919 
1223 919 946 947 
1224 919 947 920 
1225 920 947 948 
1226 920 948 921 
1227 921 948 949 
1228 921 949 922 
1229 922 949 950 
1230 922 950 923 
1231 923 950 951 
1232 923 951 924 
1233 924 951 952 
1234 924 952 925 
1235 925 952 953 
1236 925 953 926 
1237 926 953 954 
1238 926 954 927 
1239 927 954 955 
1240 927 955 928 
1241 928 955 956 
1242 928 956 929 
1243 929 956 957 
1244 929 957 930 
1245 930 957 958 
1246 930 958 29 
1247 29 958 28 
1248 217 218 931 
1249 931 218 959 
1250 931 959 932 
1251 932 959 960 
1252 932 960 933 
1253 933 960 961 
1254 933 961 934 
1255 934 961 962 
1256 934 962 935 
1257 935 962 963 
1258 935 963 936 
1259 936 963 964 
1260 936 964 937 
1261 937 964 965 
1262 937 965 938 
1263 938 965 966 
1264 938 966 939 
1265 939 966 967 
1266 939 967 940 
1267 940 967 968 
1268 940 968 941 
1269 941 968 969 
1270 941 969 942 
1271 942 969 970 
1272 942 970 943 
1273 943 970 971 
1274 943 971 944 
1275 944 971 972 
1276 944 972 945 
1277 945 972 973 
1278 945 973 946 
1279 946 973 974 
1280 946 974 947 
1281 947 974 975 
1282 947 975 948 
1283 948 975 976 
1284 948 976 949 
1285 949 976 977 
1286 949 977 950 
1287 950 977 978 
1288 950 978 951 
1289 951 978 979 
1290 951 979 952 
1291 952 979 980 
1292 952 980 953 
1293 953 980 981 
1294 953 981 954 
1295 954 981 982 
1296 954 982 955 
1297 955 982 983 
1298 955 983 956 
1299 956 983 984 
1300 956 984 957 
1301 957 984 985 
1302 957 985 958 
1303 958 985 986 
1304 958 986 28 
1305 28 986 27 
1306 218 219 959 
1307 959 219 987 
1308 959 987 960 
1309 960 987 988 
1310 960 988 961 
1311 961 988 989 
1312 961 989 962 
1313 962 989 990 
1314 962 990 963 
1315 963 990 991 
1316 963 991 964 
1317 964 991 992 
1318 964 992 965 
1319 965 992 993 
1320 965 993 966 
1321 966 993 994 
1322 966 994 967 
1323 967 994 995 
1324 967 995 968 
1325 968 995 996 
1326 968 996 969 
1327 969 996 997 
1328 969 997 970 
1329 970 997 998 
1330 970 998 971 
1331 971 998 999 
1332 971 999 972 
1333 972 999 1000 
1334 972 1000 973 
1335 973 1000 1001 
1336 973 1001 974 
1337 974 1001 1002 
1338 974 1002 975 
1339 975 1002 1003 
1340 975 1003 976 
1341 976 1003 1004 
1342 976 1004 977 
1343 977 1004 1005 
1344 977 1005 978 
1345 978 1005 1006 
1346 978 1006 979 
1347 979 1006 1007 
1348 979 1007 980 
1349 980 1007 1008 
1350 980 1008 981 
1351 981 1008 1009 
1352 981 1009 982 
1353 982 1009 1010 
1354 982 1010 983 
1355 983 1010 1011 
1356 983 1011 984 
1357 984 1011 1012 
1358 984 1012 985 
1359 985 1012 1013 
1360 985 1013 986 
1361 986 1013 1014 
1362 986 1014 27 
1363 27 1014 26 
1364 219 220 987 
1365 987 220 1015 
1366 987 1015 988 
1367 988 1015 1016 
1368 988 1016 989 
1369 989 1016 1017 
1370 989 1017 990 
1371 990 1017 1018 
1372 990 1018 991 
1373 991 1018 1019 
1374 991 1019 992 
1375 992 1019 1020 
1376 992 1020 993 
1377 993 1020 1021 
1378 993 1021 994 
1379 994 1021 1022 
1380 994 1022 995 
1381 995 1022 1023 
1382 995 1023 996 
1383 996 1023 1024 
1384 996 1024 997 
1385 997 1024 1025 
1386 997 1025 998 
1387 998 1025 1026 
1388 998 1026 999 
1389 999 1026 1027 
1390 999 1027 1000 
1391 1000 1027 1028 
1392 1000 1028 1001 
1393 1001 1028 1029 
1394 1001 1029 1002 
1395 1002 1029 1030 
1396 1002 1030 1003 
1397 1003 1030 1031 
1398 1003 1031 1004 
1399 1004 1031 1032 
1400 1004 1032 1005 
1401 1005 1032 1033 
1402 1005 1033 1006 
1403 1006 1033 1034 
1404 1006 1034 1007 
1405 1007 1034 1035 
1406 1007 1035 1008 
1407 1008 1035 1036 
1408 1008 1036 1009 
1409 1009 1036 1037 
1410 1009 1037 1010 
1411 1010 1037 1038 
1412 1010 1038 1011 
1413 1011 1038 1039 
1414 1011 1039 1012 
1415 1012 1039 1040 
1416 1012 1040 1013 
1417 1013 1040 1041 
1418 1013 1041 1014 
1419 1014 1041 1042 
1420 1014 1042 26 
1421 26 1042 25 
1422 220 221 1015 
1423 1015 221 1043 
1424 1015 1043 1016 
1425 1016 1043 1044 
1426 1016 1044 1017 
1427 1017 1044 1045 
1428 1017 1045 1018 
1429 1018 1045 1046 
1430 1018 1046 1019 
1431 1019 1046 1047 
1432 1019 1047 1020 
1433 1020 1047 1048 
1434 1020 1048 1021 
1435 1021 1048 1049 
1436 1021 1049 1022 
1437 1022 1049 1050 
1438 1022 1050 1023 
1439 1023 1050 1051 
1440 1023 1051 1024 
1441 1024 1051 1052 
1442 1024 1052 1025 
1443 1025 1052 1053 
1444 1025 1053 1026 
1445 1026 1053 1054 
1446 1026 1054 1027 
1447 1027 1054 1055 
1448 1027 1055 1028 
1449 1028 1055 1056 
1450 1028 1056 1029 
1451 1029 1056 1057 
1452 1029 1057 1030 
1453 1030 1057 1058 
1454 1030 1058 1031 
1455 1031 1058 1059 
1456 1031 1059 1032 
1457 1032 1059 1060 
1458 1032 1060 1033 
1459 1033 1060 1061 
1460 1033 1061 1034 
1461 1034 1061 1062 
1462 1034 1062 1035 
1463 1035 1062 1063 
1464 1035 1063 1036 
1465 1036 1063 1064 
1466 1036 1064 1037 
1467 1037 1064 1065 
1468 1037 1065 1038 
1469 1038 1065 1066 
1470 1038 1066 1039 
1471 1039 1066 1067 
1472 1039 1067 1040 
1473 1040 1067 1068 
1474 1040 1068 1041 
1475 1041 1068 1069 
1476 1041 1069 1042 
1477 1042 1069 1070 
1478 1042 1070 25 
1479 25 1070 24 
1480 221 222 1043 
1481 1043 222 1071 
1482 1043 1071 1044 
1483 1044 1071 1072 
1484 1044 1072 1045 
1485 1045 1072 1073 
1486 1045 1073 1046 
1487 1046 1073 1074 
1488 1046 1074 1047 
1489 1047 1074 1075 
1490 1047 1075 1048 
1491 1048 1075 1076 
1492 1048 1076 1049 
1493 1049 1076 1077 
1494 1049 1077 1050 
1495 1050 1077 1078 
1496 1050 1078 1051 
1497 1051 1078 1079 
1498 1051 1079 1052 
1499 1052 1079 1080 
1500 1052 1080 1053 
1501 1053 1080 1081 
1502 1053 1081 1054 
1503 1054 1081 1082 
1504 1054 1082 1055 
1505 1055 1082 1083 
1506 1055 1083 1056 
1507 1056 1083 1084 
1508 1056 1084 1057 
1509 1057 1084 1085 
1510 1057 1085 1058 
1511 1058 1085 1086 
1512 1058 1086 1059 
1513 1059 1086 1087 
1514 1059 1087 1060 
1515 1060 1087 1088 
1516 1060 1088 1061 
1517 1061 1088 1089 
1518 1061 1089 1062 
1519 1062 1089 1090 
1520 1062 1090 1063 
1521 1063 1090 1091 
1522 1063 1091 1064 
1523 1064 1091 1092 
1524 1064 1092 1065 
1525 1065 1092 1093 
1526 1065 1093 1066 
1527 1066 1093 1094 
1528 1066 1094 1067 
1529 1067 1094 1095 
1530 1067 1095 1068 
1531 1068 1095 1096 
1532 1068 1096 1069 
1533 1069 1096 1097 
1534 1069 1097 1070 
1535 1070 1097 1098 
1536 1070 1098 24 
1537 24 1098 23 
1538 222 223 1071 
1539 1071 223 1099 
1540 1071 1099 1072 
1541 1072 1099 1100 
1542 1072 1100 1073 
1543 1073 1100 1101 
1544 1073 1101 1074 
1545 1074 1101 1102 
1546 1074 1102 1075 
1547 1075 1102 1103 
1548 1075 1103 1076 
1549 1076 1103 1104 
1550 1076 1104 1077 
1551 1077 1104 1105 
1552 1077 1105 1078 
1553 1078 1105 1106 
1554 1078 1106 1079 
1555 1079 1106 1107 
1556 1079 1107 1080 
1557 1080 1107 1108 
1558 1080 1108 1081 
1559 1081 1108 1109 
1560 1081 1109 1082 
1561 1082 1109 1110 
1562 1082 1110 1083 
1563 1083 1110 1111 
1564 1083 1111 1084 
1565 1084 1111 1112 
1566 1084 1112 1085 
1567 1085 1112 1113 
1568 1085 1113 1086 
1569 1086 1113 1114 
1570 1086 1114 1087 
1571 1087 1114 1115 
1572 1087 1115 1088 
1573 1088 1115 1116 
1574 1088 1116 1089 
1575 1089 1116 1117 
1576 1089 1117 1090 
1577 1090 1117 1118 
1578 1090 1118 1091 
1579 1091 1118 1119 
1580 1091 1119 1092 
1581 1092 1119 1120 
1582 1092 1120 1093 
1583 1093 1120 1121 
1584 1093 1121 1094 
1585 1094 1121 1122 
1586 1094 1122 1095 
1587 1095 1122 1123 
1588 1095 1123 1096 
1589 1096 1123 1124 
1590 1096 1124 1097 
1591 1097 1124 1125 
1592 1097 1125 1098 
1593 1098 1125 1126 
1594 1098 1126 23 
1595 23 1126 22 
1596 223 224 1099 
1597 1099 224 1127 
1598 1099 1127 1100 
1599 1100 1127 1128 
1600 1100 1128 1101 
1601 1101 1128 1129 
1602 1101 1129 1102 
1603 1102 1129 1130 
1604 1102 1130 1103 
1605 1103 1130 1131 
1606 1103 1131 1104 
1607 1104 1131 1132 
1608 1104 1132 1105 
1609 1105 1132 1133 
1610 1105 1133 1106 
1611 1106 1133 1134 
1612 1106 1134 1107 
1613 1107 1134 1135 
1614 1107 1135 1108 
1615 1108 1135 1136 
1616 1108 1136 1109 
1617 1109 1136 1137 
1618 1109 1137 1110 
1619 1110 1137 1138 
1620 1110 1138 1111 
1621 1111 1138 1139 
1622 1111 1139 1112 
1623 1112 1139 1140 
1624 1112 1140 1113 
1625 1113 1140 1141 
1626 1113 1141 1114 
1627 1114 1141 1142 
1628 1114 1142 1115 
1629 1115 1142 1143 
1630 1115 1143 1116 
1631 1116 1143 1144 
1632 1116 1144 1117 
1633 1117 1144 1145 
1634 1117 1145 1118 
1635 1118 1145 1146 
1636 1118 1146 1119 
1637 1119 1146 1147 
1638 1119 1147 1120 
1639 1120 1147 1148 
1640 1120 1148 1121 
1641 1121 1148 1149 
1642 1121 1149 1122 
1643 1122 1149 1150 
1644 1122 1150 1123 
1645 1123 1150 1151 
1646 1123 1151 1124 
1647 1124 1151 1152 
1648 1124 1152 1125 
1649 1125 1152 1153 
1650 1125 1153 1126 
1651 1126 1153 1154 
1652 1126 1154 22 
1653 22 1154 21 
1654 224 225 1127 
1655 1127 225 1155 
1656 1127 1155 1128 
1657 1128 1155 1156 
1658 1128 1156 1129 
1659 1129 1156 1157 
1660 1129 1157 1130 
1661 1130 1157 1158 
1662 1130 1158 1131 
1663 1131 1158 1159 
1664 1131 1159 1132 
1665 1132 1159 1160 
1666 1132 1160 1133 
1667 1133 1160 1161 
1668 1133 1161 1134 
1669 1134 1161 1162 
1670 1134 1162 1135 
1671 1135 1162 1163 
1672 1135 1163 1136 
1673 1136 1163 1164 
1674 1136 1164 1137 
1675 1137 1164 1165 
1676 1137 1165 1138 
1677 1138 1165 1166 
1678 1138 1166 1139 
1679 1139 1166 1167 
1680 1139 1167 1140 
1681 1140 1167 1168 
1682 1140 1168 1141 
1683 1141 1168 1169 
1684 1141 1169 1142 
1685 1142 1169 1170 
1686 1142 1170 1143 
1687 1143 1170 1171 
1688 1143 1171 1144 
1689 1144 1171 1172 
1690 1144 1172 1145 
1691 1145 1172 1173 
1692 1145 1173 1146 
1693 1146 1173 1174 
1694 1146 1174 1147 
1695 1147 1174 1175 
1696 1147 1175 1148 
1697 1148 1175 1176 
1698 1148 1176 1149 
1699 1149 1176 1177 
1700 1149 1177 1150 
1701 1150 1177 1178 
1702 1150 1178 1151 
1703 1151 1178 1179 
1704 1151 1179 1152 
1705 1152 1179 1180 
1706 1152 1180 1153 
1707 1153 1180 1181 
1708 1153 1181 1154 
1709 1154 1181 1182 
1710 1154 1182 21 
1711 21 1182 20 
1712 225 226 1155 
1713 1155 226 1183 
1714 1155 1183 1156 
1715 1156 1183 1184 
1716 1156 1184 1157 
1717 1157 1184 1185 
1718 1157 1185 1158 
1719 1158 1185 1186 
1720 1158 1186 1159 
1721 1159 1186 1187 
1722 1159 1187 1160 
1723 1160 1187 1188 
1724 1160 1188 1161 
1725 1161 1188 1189 
1726 1161 1189 1162 
1727 1162 1189 1190 
1728 1162 1190 1163 
1729 1163 1190 1191 
1730 1163 1191 1164 
1731 1164 1191 1192 
1732 1164 1192 1165 
1733 1165 1192 1193 
1734 1165 1193 1166 
1735 1166 1193 1194 
1736 1166 1194 1167 
1737 1167 1194 1195 
1738 1167 1195 1168 
1739 1168 1195 1196 
1740 1168 1196 1169 
1741 1169 1196 1197 
1742 1169 1197 1170 
1743 1170 1197 1198 
1744 1170 1198 1171 
1745 1171 1198 1199 
1746 1171 1199 1172 
1747 1172 1199 1200 
1748 1172 1200 1173 
1749 1173 1200 1201 
1750 1173 1201 1174 
1751 1174 1201 1202 
1752 1174 1202 1175 
1753 1175 1202 1203 
1754 1175 1203 1176 
1755 1176 1203 1204 
1756 1176 1204 1177 
1757 1177 1204 1205 
1758 1177 1205 1178 
1759 1178 1205 1206 
1760 1178 1206 1179 
1761 1179 1206 1207 
1762 1179 1207 1180 
1763 1180 1207 1208 
1764 1180 1208 1181 
1765 1181 1208 1209 
1766 1181 1209 1182 
1767 1182 1209 1210 
1768 1182 1210 20 
1769 20 1210 19 
1770 226 227 1183 
1771 1183 227 1211 
1772 1183 1211 1184 
1773 1184 1211 1212 
1774 1184 1212 1185 
1775 1185 1212 1213 
1776 1185 1213 1186 
1777 1186 1213 1214 
1778 1186 1214 1187 
1779 1187 1214 1215 
1780 1187 1215 1188 
1781 1188 1215 1216 
1782 1188 1216 1189 
1783 1189 1216 1217 
1784 1189 1217 1190 
1785 1190 1217 1218 
1786 1190 1218 1191 
1787 1191 1218 1219 
1788 1191 1219 1192 
1789 1192 1219 1220 
1790 1192 1220 1193 
1791 1193 1220 1221 
1792 1193 1221 1194 
1793 1194 1221 1222 
1794 1194 1222 1195 
1795 1195 1222 1223 
1796 1195 1223 1196 
1797 1196 1223 1224 
1798 1196 1224 1197 
1799 1197 1224 1225 
1800 1197 1225 1198 
1801 1198 1225 1226 
1802 1198 1226 1199 
1803 1199 1226 1227 
1804 1199 1227 1200 
1805 1200 1227 1228 
1806 1200 1228 1201 
1807 1201 1228 1229 
1808 1201 1229 1202 
1809 1202 1229 1230 
1810 1202 1230 1203 
1811 1203 1230 1231 
1812 1203 1231 1204 
1813 1204 1231 1232 
1814 1204 1232 1205 
1815 1205 1232 1233 
1816 1205 1233 1206 
1817 1206 1233 1234 
1818 1206 1234 1207 
1819 1207 1234 1235 
1820 1207 1235 1208 
1821 1208 1235 1236 
1822 1208 1236 1209 
1823 1209 1236 1237 
1824 1209 1237 1210 
1825 1210 1237 1238 
1826 1210 1238 19 
1827 19 1238 18 
1828 227 228 1211 
1829 1211 228 1239 
1830 1211 1239 1212 
1831 1212 1239 1240 
1832 1212 1240 1213 
1833 1213 1240 1241 
1834 1213 1241 1214 
1835 1214 1241 1242 
1836 1214 1242 1215 
1837 1215 1242 1243 
1838 1215 1243 1216 
1839 1216 1243 1244 
1840 1216 1244 1217 
1841 1217 1244 1245 
1842 1217 1245 1218 
1843 1218 1245 1246 
1844 1218 1246 1219 
1845 1219 1246 1247 
1846 1219 1247 1220 
1847 1220 1247 1248 
1848 1220 1248 1221 
1849 1221 1248 1249 
1850 1221 1249 1222 
1851 1222 1249 1250 
1852 1222 1250 1223 
1853 1223 1250 1251 
1854 1223 1251 1224 
1855 1224 1251 1252 
1856 1224 1252 1225 
1857 1225 1252 1253 
1858 1225 1253 1226 
1859 1226 1253 1254 
1860 1226 1254 1227 
1861 1227 1254 1255 
1862 1227 1255 1228 
1863 1228 1255 1256 
1864 1228 1256 1229 
1865 1229 1256 1257 
1866 1229 1257 1230 
1867 1230 1257 1258 
1868 1230 1258 1231 
1869 1231 1258 1259 
1870 1231 1259 1232 
1871 1232 1259 1260 
1872 1232 1260 1233 
1873 1233 1260 1261 
1874 1233 1261 1234 
1875 1234 1261 1262 
1876 1234 1262 1235 
1877 1235 1262 1263 
1878 1235 1263 1236 
1879 1236 1263 1264 
1880 1236 1264 1237 
1881 1237 1264 1265 
1882 1237 1265 1238 
1883 1238 1265 1266 
1884 1238 1266 18 
1885 18 1266 17 
1886 228 229 1239 
1887 1239 229 1267 
1888 1239 1267 1240 
1889 1240 1267 1268 
1890 1240 1268 1241 
1891 1241 1268 1269 
1892 1241 1269 1242 
1893 1242 1269 1270 
1894 1242 1270 1243 
1895 1243 1270 1271 
1896 1243 1271 1244 
1897 1244 1271 1272 
1898 1244 1272 1245 
1899 1245 1272 1273 
1900 1245 1273 1246 
1901 1246 1273 1274 
1902 1246 1274 1247 
1903 1247 1274 1275 
1904 1247 1275 1248 
1905 1248 1275 1276 
1906 1248 1276 1249 
1907 1249 1276 1277 
1908 1249 1277 1250 
1909 1250 1277 1278 
1910 1250 1278 1251 
1911 1251 1278 1279 
1912 1251 1279 1252 
1913 1252 1279 1280 
1914 1252 1280 1253 
1915 1253 1280 1281 
1916 1253 1281 1254 
1917 1254 1281 1282 
1918 1254 1282 1255 
1919 1255 1282 1283 
1920 1255 1283 1256 
1921 1256 1283 1284 
1922 1256 1284 1257 
1923 1257 1284 1285 
1924 1257 1285 1258 
1925 1258 1285 1286 
1926 1258 1286 1259 
1927 1259 1286 1287 
1928 1259 1287 1260 
1929 1260 1287 1288 
1930 1260 1288 1261 
1931 1261 1288 1289 
1932 1261 1289 1262 
1933 1262 1289 1290 
1934 1262 1290 1263 
1935 1263 1290 1291 
1936 1263 1291 1264 
1937 1264 1291 1292 
1938 1264 1292 1265 
1939 1265 1292 1293 
1940 1265 1293 1266 
1941 1266 1293 1294 
1942 1266 1294 17 
1943 17 1294 16 
1944 229 230 1267 
1945 1267 230 1295 
1946 1267 1295 1268 
1947 1268 1295 1296 
1948 1268 1296 1269 
1949 1269 1296 1297 
1950 1269 1297 1270 
1951 1270 1297 1298 
1952 1270 1298 1271 
1953 1271 1298 1299 
1954 1271 1299 1272 
1955 1272 1299 1300 
1956 1272 1300 1273 
1957 1273 1300 1301 
1958 1273 1301 1274 
1959 1274 1301 1302 
1960 1274 1302 1275 
1961 1275 1302 1303 
1962 1275 1303 1276 
1963 1276 1303 1304 
1964 1276 1304 1277 
1965 1277 1304 1305 
1966 1277 1305 1278 
1967 1278 1305 1306 
1968 1278 1306 1279 
1969 1279 1306 1307 
1970 1279 1307 1280 
1971 1280 1307 1308 
1972 1280 1308 1281 
1973 1281 1308 1309 
1974 1281 1309 1282 
1975 1282 1309 1310 
1976 1282 1310 1283 
1977 1283 1310 1311 
1978 1283 1311 1284 
1979 1284 1311 1312 
1980 1284 1312 1285 
1981 1285 1312 1313 
1982 1285 1313 1286 
1983 1286 1313 1314 
1984 1286 1314 1287 
1985 1287 1314 1315 
1986 1287 1315 1288 
1987 1288 1315 1316 
1988 1288 1316 1289 
1989 1289 1316 1317 
1990 1289 1317 1290 
1991 1290 1317 1318 
1992 1290 1318 1291 
1993 1291 1318 1319 
1994 1291 1319 1292 
1995 1292 1319 1320 
1996 1292 1320 1293 
1997 1293 1320 1321 
1998 1293 1321 1294 
1999 1294 1321 1322 
2000 1294 1322 16 
2001 16 1322 15 
2002 230 8 1295 
2003 1295 8 231 
2004 1295 231 1296 
2005 1296 231 232 
2006 1296 232 1297 
2007 1297 232 233 
2008 1297 233 1298 
2009 1298 233 234 
2010 1298 234 1299 
2011 1299 234 235 
2012 1299 235 1300 
2013 1300 235 236 
2014 1300 236 1301 
2015 1301 236 237 
2016 1301 237 1302 
2017 1302 237 238 
2018 1302 238 1303 
2019 1303 238 239 
2020 1303 239 1304 
2021 1304 239 240 
2022 1304 240 1305 
2023 1305 240 241 
2024 1305 241 1306 
2025 1306 241 242 
2026 1306 242 1307 
2027 1307 242 243 
2028 1307 243 1308 
2029 1308 243 244 
2030 1308 244 1309 
2031 1309 244 245 
2032 1309 245 1310 
2033 1310 245 246 
2034 1310 246 1311 
2035 1311 246 247 
2036 1311 247 1312 
2037 1312 247 248 
2038 1312 248 1313 
2039 1313 248 249 
2040 1313 249 1314 
2041 1314 249 250 
2042 1314 250 1315 
2043 1315 250 251 
2044 1315 251 1316 
2045 1316 251 252 
2046 1316 252 1317 
2047 1317 252 253 
2048 1317 253 1318 
2049 1318 253 254 
2050 1318 254 1319 
2051 1319 254 255 
2052 1319 255 1320 
2053 1320 255 256 
2054 1320 256 1321 
2055 1321 256 257 
2056 1321 257 1322 
2057 1322 257 258 
2058 1322 258 15 
2059 15 258 1 
2 2 2 1972
2060 6 165 314 
2061 314 165 1323 
2062 314 1323 313 
2063 313 1323 1324 
2064 313 1324 312 
2065 312 1324 1325 
2066 312 1325 311 
2067 311 1325 1326 
2068 311 1326 310 
2069 310 1326 1327 
2070 310 1327 309 
2071 309 1327 1328 
2072 309 1328 308 
2073 308 1328 1329 
2074 308 1329 307 
2075 307 1329 1330 
2076 307 1330 306 
2077 306 1330 1331 
2078 306 1331 305 
2079 305 1331 1332 
2080 305 1332 304 
2081 304 1332 1333 
2082 304 1333 303 
2083 303 1333 1334 
2084 303 1334 302 
2085 302 1334 1335 
2086 302 1335 301 
2087 301 1335 1336 
2088 301 1336 300 
2089 300 1336 1337 
2090 300 1337 299 
2091 299 1337 1338 
2092 299 1338 298 
2093 298 1338 1339 
2094 298 1339 297 
2095 297 1339 1340 
2096 297 1340 296 
2097 296 1340 1341 
2098 296 1341 295 
2099 295 1341 1342 
2100 295 1342 294 
2101 294 1342 1343 
2102 294 1343 293 
2103 293 1343 1344 
2104 293 1344 292 
2105 292 1344 1345 
2106 292 1345 291 
2107 291 1345 1346 
2108 291 1346 290 
2109 290 1346 1347 
2110 290 1347 289 
2111 289 1347 1348 
2112 289 1348 288 
2113 288 1348 1349 
2114 288 1349 287 
2115 287 1349 1350 
2116 287 1350 3 
2117 3 1350 80 
2118 165 166 1323 
2119 1323 166 1351 
2120 1323 1351 1324 
2121 1324 1351 1352 
2122 1324 1352 1325 
2123 1325 1352 1353 
2124 1325 1353 1326 
2125 1326 1353 1354 
2126 1326 1354 1327 
2127 1327 1354 1355 
2128 1327 1355 1328 
2129 1328 1355 1356 
2130 1328 1356 1329 
2131 1329 1356 1357 
2132 1329 1357 1330 
2133 1330 1357 1358 
2134 1330 1358 1331 
2135 1331 1358 1359 
2136 1331 1359 1332 
2137 1332 1359 1360 
2138 1332 1360 1333 
2139 1333 1360 1361 
2140 1333 1361 1334 
2141 1334 1361 1362 
2142 1334 1362 1335 
2143 1335 1362 1363 
2144 1335 1363 1336 
2145 1336 1363 1364 
2146 1336 1364 1337 
2147 1337 1364 1365 
2148 1337 1365 1338 
2149 1338 1365 1366 
2150 1338 1366 1339 
2151 1339 1366 1367 
2152 1339 1367 1340 
2153 1340 1367 1368 
2154 1340 1368 1341 
2155 1341 1368 1369 
2156 1341 1369 1342 
2157 1342 1369 1370 
2158 1342 1370 1343 
2159 1343 1370 1371 
2160 1343 1371 1344 
2161 1344 1371 1372 
2162 1344 1372 1345 
2163 1345 1372 1373 
2164 1345 1373 1346 
2165 1346 1373 1374 
2166 1346 1374 1347 
2167 1347 1374 1375 
2168 1347 1375 1348 
2169 1348 1375 1376 
2170 1348 1376 1349 
2171 1349 1376 1377 
2172 1349 1377 1350 
2173 1350 1377 1378 
2174 1350 1378 80 
2175 80 1378 79 
2176 166 167 1351 
2177 1351 167 1379 
2178 1351 1379 1352 
2179 1352 1379 1380 
2180 1352 1380 1353 
2181 1353 1380 1381 
2182 1353 1381 1354 
2183 1354 1381 1382 
2184 1354 1382 1355 
2185 1355 1382 1383 
2186 1355 1383 1356 
2187 1356 1383 1384 
2188 1356 1384 1357 
2189 1357 1384 1385 
2190 1357 1385 1358 
2191 1358 1385 1386 
2192 1358 1386 1359 
2193 1359 1386 1387 
2194 1359 1387 1360 
2195 1360 1387 1388 
2196 1360 1388 1361 
2197 1361 1388 1389 
2198 1361 1389 1362 
2199 1362 1389 1390 
2200 1362 1390 1363 
2201 1363 1390 1391 
2202 1363 1391 1364 
2203 1364 1391 1392 
2204 1364 1392 1365 
2205 1365 1392 1393 
2206 1365 1393 1366 
2207 1366 1393 1394 
2208 1366 1394 1367 
2209 1367 1394 1395 
2210 1367 1395 1368 
2211 1368 1395 1396 
2212 1368 1396 1369 
2213 1369 1396 1397 
2214 1369 1397 1370 
2215 1370 1397 1398 
2216 1370 1398 1371 
2217 1371 1398 1399 
2218 1371 1399 1372 
2219 1372 1399 1400 
2220 1372 1400 1373 
2221 1373 1400 1401 
2222 1373 1401 1374 
2223 1374 1401 1402 
2224 1374 1402 1375 
2225 1375 1402 1403 
2226 1375 1403 1376 
2227 1376 1403 1404 
2228 1376 1404 1377 
2229 1377 1404 1405 
2230 1377 1405 1378 
2231 1378 1405 1406 
2232 1378 1406 79 
2233 79 1406 78 
2234 167 168 1379 
2235 1379 168 1407 
2236 1379 1407 1380 
2237 1380 1407 1408 
2238 1380 1408 1381 
2239 1381 1408 1409 
2240 1381 1409 1382 
2241 1382 1409 1410 
2242 1382 1410 1383 
2243 1383 1410 1411 
2244 1383 1411 1384 
2245 1384 1411 1412 
2246 1384 1412 1385 
2247 1385 1412 1413 
2248 1385 1413 1386 
2249 1386 1413 1414 
2250 1386 1414 1387 
2251 1387 1414 1415 
2252 1387 1415 1388 
2253 1388 1415 1416 
2254 1388 1416 1389 
2255 1389 1416 1417 
2256 1389 1417 1390 
2257 1390 1417 1418 
2258 1390 1418 1391 
2259 1391 1418 1419 
2260 1391 1419 1392 
2261 1392 1419 1420 
2262 1392 1420 1393 
2263 1393 1420 1421 
2264 1393 1421 1394 
2265 1394 1421 1422 
2266 1394 1422 1395 
2267 1395 1422 1423 
2268 1395 1423 1396 
2269 1396 1423 1424 
2270 1396 1424 1397 
2271 1397 1424 1425 
2272 1397 1425 1398 
2273 1398 1425 1426 
2274 1398 1426 1399 
2275 1399 1426 1427 
2276 1399 1427 1400 
2277 1400 1427 1428 
2278 1400 1428 1401 
2279 1401 1428 1429 
2280 1401 1429 1402 
2281 1402 1429 1430 
2282 1402 1430 1403 
2283 1403 1430 1431 
2284 1403 1431 1404 
2285 1404 1431 1432 
2286 1404 1432 1405 
2287 1405 1432 1433 
2288 1405 1433 1406 
2289 1406 1433 1434 
2290 1406 1434 78 
2291 78 1434 77 
2292 168 169 1407 
2293 1407 169 1435 
2294 1407 1435 1408 
2295 1408 1435 1436 
2296 1408 1436 1409 
2297 1409 1436 1437 
2298 1409 1437 1410 
2299 1410 1437 1438 
2300 1410 1438 1411 
2301 1411 1438 1439 
2302 1411 1439 1412 
2303 1412 1439 1440 
2304 1412 1440 1413 
2305 1413 1440 1441 
2306 1413 1441 1414 
2307 1414 1441 1442 
2308 1414 1442 1415 
2309 1415 1442 1443 
2310 1415 1443 1416 
2311 1416 1443 1444 
2312 1416 1444 1417 
2313 1417 1444 1445 
2314 1417 1445 1418 
2315 1418 1445 1446 
2316 1418 1446 1419 
2317 1419 1446 1447 
2318 1419 1447 1420 
2319 1420 1447 1448 
2320 1420 1448 1421 
2321 1421 1448 1449 
2322 1421 1449 1422 
2323 1422 1449 1450 
2324 1422 1450 1423 
2325 1423 1450 1451 
2326 1423 1451 1424 
2327 1424 1451 1452 
2328 1424 1452 1425 
2329 1425 1452 1453 
2330 1425 1453 1426 
2331 1426 1453 1454 
2332 1426 1454 1427 
2333 1427 1454 1455 
2334 1427 1455 1428 
2335 1428 1455 1456 
2336 1428 1456 1429 
2337 1429 1456 1457 
2338 1429 1457 1430 
2339 1430 1457 1458 
2340 1430 1458 1431 
2341 1431 1458 1459 
2342 1431 1459 1432 
2343 1432 1459 1460 
2344 1432 1460 1433 
2345 1433 1460 1461 
2346 1433 1461 1434 
2347 1434 1461 1462 
2348 1434 1462 77 
2349 77 1462 76 
2350 169 170 1435 
2351 1435 170 1463 
2352 1435 1463 1436 
2353 1436 1463 1464 
2354 1436 1464 1437 
2355 1437 1464 1465 
2356 1437 1465 1438 
2357 1438 1465 1466 
2358 1438 1466 1439 
2359 1439 1466 1467 
2360 1439 1467 1440 
2361 1440 1467 1468 
2362 1440 1468 1441 
2363 1441 1468 1469 
2364 1441 1469 1442 
2365 1442 1469 1470 
2366 1442 1470 1443 
2367 1443 1470 1471 
2368 1443 1471 1444 
2369 1444 1471 1472 
2370 1444 1472 1445 
2371 1445 1472 1473 
2372 1445 1473 1446 
2373 1446 1473 1474 
2374 1446 1474 1447 
2375 1447 1474 1475 
2376 1447 1475 1448 
2377 1448 1475 1476 
2378 1448 1476 1449 
2379 1449 1476 1477 
2380 1449 1477 1450 
2381 1450 1477 1478 
2382 1450 1478 1451 
2383 1451 1478 1479 
2384 1451 1479 1452 
2385 1452 1479 1480 
2386 1452 1480 1453 
2387 1453 1480 1481 
2388 1453 1481 1454 
2389 1454 1481 1482 
2390 1454 1482 1455 
2391 1455 1482 1483 
2392 1455 1483 1456 
2393 1456 1483 1484 
2394 1456 1484 1457 
2395 1457 1484 1485 
2396 1457 1485 1458 
2397 1458 1485 1486 
2398 1458 1486 1459 
2399 1459 1486 1487 
2400 1459 1487 1460 
2401 1460 1487 1488 
2402 1460 1488 1461 
2403 1461 1488 1489 
2404 1461 1489 1462 
2405 1462 1489 1490 
2406 1462 1490 76 
2407 76 1490 75 
2408 170 171 1463 
2409 1463 171 1491 
2410 1463 1491 1464 
2411 1464 1491 1492 
2412 1464 1492 1465 
2413 1465 1492 1493 
2414 1465 1493 1466 
2415 1466 1493 1494 
2416 1466 1494 1467 
2417 1467 1494 1495 
2418 1467 1495 1468 
2419 1468 1495 1496 
2420 1468 1496 1469 
2421 1469 1496 1497 
2422 1469 1497 1470 
2423 1470 1497 1498 
2424 1470 1498 1471 
2425 1471 1498 1499 
2426 1471 1499 1472 
2427 1472 1499 1500 
2428 1472 1500 1473 
2429 1473 1500 1501 
2430 1473 1501 1474 
2431 1474 1501 1502 
2432 1474 1502 1475 
2433 1475 1502 1503 
2434 1475 1503 1476 
2435 1476 1503 1504 
2436 1476 1504 1477 
2437 1477 1504 1505 
2438 1477 1505 1478 
2439 1478 1505 1506 
2440 1478 1506 1479 
2441 1479 1506 1507 
2442 1479 1507 1480 
2443 1480 1507 1508 
2444 1480 1508 1481 
2445 1481 1508 1509 
2446 1481 1509 1482 
2447 1482 1509 1510 
2448 1482 1510 1483 
2449 1483 1510 1511 
2450 1483 1511 1484 
2451 1484 1511 1512 
2452 1484 1512 1485 
2453 1485 1512 1513 
2454 1485 1513 1486 
2455 1486 1513 1514 
2456 1486 1514 1487 
2457 1487 1514 1515 
2458 1487 1515 1488 
2459 1488 1515 1516 
2460 1488 1516 1489 
2461 1489 1516 1517 
2462 1489 1517 1490 
2463 1490 1517 1518 
2464 1490 1518 75 
2465 75 1518 74 
2466 171 172 1491 
2467 1491 172 1519 
2468 1491 1519 1492 
2469 1492 1519 1520 
2470 1492 1520 1493 
2471 1493 1520 1521 
2472 1493 1521 1494 
2473 1494 1521 1522 
2474 1494 1522 1495 
2475 1495 1522 1523 
2476 1495 1523 1496 
2477 1496 1523 1524 
2478 1496 1524 1497 
2479 1497 1524 1525 
2480 1497 1525 1498 
2481 1498 1525 1526 
2482 1498 1526 1499 
2483 1499 1526 1527 
2484 1499 1527 1500 
2485 1500 1527 1528 
2486 1500 1528 1501 
2487 1501 1528 1529 
2488 1501 1529 1502 
2489 1502 1529 1530 
2490 1502 1530 1503 
2491 1503 1530 1531 
2492 1503 1531 1504 
2493 1504 1531 1532 
2494 1504 1532 1505 
2495 1505 1532 1533 
2496 1505 1533 1506 
2497 1506 1533 1534 
2498 1506 1534 1507 
2499 1507 1534 1535 
2500 1507 1535 1508 
2501 1508 1535 1536 
2502 1508 1536 1509 
2503 1509 1536 1537 
2504 1509 1537 1510 
2505 1510 1537 1538 
2506 1510 1538 1511 
2507 1511 1538 1539 
2508 1511 1539 1512 
2509 1512 1539 1540 
2510 1512 1540 1513 
2511 1513 1540 1541 
2512 1513 1541 1514 
2513 1514 1541 1542 
2514 1514 1542 1515 
2515 1515 1542 1543 
2516 1515 1543 1516 
2517 1516 1543 1544 
2518 1516 1544 1517 
2519 1517 1544 1545 
2520 1517 1545 1518 
2521 1518 1545 1546 
2522 1518 1546 74 
2523 74 1546 73 
2524 172 173 1519 
2525 1519 173 1547 
2526 1519 1547 1520 
2527 1520 1547 1548 
2528 1520 1548 1521 
2529 1521 1548 1549 
2530 1521 1549 1522 
2531 1522 1549 1550 
2532 1522 1550 1523 
2533 1523 1550 1551 
2534 1523 1551 1524 
2535 1524 1551 1552 
2536 1524 1552 1525 
2537 1525 1552 1553 
2538 1525 1553 1526 
2539 1526 1553 1554 
2540 1526 1554 1527 
2541 1527 1554 1555 
2542 1527 1555 1528 
2543 1528 1555 1556 
2544 1528 1556 1529 
2545 1529 1556 1557 
2546 1529 1557 1530 
2547 1530 1557 1558 
2548 1530 1558 1531 
2549 1531 1558 1559 
2550 1531 1559 1532 
2551 1532 1559 1560 
2552 1532 1560 1533 
2553 1533 1560 1561 
2554 1533 1561 1534 
2555 1534 1561 1562 
2556 1534 1562 1535 
2557 1535 1562 1563 
2558 1535 1563 1536 
2559 1536 1563 1564 
2560 1536 1564 1537 
2561 1537 1564 1565 
2562 1537 1565 1538 
2563 1538 1565 1566 
2564 1538 1566 1539 
2565 1539 1566 1567 
2566 1539 1567 1540 
2567 1540 1567 1568 
2568 1540 1568 1541 
2569 1541 1568 1569 
2570 1541 1569 1542 
2571 1542 1569 1570 
2572 1542 1570 1543 
2573 1543 1570 1571 
2574 1543 1571 1544 
2575 1544 1571 1572 
2576 1544 1572 1545 
2577 1545 1572 1573 
2578 1545 1573 1546 
2579 1546 1573 1574 
2580 1546 1574 73 
2581 73 1574 72 
2582 173 174 1547 
2583 1547 174 1575 
2584 1547 1575 1548 
2585 1548 1575 1576 
2586 1548 1576 1549 
2587 1549 1576 1577 
2588 1549 1577 1550 
2589 1550 1577 1578 
2590 1550 1578 1551 
2591 1551 1578 1579 
2592 1551 1579 1552 
2593 1552 1579 1580 
2594 1552 1580 1553 
2595 1553 1580 1581 
2596 1553 1581 1554 
2597 1554 1581 1582 
2598 1554 1582 1555 
2599 1555 1582 1583 
2600 1555 1583 1556 
2601 1556 1583 1584 
2602 1556 1584 1557 
2603 1557 1584 1585 
2604 1557 1585 1558 
2605 1558 1585 1586 
2606 1558 1586 1559 
2607 1559 1586 1587 
2608 1559 1587 1560 
2609 1560 1587 1588 
2610 1560 1588 1561 
2611 1561 1588 1589 
2612 1561 1589 1562 
2613 1562 1589 1590 
2614 1562 1590 1563 
2615 1563 1590 1591 
2616 1563 1591 1564 
2617 1564 1591 1592 
2618 1564 1592 1565 
2619 1565 1592 1593 
2620 1565 1593 1566 
2621 1566 1593 1594 
2622 1566 1594 1567 
2623 1567 1594 1595 
2624 1567 1595 1568 
2625 1568 1595 1596 
2626 1568 1596 1569 
2627 1569 1596 1597 
2628 1569 1597 1570 
2629 1570 1597 1598 
2630 1570 1598 1571 
2631 1571 1598 1599 
2632 1571 1599 1572 
2633 1572 1599 1600 
2634 1572 1600 1573 
2635 1573 1600 1601 
2636 1573 1601 1574 
2637 1574 1601 1602 
2638 1574 1602 72 
2639 72 1602 71 
2640 174 175 1575 
2641 1575 175 1603 
2642 1575 1603 1576 
2643 1576 1603 1604 
2644 1576 1604 1577 
2645 1577 1604 1605 
2646 1577 1605 1578 
2647 1578 1605 1606 
2648 1578 1606 1579 
2649 1579 1606 1607 
2650 1579 1607 1580 
2651 1580 1607 1608 
2652 1580 1608 1581 
2653 1581 1608 1609 
2654 1581 1609 1582 
2655 1582 1609 1610 
2656 1582 1610 1583 
2657 1583 1610 1611 
2658 1583 1611 1584 
2659 1584 1611 1612 
2660 1584 1612 1585 
2661 1585 1612 1613 
2662 1585 1613 1586 
2663 1586 1613 1614 
2664 1586 1614 1587 
2665 1587 1614 1615 
2666 1587 1615 1588 
2667 1588 1615 1616 
2668 1588 1616 1589 
2669 1589 1616 1617 
2670 1589 1617 1590 
2671 1590 1617 1618 
2672 1590 1618 1591 
2673 1591 1618 1619 
2674 1591 1619 1592 
2675 1592 1619 1620 
2676 1592 1620 1593 
2677 1593 1620 1621 
2678 1593 1621 1594 
2679 1594 1621 1622 
2680 1594 1622 1595 
2681 1595 1622 1623 
2682 1595 1623 1596 
2683 1596 1623 1624 
2684 1596 1624 1597 
2685 1597 1624 1625 
2686 1597 1625 1598 
2687 1598 1625 1626 
2688 1598 1626 1599 
2689 1599 1626 1627 
2690 1599 1627 1600 
2691 1600 1627 1628 
2692 1600 1628 1601 
2693 1601 1628 1629 
2694 1601 1629 1602 
2695 1602 1629 1630 
2696 1602 1630 71 
2697 71 1630 70 
2698 175 176 1603 
2699 1603 176 1631 
2700 1603 1631 1604 
2701 1604 1631 1632 
2702 1604 1632 1605 
2703 1605 1632 1633 
2704 1605 1633 1606 
2705 1606 1633 1634 
2706 1606 1634 1607 
2707 1607 1634 1635 
2708 1607 1635 1608 
2709 1608 1635 1636 
2710 1608 1636 1609 
2711 1609 1636 1637 
2712 1609 1637 1610 
2713 1610 1637 1638 
2714 1610 1638 1611 
2715 1611 1638 1639 
2716 1611 1639 1612 
2717 1612 1639 1640 
2718 1612 1640 1613 
2719 1613 1640 1641 
2720 1613 1641 1614 
2721 1614 1641 1642 
2722 1614 1642 1615 
2723 1615 1642 1643 
2724 1615 1643 1616 
2725 1616 1643 1644 
2726 1616 1644 1617 
2727 1617 1644 1645 
2728 1617 1645 1618 
2729 1618 1645 1646 
2730 1618 1646 1619 
2731 1619 1646 1647 
2732 1619 1647 1620 
2733 1620 1647 1648 
2734 1620 1648 1621 
2735 1621 1648 1649 
2736 1621 1649 1622 
2737 1622 1649 1650 
2738 1622 1650 1623 
2739 1623 1650 1651 
2740 1623 1651 1624 
2741 1624 1651 1652 
2742 1624 1652 1625 
2743 1625 1652 1653 
2744 1625 1653 1626 
2745 1626 1653 1654 
2746 1626 1654 1627 
2747 1627 1654 1655 
2748 1627 1655 1628 
2749 1628 1655 1656 
2750 1628 1656 1629 
2751 1629 1656 1657 
2752 1629 1657 1630 
2753 1630 1657 1658 
2754 1630 1658 70 
2755 70 1658 69 
2756 176 177 1631 
2757 1631 177 1659 
2758 1631 1659 1632 
2759 1632 1659 1660 
2760 1632 1660 1633 
2761 1633 1660 1661 
2762 1633 1661 1634 
2763 1634 1661 1662 
2764 1634 1662 1635 
2765 1635 1662 1663 
2766 1635 1663 1636 
2767 1636 1663 1664 
2768 1636 1664 1637 
2769 1637 1664 1665 
2770 1637 1665 1638 
2771 1638 1665 1666 
2772 1638 1666 1639 
2773 1639 1666 1667 
2774 1639 1667 1640 
2775 1640 1667 1668 
2776 1640 1668 1641 
2777 1641 1668 1669 
2778 1641 1669 1642 
2779 1642 1669 1670 
2780 1642 1670 1643 
2781 1643 1670 1671 
2782 1643 1671 1644 
2783 1644 1671 1672 
2784 1644 1672 1645 
2785 1645 1672 1673 
2786 1645 1673 1646 
2787 1646 1673 1674 
2788 1646 1674 1647 
2789 1647 1674 1675 
2790 1647 1675 1648 
2791 1648 1675 1676 
2792 1648 1676 1649 
2793 1649 1676 1677 
2794 1649 1677 1650 
2795 1650 1677 1678 
2796 1650 1678 1651 
2797 1651 1678 1679 
2798 1651 1679 1652 
2799 1652 1679 1680 
2800 1652 1680 1653 
2801 1653 1680 1681 
2802 1653 1681 1654 
2803 1654 1681 1682 
2804 1654 1682 1655 
2805 1655 1682 1683 
2806 1655 1683 1656 
2807 1656 1683 1684 
2808 1656 1684 1657 
2809 1657 1684 1685 
2810 1657 1685 1658 
2811 1658 1685 1686 
2812 1658 1686 69 
2813 69 1686 68 
2814 177 178 1659 
2815 1659 178 1687 
2816 1659 1687 1660 
2817 1660 1687 1688 
2818 1660 1688 1661 
2819 1661 1688 1689 
2820 1661 1689 1662 
2821 1662 1689 1690 
2822 1662 1690 1663 
2823 1663 1690 1691 
2824 1663 1691 1664 
2825 1664 1691 1692 
2826 1664 1692 1665 
2827 1665 1692 1693 
2828 1665 1693 1666 
2829 1666 1693 1694 
2830 1666 1694 1667 
2831 1667 1694 1695 
2832 1667 1695 1668 
2833 1668 1695 1696 
2834 1668 1696 1669 
2835 1669 1696 1697 
2836 1669 1697 1670 
2837 1670 1697 1698 
2838 1670 1698 1671 
2839 1671 1698 1699 
2840 1671 1699 1672 
2841 1672 1699 1700 
2842 1672 1700 1673 
2843 1673 1700 1701 
2844 1673 1701 1674 
2845 1674 1701 1702 
2846 1674 1702 1675 
2847 1675 1702 1703 
2848 1675 1703 1676 
2849 1676 1703 1704 
2850 1676 1704 1677 
2851 1677 1704 1705 
2852 1677 1705 1678 
2853 1678 1705 1706 
2854 1678 1706 1679 
2855 1679 1706 1707 
2856 1679 1707 1680 
2857 1680 1707 1708 
2858 1680 1708 1681 
2859 1681 1708 1709 
2860 1681 1709 1682 
2861 1682 1709 1710 
2862 1682 1710 1683 
2863 1683 1710 1711 
2864 1683 1711 1684 
2865 1684 1711 1712 
2866 1684 1712 1685 
2867 1685 1712 1713 
2868 1685 1713 1686 
2869 1686 1713 1714 
2870 1686 1714 68 
2871 68 1714 67 
2872 178 179 1687 
2873 1687 179 1715 
2874 1687 1715 1688 
2875 1688 1715 1716 
2876 1688 1716 1689 
2877 1689 1716 1717 
2878 1689 1717 1690 
2879 1690 1717 1718 
2880 1690 1718 1691 
2881 1691 1718 1719 
2882 1691 1719 1692 
2883 1692 1719 1720 
2884 1692 1720 1693 
2885 1693 1720 1721 
2886 1693 1721 1694 
2887 1694 1721 1722 
2888 1694 1722 1695 
2889 1695 1722 1723 
2890 1695 1723 1696 
2891 1696 1723 1724 
2892 1696 1724 1697 
2893 1697 1724 1725 
2894 1697 1725 1698 
2895 1698 1725 1726 
2896 1698 1726 1699 
2897 1699 1726 1727 
2898 1699 1727 1700 
2899 1700 1727 1728 
2900 1700 1728 1701 
2901 1701 1728 1729 
2902 1701 1729 1702 
2903 1702 1729 1730 
2904 1702 1730 1703 
2905 1703 1730 1731 
2906 1703 1731 1704 
2907 1704 1731 1732 
2908 1704 1732 1705 
2909 1705 1732 1733 
2910 1705 1733 1706 
2911 1706 1733 1734 
2912 1706 1734 1707 
2913 1707 1734 1735 
2914 1707 1735 1708 
2915 1708 1735 1736 
2916 1708 1736 1709 
2917 1709 1736 1737 
2918 1709 1737 1710 
2919 1710 1737 1738 
2920 1710 1738 1711 
2921 1711 1738 1739 
2922 1711 1739 1712 
2923 1712 1739 1740 
2924 1712 1740 1713 
2925 1713 1740 1741 
2926 1713 1741 1714 
2927 1714 1741 1742 
2928 1714 1742 67 
2929 67 1742 66 
2930 179 180 1715 
2931 1715 180 1743 
2932 1715 1743 1716 
2933 1716 1743 1744 
2934 1716 1744 1717 
2935 1717 1744 1745 
2936 1717 1745 1718 
2937 1718 1745 1746 
2938 1718 1746 1719 
2939 1719 1746 1747 
2940 1719 1747 1720 
2941 1720 1747 1748 
2942 1720 1748 1721 
2943 1721 1748 1749 
2944 1721 1749 1722 
2945 1722 1749 1750 
2946 1722 1750 1723 
2947 1723 1750 1751 
2948 1723 1751 1724 
2949 1724 1751 1752 
2950 1724 1752 1725 
2951 1725 1752 1753 
2952 1725 1753 1726 
2953 1726 1753 1754 
2954 1726 1754 1727 
2955 1727 1754 1755 
2956 1727 1755 1728 
2957 1728 1755 1756 
2958 1728 1756 1729 
2959 1729 1756 1757 
2960 1729 1757 1730 
2961 1730 1757 1758 
2962 1730 1758 1731 
2963 1731 1758 1759 
2964 1731 1759 1732 
2965 1732 1759 1760 
2966 1732 1760 1733 
2967 1733 1760 1761 
2968 1733 1761 1734 
2969 1734 1761 1762 
2970 1734 1762 1735 
2971 1735 1762 1763 
2972 1735 1763 1736 
2973 1736 1763 1764 
2974 1736 1764 1737 
2975 1737 1764 1765 
2976 1737 1765 1738 
2977 1738 1765 1766 
2978 1738 1766 1739 
2979 1739 1766 1767 
2980 1739 1767 1740 
2981 1740 1767 1768 
2982 1740 1768 1741 
2983 1741 1768 1769 
2984 1741 1769 1742 
2985 1742 1769 1770 
2986 1742 1770 66 
2987 66 1770 65 
2988 180 181 1743 
2989 1743 181 1771 
2990 1743 1771 1744 
2991 1744 1771 1772 
2992 1744 1772 1745 
2993 1745 1772 1773 
2994 1745 1773 1746 
2995 1746 1773 1774 
2996 1746 1774 1747 
2997 1747 1774 1775 
2998 1747 1775 1748 
2999 1748 1775 1776 
3000 1748 1776 1749 
3001 1749 1776 1777 
3002 1749 1777 1750 
3003 1750 1777 1778 
3004 1750 1778 1751 
3005 1751 1778 1779 
3006 1751 1779 1752 
3007 1752 1779 1780 
3008 1752 1780 1753 
3009 1753 1780 1781 
3010 1753 1781 1754 
3011 1754 1781 1782 
3012 1754 1782 1755 
3013 1755 1782 1783 
3014 1755 1783 1756 
3015 1756 1783 1784 
3016 1756 1784 1757 
3017 1757 1784 1785 
3018 1757 1785 1758 
3019 1758 1785 1786 
3020 1758 1786 1759 
3021 1759 1786 1787 
3022 1759 1787 1760 
3023 1760 1787 1788 
3024 1760 1788 1761 
3025 1761 1788 1789 
3026 1761 1789 1762 
3027 1762 1789 1790 
3028 1762 1790 1763 
3029 1763 1790 1791 
3030 1763 1791 1764 
3031 1764 1791 1792 
3032 1764 1792 1765 
3033 1765 1792 1793 
3034 1765 1793 1766 
3035 1766 1793 1794 
3036 1766 1794 1767 
3037 1767 1794 1795 
3038 1767 1795 1768 
3039 1768 1795 1796 
3040 1768 1796 1769 
3041 1769 1796 1797 
3042 1769 1797 1770 
3043 1770 1797 1798 
3044 1770 1798 65 
3045 65 1798 64 
3046 181 182 1771 
3047 1771 182 1799 
3048 1771 1799 1772 
3049 1772 1799 1800 
3050 1772 1800 1773 
3051 1773 1800 1801 
3052 1773 1801 1774 
3053 1774 1801 1802 
3054 1774 1802 1775 
3055 1775 1802 1803 
3056 1775 1803 1776 
3057 1776 1803 1804 
3058 1776 1804 1777 
3059 1777 1804 1805 
3060 1777 1805 1778 
3061 1778 1805 1806 
3062 1778 1806 1779 
3063 1779 1806 1807 
3064 1779 1807 1780 
3065 1780 1807 1808 
3066 1780 1808 1781 
3067 1781 1808 1809 
3068 1781 1809 1782 
3069 1782 1809 1810 
3070 1782 1810 1783 
3071 1783 1810 1811 
3072 1783 1811 1784 
3073 1784 1811 1812 
3074 1784 1812 1785 
3075 1785 1812 1813 
3076 1785 1813 1786 
3077 1786 1813 1814 
3078 1786 1814 1787 
3079 1787 1814 1815 
3080 1787 1815 1788 
3081 1788 1815 1816 
3082 1788 1816 1789 
3083 1789 1816 1817 
3084 1789 1817 1790 
3085 1790 1817 1818 
3086 1790 1818 1791 
3087 1791 1818 1819 
3088 1791 1819 1792 
3089 1792 1819 1820 
3090 1792 1820 1793 
3091 1793 1820 1821 
3092 1793 1821 1794 
3093 1794 1821 1822 
3094 1794 1822 1795 
3095 1795 1822 1823 
3096 1795 1823 1796 
3097 1796 1823 1824 
3098 1796 1824 1797 
3099 1797 1824 1825 
3100 1797 1825 1798 
3101 1798 1825 1826 
3102 1798 1826 64 
3103 64 1826 63 
3104 182 183 1799 
3105 1799 183 1827 
3106 1799 1827 1800 
3107 1800 1827 1828 
3108 1800 1828 1801 
3109 1801 1828 1829 
3110 1801 1829 1802 
3111 1802 1829 1830 
3112 1802 1830 1803 
3113 1803 1830 1831 
3114 1803 1831 1804 
3115 1804 1831 1832 
3116 1804 1832 1805 
3117 1805 1832 1833 
3118 1805 1833 1806 
3119 1806 1833 1834 
3120 1806 1834 1807 
3121 1807 1834 1835 
3122 1807 1835 1808 
3123 1808 1835 1836 
3124 1808 1836 1809 
3125 1809 1836 1837 
3126 1809 1837 1810 
3127 1810 1837 1838 
3128 1810 1838 1811 
3129 1811 1838 1839 
3130 1811 1839 1812 
3131 1812 1839 1840 
3132 1812 1840 1813 
3133 1813 1840 1841 
3134 1813 1841 1814 
3135 1814 1841 1842 
3136 1814 1842 1815 
3137 1815 1842 1843 
3138 1815 1843 1816 
3139 1816 1843 1844 
3140 1816 1844 1817 
3141 1817 1844 1845 
3142 1817 1845 1818 
3143 1818 1845 1846 
3144 1818 1846 1819 
3145 1819 1846 1847 
3146 1819 1847 1820 
3147 1820 1847 1848 
3148 1820 1848 1821 
3149 1821 1848 1849 
3150 1821 1849 1822 
3151 1822 1849 1850 
3152 1822 1850 1823 
3153 1823 1850 1851 
3154 1823 1851 1824 
3155 1824 1851 1852 
3156 1824 1852 1825 
3157 1825 1852 1853 
3158 1825 1853 1826 
3159 1826 1853 1854 
3160 1826 1854 63 
3161 63 1854 62 
3162 183 184 1827 
3163 1827 184 1855 
3164 1827 1855 1828 
3165 1828 1855 1856 
3166 1828 1856 1829 
3167 1829 1856 1857 
3168 1829 1857 1830 
3169 1830 1857 1858 
3170 1830 1858 1831 
3171 1831 1858 1859 
3172 1831 1859 1832 
3173 1832 1859 1860 
3174 1832 1860 1833 
3175 1833 1860 1861 
3176 1833 1861 1834 
3177 1834 1861 1862 
3178 1834 1862 1835 
3179 1835 1862 1863 
3180 1835 1863 1836 
3181 1836 1863 1864 
3182 1836 1864 1837 
3183 1837 1864 1865 
3184 1837 1865 1838 
3185 1838 1865 1866 
3186 1838 1866 1839 
3187 1839 1866 1867 
3188 1839 1867 1840 
3189 1840 1867 1868 
3190 1840 1868 1841 
3191 1841 1868 1869 
3192 1841 1869 1842 
3193 1842 1869 1870 
3194 1842 1870 1843 
3195 1843 1870 1871 
3196 1843 1871 1844 
3197 1844 1871 1872 
3198 1844 1872 1845 
3199 1845 1872 1873 
3200 1845 1873 1846 
3201 1846 1873 1874 
3202 1846 1874 1847 
3203 1847 1874 1875 
3204 1847 1875 1848 
3205 1848 1875 1876 
3206 1848 1876 1849 
3207 1849 1876 1877 
3208 1849 1877 1850 
3209 1850 1877 1878 
3210 1850 1878 1851 
3211 1851 1878 1879 
3212 1851 1879 1852 
3213 1852 1879 1880 
3214 1852 1880 1853 
3215 1853 1880 1881 
3216 1853 1881 1854 
3217 1854 1881 1882 
3218 1854 1882 62 
3219 62 1882 61 
3220 184 185 1855 
3221 1855 185 1883 
3222 1855 1883 1856 
3223 1856 1883 1884 
3224 1856 1884 1857 
3225 1857 1884 1885 
3226 1857 1885 1858 
3227 1858 1885 1886 
3228 1858 1886 1859 
3229 1859 1886 1887 
3230 1859 1887 1860 
3231 1860 1887 1888 
3232 1860 1888 1861 
3233 1861 1888 1889 
3234 1861 1889 1862 
3235 1862 1889 1890 
3236 1862 1890 1863 
3237 1863 1890 1891 
3238 1863 1891 1864 
3239 1864 1891 1892 
3240 1864 1892 1865 
3241 1865 1892 1893 
3242 1865 1893 1866 
3243 1866 1893 1894 
3244 1866 1894 1867 
3245 1867 1894 1895 
3246 1867 1895 1868 
3247 1868 1895 1896 
3248 1868 1896 1869 
3249 1869 1896 1897 
3250 1869 1897 1870 
3251 1870 1897 1898 
3252 1870 1898 1871 
3253 1871 1898 1899 
3254 1871 1899 1872 
3255 1872 1899 1900 
3256 1872 1900 1873 
3257 1873 1900 1901 
3258 1873 1901 1874 
3259 1874 1901 1902 
3260 1874 1902 1875 
3261 1875 1902 1903 
3262 1875 1903 1876 
3263 1876 1903 1904 
3264 1876 1904 1877 
3265 1877 1904 1905 
3266 1877 1905 1878 
3267 1878 1905 1906 
3268 1878 1906 1879 
3269 1879 1906 1907 
3270 1879 1907 1880 
3271 1880 1907 1908 
3272 1880 1908 1881 
3273 1881 1908 1909 
3274 1881 1909 1882 
3275 1882 1909 1910 
3276 1882 1910 61 
3277 61 1910 60 
3278 185 186 1883 
3279 1883 186 1911 
3280 1883 1911 1884 
3281 1884 1911 1912 
3282 1884 1912 1885 
3283 1885 1912 1913 
3284 1885 1913 1886 
3285 1886 1913 1914 
3286 1886 1914 1887 
3287 1887 1914 1915 
3288 1887 1915 1888 
3289 1888 1915 1916 
3290 1888 1916 1889 
3291 1889 1916 1917 
3292 1889 1917 1890 
3293 1890 1917 1918 
3294 1890 1918 1891 
3295 1891 1918 1919 
3296 1891 1919 1892 
3297 1892 1919 1920 
3298 1892 1920 1893 
3299 1893 1920 1921 
3300 1893 1921 1894 
3301 1894 1921 1922 
3302 1894 1922 1895 
3303 1895 1922 1923 
3304 1895 1923 1896 
3305 1896 1923 1924 
3306 1896 1924 1897 
3307 1897 1924 1925 
3308 1897 1925 1898 
3309 1898 1925 1926 
3310 1898 1926 1899 
3311 1899 1926 1927 
3312 1899 1927 1900 
3313 1900 1927 1928 
3314 1900 1928 1901 
3315 1901 1928 1929 
3316 1901 1929 1902 
3317 1902 1929 1930 
3318 1902 1930 1903 
3319 1903 1930 1931 
3320 1903 1931 1904 
3321 1904 1931 1932 
3322 1904 1932 1905 
3323 1905 1932 1933 
3324 1905 1933 1906 
3325 1906 1933 1934 
3326 1906 1934 1907 
3327 1907 1934 1935 
3328 1907 1935 1908 
3329 1908 1935 1936 
3330 1908 1936 1909 
3331 1909 1936 1937 
3332 1909 1937 1910 
3333 1910 1937 1938 
3334 1910 1938 60 
3335 60 1938 59 
3336 186 187 1911 
3337 1911 187 1939 
3338 1911 1939 1912 
3339 1912 1939 1940 
3340 1912 1940 1913 
3341 1913 1940 1941 
3342 1913 1941 1914 
3343 1914 1941 1942 
3344 1914 1942 1915 
3345 1915 1942 1943 
3346 1915 1943 1916 
3347 1916 1943 1944 
3348 1916 1944 1917 
3349 1917 1944 1945 
3350 1917 1945 1918 
3351 1918 1945 1946 
3352 1918 1946 1919 
3353 1919 1946 1947 
3354 1919 1947 1920 
3355 1920 1947 1948 
3356 1920 1948 1921 
3357 1921 1948 1949 
3358 1921 1949 1922 
3359 1922 1949 1950 
3360 1922 1950 1923 
3361 1923 1950 1951 
3362 1923 1951 1924 
3363 1924 1951 1952 
3364 1924 1952 1925 
3365 1925 1952 1953 
3366 1925 1953 1926 
3367 1926 1953 1954 
3368 1926 1954 1927 
3369 1927 1954 1955 
3370 1927 1955 1928 
3371 1928 1955 1956 
3372 1928 1956 1929 
3373 1929 1956 1957 
3374 1929 1957 1930 
3375 1930 1957 1958 
3376 1930 1958 1931 
3377 1931 1958 1959 
3378 1931 1959 1932 
3379 1932 1959 1960 
3380 1932 1960 1933 
3381 1933 1960 1961 
3382 1933 1961 1934 
3383 1934 1961 1962 
3384 1934 1962 1935 
3385 1935 1962 1963 
3386 1935 1963 1936 
3387 1936 1963 1964 
3388 1936 1964 1937 
3389 1937 1964 1965 
3390 1937 1965 1938 
3391 1938 1965 1966 
3392 1938 1966 59 
3393 59 1966 58 
3394 187 188 1939 
3395 1939 188 1967 
3396 1939 1967 1940 
3397 1940 1967 1968 
3398 1940 1968 1941 
3399 1941 1968 1969 
3400 1941 1969 1942 
3401 1942 1969 1970 
3402 1942 1970 1943 
3403 1943 1970 1971 
3404 1943 1971 1944 
3405 1944 1971 1972 
3406 1944 1972 1945 
3407 1945 1972 1973 
3408 1945 1973 1946 
3409 1946 1973 1974 
3410 1946 1974 1947 
3411 1947 1974 1975 
3412 1947 1975 1948 
3413 1948 1975 1976 
3414 1948 1976 1949 
3415 1949 1976 1977 
3416 1949 1977 1950 
3417 1950 1977 1978 
3418 1950 1978 1951 
3419 1951 1978 1979 
3420 1951 1979 1952 
3421 1952 1979 1980 
3422 1952 1980 1953 
3423 1953 1980 1981 
3424 1953 1981 1954 
3425 1954 1981 1982 
3426 1954 1982 1955 
3427 1955 1982 1983 
3428 1955 1983 1956 
3429 1956 1983 1984 
3430 1956 1984 1957 
3431 1957 1984 1985 
3432 1957 1985 1958 
3433 1958 1985 1986 
3434 1958 1986 1959 
3435 1959 1986 1987 
3436 1959 1987 1960 
3437 1960 1987 1988 
3438 1960 1988 1961 
3439 1961 1988 1989 
3440 1961 1989 1962 
3441 1962 1989 1990 
3442 1962 1990 1963 
3443 1963 1990 1991 
3444 1963 1991 1964 
3445 1964 1991 1992 
3446 1964 1992 1965 
3447 1965 1992 1993 
3448 1965 1993 1966 
3449 1966 1993 1994 
3450 1966 1994 58 
3451 58 1994 57 
3452 188 189 1967 
3453 1967 189 1995 
3454 1967 1995 1968 
3455 1968 1995 1996 
3456 1968 1996 1969 
3457 1969 1996 1997 
3458 1969 1997 1970 
3459 1970 1997 1998 
3460 1970 1998 1971 
3461 1971 1998 1999 
3462 1971 1999 1972 
3463 1972 1999 2000 
3464 1972 2000 1973 
3465 1973 2000 2001 
3466 1973 2001 1974 
3467 1974 2001 2002 
3468 1974 2002 1975 
3469 1975 2002 2003 
3470 1975 2003 1976 
3471 1976 2003 2004 
3472 1976 2004 1977 
3473 1977 2004 2005 
3474 1977 2005 1978 
3475 1978 2005 2006 
3476 1978 2006 1979 
3477 1979 2006 2007 
3478 1979 2007 1980 
3479 1980 2007 2008 
3480 1980 2008 1981 
3481 1981 2008 2009 
3482 1981 2009 1982 
3483 1982 2009 2010 
3484 1982 2010 1983 
3485 1983 2010 2011 
3486 1983 2011 1984 
3487 1984 2011 2012 
3488 1984 2012 1985 
3489 1985 2012 2013 
3490 1985 2013 1986 
3491 1986 2013 2014 
3492 1986 2014 1987 
3493 1987 2014 2015 
3494 1987 2015 1988 
3495 1988 2015 2016 
3496 1988 2016 1989 
3497 1989 2016 2017 
3498 1989 2017 1990 
3499 1990 2017 2018 
3500 1990 2018 1991 
3501 1991 2018 2019 
3502 1991 2019 1992 
3503 1992 2019 2020 
3504 1992 2020 1993 
3505 1993 2020 2021 
3506 1993 2021 1994 
3507 1994 2021 2022 
3508 1994 2022 57 
3509 57 2022 56 
3510 189 190 1995 
3511 1995 190 2023 
3512 1995 2023 1996 
3513 1996 2023 2024 
3514 1996 2024 1997 
3515 1997 2024 2025 
3516 1997 2025 1998 
3517 1998 2025 2026 
3518 1998 2026 1999 
3519 1999 2026 2027 
3520 1999 2027 2000 
3521 2000 2027 2028 
3522 2000 2028 2001 
3523 2001 2028 2029 
3524 2001 2029 2002 
3525 2002 2029 2030 
3526 2002 2030 2003 
3527 2003 2030 2031 
3528 2003 2031 2004 
3529 2004 2031 2032 
3530 2004 2032 2005 
3531 2005 2032 2033 
3532 2005 2033 2006 
3533 2006 2033 2034 
3534 2006 2034 2007 
3535 2007 2034 2035 
3536 2007 2035 2008 
3537 2008 2035 2036 
3538 2008 2036 2009 
3539 2009 2036 2037 
3540 2009 2037 2010 
3541 2010 2037 2038 
3542 2010 2038 2011 
3543 2011 2038 2039 
3544 2011 2039 2012 
3545 2012 2039 2040 
3546 2012 2040 2013 
3547 2013 2040 2041 
3548 2013 2041 2014 
3549 2014 2041 2042 
3550 2014 2042 2015 
3551 2015 2042 2043 
3552 2015 2043 2016 
3553 2016 2043 2044 
3554 2016 2044 2017 
3555 2017 2044 2045 
3556 2017 2045 2018 
3557 2018 2045 2046 
3558 2018 2046 2019 
3559 2019 2046 2047 
3560 2019 2047 2020 
3561 2020 2047 2048 
3562 2020 2048 2021 
3563 2021 2048 2049 
3564 2021 2049 2022 
3565 2022 2049 2050 
3566 2022 2050 56 
3567 56 2050 55 
3568 190 191 2023 
3569 2023 191 2051 
3570 2023 2051 2024 
3571 2024 2051 2052 
3572 2024 2052 2025 
3573 2025 2052 2053 
3574 2025 2053 2026 
3575 2026 2053 2054 
3576 2026 2054 2027 
3577 2027 2054 2055 
3578 2027 2055 2028 
3579 2028 2055 2056 
3580 2028 2056 2029 
3581 2029 2056 2057 
3582 2029 2057 2030 
3583 2030 2057 2058 
3584 2030 2058 2031 
3585 2031 2058 2059 
3586 2031 2059 2032 
3587 2032 2059 2060 
3588 2032 2060 2033 
3589 2033 2060 2061 
3590 2033 2061 2034 
3591 2034 2061 2062 
3592 2034 2062 2035 
3593 2035 2062 2063 
3594 2035 2063 2036 
3595 2036 2063 2064 
3596 2036 2064 2037 
3597 2037 2064 2065 
3598 2037 2065 2038 
3599 2038 2065 2066 
3600 2038 2066 2039 
3601 2039 2066 2067 
3602 2039 2067 2040 
3603 2040 2067 2068 
3604 2040 2068 2041 
3605 2041 2068 2069 
3606 2041 2069 2042 
3607 2042 2069 2070 
3608 2042 2070 2043 
3609 2043 2070 2071 
3610 2043 2071 2044 
3611 2044 2071 2072 
3612 2044 2072 2045 
3613 2045 2072 2073 
3614 2045 2073 2046 
3615 2046 2073 2074 
3616 2046 2074 2047 
3617 2047 2074 2075 
3618 2047 2075 2048 
3619 2048 2075 2076 
3620 2048 2076 2049 
3621 2049 2076 2077 
3622 2049 2077 2050 
3623 2050 2077 2078 
3624 2050 2078 55 
3625 55 2078 54 
3626 191 192 2051 
3627 2051 192 2079 
3628 2051 2079 2052 
3629 2052 2079 2080 
3630 2052 2080 2053 
3631 2053 2080 2081 
3632 2053 2081 2054 
3633 2054 2081 2082 
3634 2054 2082 2055 
3635 2055 2082 2083 
3636 2055 2083 2056 
3637 2056 2083 2084 
3638 2056 2084 2057 
3639 2057 2084 2085 
3640 2057 2085 2058 
3641 2058 2085 2086 
3642 2058 2086 2059 
3643 2059 2086 2087 
3644 2059 2087 2060 
3645 2060 2087 2088 
3646 2060 2088 2061 
3647 2061 2088 2089 
3648 2061 2089 2062 
3649 2062 2089 2090 
3650 2062 2090 2063 
3651 2063 2090 2091 
3652 2063 2091 2064 
3653 2064 2091 2092 
3654 2064 2092 2065 
3655 2065 2092 2093 
3656 2065 2093 2066 
3657 2066 2093 2094 
3658 2066 2094 2067 
3659 2067 2094 2095 
3660 2067 2095 2068 
3661 2068 2095 2096 
3662 2068 2096 2069 
3663 2069 2096 2097 
3664 2069 2097 2070 
3665 2070 2097 2098 
3666 2070 2098 2071 
3667 2071 2098 2099 
3668 2071 2099 2072 
3669 2072 2099 2100 
3670 2072 2100 2073 
3671 2073 2100 2101 
3672 2073 2101 2074 
3673 2074 2101 2102 
3674 2074 2102 2075 
3675 2075 2102 2103 
3676 2075 2103 2076 
3677 2076 2103 2104 
3678 2076 2104 2077 
3679 2077 2104 2105 
3680 2077 2105 2078 
3681 2078 2105 2106 
3682 2078 2106 54 
3683 54 2106 53 
3684 192 193 2079 
3685 2079 193 2107 
3686 2079 2107 2080 
3687 2080 2107 2108 
3688 2080 2108 2081 
3689 2081 2108 2109 
3690 2081 2109 2082 
3691 2082 2109 2110 
3692 2082 2110 2083 
3693 2083 2110 2111 
3694 2083 2111 2084 
3695 2084 2111 2112 
3696 2084 2112 2085 
3697 2085 2112 2113 
3698 2085 2113 2086 
3699 2086 2113 2114 
3700 2086 2114 2087 
3701 2087 2114 2115 
3702 2087 2115 2088 
3703 2088 2115 2116 
3704 2088 2116 2089 
3705 2089 2116 2117 
3706 2089 2117 2090 
3707 2090 2117 2118 
3708 2090 2118 2091 
3709 2091 2118 2119 
3710 2091 2119 2092 
3711 2092 2119 2120 
3712 2092 2120 2093 
3713 2093 2120 2121 
3714 2093 2121 2094 
3715 2094 2121 2122 
3716 2094 2122 2095 
3717 2095 2122 2123 
3718 2095 2123 2096 
3719 2096 2123 2124 
3720 2096 2124 2097 
3721 2097 2124 2125 
3722 2097 2125 2098 
3723 2098 2125 2126 
3724 2098 2126 2099 
3725 2099 2126 2127 
3726 2099 2127 2100 
3727 2100 2127 2128 
3728 2100 2128 2101 
3729 2101 2128 2129 
3730 2101 2129 2102 
3731 2102 2129 2130 
3732 2102 2130 2103 
3733 2103 2130 2131 
3734 2103 2131 2104 
3735 2104 2131 2132 
3736 2104 2132 2105 
3737 2105 2132 2133 
3738 2105 2133 2106 
3739 2106 2133 2134 
3740 2106 2134 53 
3741 53 2134 52 
3742 193 194 2107 
3743 2107 194 2135 
3744 2107 2135 2108 
3745 2108 2135 2136 
3746 2108 2136 2109 
3747 2109 2136 2137 
3748 2109 2137 2110 
3749 2110 2137 2138 
3750 2110 2138 2111 
3751 2111 2138 2139 
3752 2111 2139 2112 
3753 2112 2139 2140 
3754 2112 2140 2113 
3755 2113 2140 2141 
3756 2113 2141 2114 
3757 2114 2141 2142 
3758 2114 2142 2115 
3759 2115 2142 2143 
3760 2115 2143 2116 
3761 2116 2143 2144 
3762 2116 2144 2117 
3763 2117 2144 2145 
3764 2117 2145 2118 
3765 2118 2145 2146 
3766 2118 2146 2119 
3767 2119 2146 2147 
3768 2119 2147 2120 
3769 2120 2147 2148 
3770 2120 2148 2121 
3771 2121 2148 2149 
3772 2121 2149 2122 
3773 2122 2149 2150 
3774 2122 2150 2123 
3775 2123 2150 2151 
3776 2123 2151 2124 
3777 2124 2151 2152 
3778 2124 2152 2125 
3779 2125 2152 2153 
3780 2125 2153 2126 
3781 2126 2153 2154 
3782 2126 2154 2127 
3783 2127 2154 2155 
3784 2127 2155 2128 
3785 2128 2155 2156 
3786 2128 2156 2129 
3787 2129 2156 2157 
3788 2129 2157 2130 
3789 2130 2157 2158 
3790 2130 2158 2131 
3791 2131 2158 2159 
3792 2131 2159 2132 
3793 2132 2159 2160 
3794 2132 2160 2133 
3795 2133 2160 2161 
3796 2133 2161 2134 
3797 2134 2161 2162 
3798 2134 2162 52 
3799 52 2162 51 
3800 194 195 2135 
3801 2135 195 2163 
3802 2135 2163 2136 
3803 2136 2163 2164 
3804 2136 2164 2137 
3805 2137 2164 2165 
3806 2137 2165 2138 
3807 2138 2165 2166 
3808 2138 2166 2139 
3809 2139 2166 2167 
3810 2139 2167 2140 
3811 2140 2167 2168 
3812 2140 2168 2141 
3813 2141 2168 2169 
3814 2141 2169 2142 
3815 2142 2169 2170 
3816 2142 2170 2143 
3817 2143 2170 2171 
3818 2143 2171 2144 
3819 2144 2171 2172 
3820 2144 2172 2145 
3821 2145 2172 2173 
3822 2145 2173 2146 
3823 2146 2173 2174 
3824 2146 2174 2147 
3825 2147 2174 2175 
3826 2147 2175 2148 
3827 2148 2175 2176 
3828 2148 2176 2149 
3829 2149 2176 2177 
3830 2149 2177 2150 
3831 2150 2177 2178 
3832 2150 2178 2151 
3833 2151 2178 2179 
3834 2151 2179 2152 
3835 2152 2179 2180 
3836 2152 2180 2153 
3837 2153 2180 2181 
3838 2153 2181 2154 
3839 2154 2181 2182 
3840 2154 2182 2155 
3841 2155 2182 2183 
3842 2155 2183 2156 
3843 2156 2183 2184 
3844 2156 2184 2157 
3845 2157 2184 2185 
3846 2157 2185 2158 
3847 2158 2185 2186 
3848 2158 2186 2159 
3849 2159 2186 2187 
3850 2159 2187 2160 
3851 2160 2187 2188 
3852 2160 2188 2161 
3853 2161 2188 2189 
3854 2161 2189 2162 
3855 2162 2189 2190 
3856 2162 2190 51 
3857 51 2190 50 
3858 195 196 2163 
3859 2163 196 2191 
3860 2163 2191 2164 
3861 2164 2191 2192 
3862 2164 2192 2165 
3863 2165 2192 2193 
3864 2165 2193 2166 
3865 2166 2193 2194 
3866 2166 2194 2167 
3867 2167 2194 2195 
3868 2167 2195 2168 
3869 2168 2195 2196 
3870 2168 2196 2169 
3871 2169 2196 2197 
3872 2169 2197 2170 
3873 2170 2197 2198 
3874 2170 2198 2171 
3875 2171 2198 2199 
3876 2171 2199 2172 
3877 2172 2199 2200 
3878 2172 2200 2173 
3879 2173 2200 2201 
3880 2173 2201 2174 
3881 2174 2201 2202 
3882 2174 2202 2175 
3883 2175 2202 2203 
3884 2175 2203 2176 
3885 2176 2203 2204 
3886 2176 2204 2177 
3887 2177 2204 2205 
3888 2177 2205 2178 
3889 2178 2205 2206 
3890 2178 2206 2179 
3891 2179 2206 2207 
3892 2179 2207 2180 
3893 2180 2207 2208 
3894 2180 2208 2181 
3895 2181 2208 2209 
3896 2181 2209 2182 
3897 2182 2209 2210 
3898 2182 2210 2183 
3899 2183 2210 2211 
3900 2183 2211 2184 
3901 2184 2211 2212 
3902 2184 2212 2185 
3903 2185 2212 2213 
3904 2185 2213 2186 
3905 2186 2213 2214 
3906 2186 2214 2187 
3907 2187 2214 2215 
3908 2187 2215 2188 
3909 2188 2215 2216 
3910 2188 2216 2189 
3911 2189 2216 2217 
3912 2189 2217 2190 
3913 2190 2217 2218 
3914 2190 2218 50 
3915 50 2218 49 
3916 196 197 2191 
3917 2191 197 2219 
3918 2191 2219 2192 
3919 2192 2219 2220 
3920 2192 2220 2193 
3921 2193 2220 2221 
3922 2193 2221 2194 
3923 2194 2221 2222 
3924 2194 2222 2195 
3925 2195 2222 2223 
3926 2195 2223 2196 
3927 2196 2223 2224 
3928 2196 2224 2197 
3929 2197 2224 2225 
3930 2197 2225 2198 
3931 2198 2225 2226 
3932 2198 2226 2199 
3933 2199 2226 2227 
3934 2199 2227 2200 
3935 2200 2227 2228 
3936 2200 2228 2201 
3937 2201 2228 2229 
3938 2201 2229 2202 
3939 2202 2229 2230 
3940 2202 2230 2203 
3941 2203 2230 2231 
3942 2203 2231 2204 
3943 2204 2231 2232 
3944 2204 2232 2205 
3945 2205 2232 2233 
3946 2205 2233 2206 
3947 2206 2233 2234 
3948 2206 2234 2207 
3949 2207 2234 2235 
3950 2207 2235 2208 
3951 2208 2235 2236 
3952 2208 2236 2209 
3953 2209 2236 2237 
3954 2209 2237 2210 
3955 2210 2237 2238 
3956 2210 2238 2211 
3957 2211 2238 2239 
3958 2211 2239 2212 
3959 2212 2239 2240 
3960 2212 2240 2213 
3961 2213 2240 2241 
3962 2213 2241 2214 
3963 2214 2241 2242 
3964 2214 2242 2215 
3965 2215 2242 2243 
3966 2215 2243 2216 
3967 2216 2243 2244 
3968 2216 2244 2217 
3969 2217 2244 2245 
3970 2217 2245 2218 
3971 2218 2245 2246 
3972 2218 2246 49 
3973 49 2246 48 
3974 197 7 2219 
3975 2219 7 286 
3976 2219 286 2220 
3977 2220 286 285 
3978 2220 285 2221 
3979 2221 285 284 
3980 2221 284 2222 
3981 2222 284 283 
3982 2222 283 2223 
3983 2223 283 282 
3984 2223 282 2224 
3985 2224 282 281 
3986 2224 281 2225 
3987 2225 281 280 
3988 2225 280 2226 
3989 2226 280 279 
3990 2226 279 2227 
3991 2227 279 278 
3992 2227 278 2228 
3993 2228 278 277 
3994 2228 277 2229 
3995 2229 277 276 
3996 2229 276 2230 
3997 2230 276 275 
3998 2230 275 2231 
3999 2231 275 274 
4000 2231 274 2232 
4001 2232 274 273 
4002 2232 273 2233 
4003 2233 273 272 
4004 2233 272 2234 
4005 2234 272 271 
4006 2234 271 2235 
4007 2235 271 270 
4008 2235 270 2236 
4009 2236 270 269 
4010 2236 269 2237 
4011 2237 269 268 
4012 2237 268 2238 
4013 2238 268 267 
4014 2238 267 2239 
4015 2239 267 266 
4016 2239 266 2240 
4017 2240 266 265 
4018 2240 265 2241 
4019 2241 265 264 
4020 2241 264 2242 
4021 2242 264 263 
4022 2242 263 2243 
4023 2243 263 262 
4024 2243 262 2244 
4025 2244 262 261 
4026 2244 261 2245 
4027 2245 261 260 
4028 2245 260 2246 
4029 2246 260 259 
4030 2246 259 48 
4031 48 259 2 
2 3 2 1682
4032 5 137 136 
4033 136 137 2247 
4034 136 2247 135 
4035 135 2247 2248 
4036 135 2248 134 
4037 134 2248 2249 
4038 134 2249 133 
4039 133 2249 2250 
4040 133 2250 132 
4041 132 2250 2251 
4042 132 2251 131 
4043 131 2251 2252 
4044 131 2252 130 
4045 130 2252 2253 
4046 130 2253 129 
4047 129 2253 2254 
4048 129 2254 128 
4049 128 2254 2255 
4050 128 2255 127 
4051 127 2255 2256 
4052 127 2256 126 
4053 126 2256 2257 
4054 126 2257 125 
4055 125 2257 2258 
4056 125 2258 124 
4057 124 2258 2259 
4058 124 2259 123 
4059 123 2259 2260 
4060 123 2260 122 
4061 122 2260 2261 
4062 122 2261 121 
4063 121 2261 2262 
4064 121 2262 120 
4065 120 2262 2263 
4066 120 2263 119 
4067 119 2263 2264 
4068 119 2264 118 
4069 118 2264 2265 
4070 118 2265 117 
4071 117 2265 2266 
4072 117 2266 116 
4073 116 2266 2267 
4074 116 2267 115 
4075 115 2267 2268 
4076 115 2268 114 
4077 114 2268 2269 
4078 114 2269 113 
4079 113 2269 2270 
4080 113 2270 112 
4081 112 2270 2271 
4082 112 2271 111 
4083 111 2271 2272 
4084 111 2272 110 
4085 110 2272 2273 
4086 110 2273 109 
4087 109 2273 2274 
4088 109 2274 4 
4089 4 2274 108 
4090 137 138 2247 
4091 2247 138 2275 
4092 2247 2275 2248 
4093 2248 2275 2276 
4094 2248 2276 2249 
4095 2249 2276 2277 
4096 2249 2277 2250 
4097 2250 2277 2278 
4098 2250 2278 2251 
4099 2251 2278 2279 
4100 2251 2279 2252 
4101 2252 2279 2280 
4102 2252 2280 2253 
4103 2253 2280 2281 
4104 2253 2281 2254 
4105 2254 2281 2282 
4106 2254 2282 2255 
4107 2255 2282 2283 
4108 2255 2283 2256 
4109 2256 2283 2284 
4110 2256 2284 2257 
4111 2257 2284 2285 
4112 2257 2285 2258 
4113 2258 2285 2286 
4114 2258 2286 2259 
4115 2259 2286 2287 
4116 2259 2287 2260 
4117 2260 2287 2288 
4118 2260 2288 2261 
4119 2261 2288 2289 
4120 2261 2289 2262 
4121 2262 2289 2290 
4122 2262 2290 2263 
4123 2263 2290 2291 
4124 2263 2291 2264 
4125 2264 2291 2292 
4126 2264 2292 2265 
4127 2265 2292 2293 
4128 2265 2293 2266 
4129 2266 2293 2294 
4130 2266 2294 2267 
4131 2267 2294 2295 
4132 2267 2295 2268 
4133 2268 2295 2296 
4134 2268 2296 2269 
4135 2269 2296 2297 
4136 2269 2297 2270 
4137 2270 2297 2298 
4138 2270 2298 2271 
4139 2271 2298 2299 
4140 2271 2299 2272 
4141 2272 2299 2300 
4142 2272 2300 2273 
4143 2273 2300 2301 
4144 2273 2301 2274 
4145 2274 2301 2302 
4146 2274 2302 108 
4147 108 2302 107 
4148 138 139 2275 
4149 2275 139 2303 
4150 2275 2303 2276 
4151 2276 2303 2304 
4152 2276 2304 2277 
4153 2277 2304 2305 
4154 2277 2305 2278 
4155 2278 2305 2306 
4156 2278 2306 2279 
4157 2279 2306 2307 
4158 2279 2307 2280 
4159 2280 2307 2308 
4160 2280 2308 2281 
4161 2281 2308 2309 
4162 2281 2309 2282 
4163 2282 2309 2310 
4164 2282 2310 2283 
4165 2283 2310 2311 
4166 2283 2311 2284 
4167 2284 2311 2312 
4168 2284 2312 2285 
4169 2285 2312 2313 
4170 2285 2313 2286 
4171 2286 2313 2314 
4172 2286 2314 2287 
4173 2287 2314 2315 
4174 2287 2315 2288 
4175 2288 2315 2316 
4176 2288 2316 2289 
4177 2289 2316 2317 
4178 2289 2317 2290 
4179 2290 2317 2318 
4180 2290 2318 2291 
4181 2291 2318 2319 
4182 2291 2319 2292 
4183 2292 2319 2320 
4184 2292 2320 2293 
4185 2293 2320 2321 
4186 2293 2321 2294 
4187 2294 2321 2322 
4188 2294 2322 2295 
4189 2295 2322 2323 
4190 2295 2323 2296 
4191 2296 2323 2324 
4192 2296 2324 2297 
4193 2297 2324 2325 
4194 2297 2325 2298 
4195 2298 2325 2326 
4196 2298 2326 2299 
4197 2299 2326 2327 
4198 2299 2327 2300 
4199 2300 2327 2328 
4200 2300 2328 2301 
4201 2301 2328 2329 
4202 2301 2329 2302 
4203 2302 2329 2330 
4204 2302 2330 107 
4205 107 2330 106 
4206 139 140 2303 
4207 2303 140 2331 
4208 2303 2331 2304 
4209 2304 2331 2332 
4210 2304 2332 2305 
4211 2305 2332 2333 
4212 2305 2333 2306 
4213 2306 2333 2334 
4214 2306 2334 2307 
4215 2307 2334 2335 
4216 2307 2335 2308 
4217 2308 2335 2336 
4218 2308 2336 2309 
4219 2309 2336 2337 
4220 2309 2337 2310 
4221 2310 2337 2338 
4222 2310 2338 2311 
4223 2311 2338 2339 
4224 2311 2339 2312 
4225 2312 2339 2340 
4226 2312 2340 2313 
4227 2313 2340 2341 
4228 2313 2341 2314 
4229 2314 2341 2342 
4230 2314 2342 2315 
4231 2315 2342 2343 
4232 2315 2343 2316 
4233 2316 2343 2344 
4234 2316 2344 2317 
4235 2317 2344 2345 
4236 2317 2345 2318 
4237 2318 2345 2346 
4238 2318 2346 2319 
4239 2319 2346 2347 
4240 2319 2347 2320 
4241 2320 2347 2348 
4242 2320 2348 2321 
4243 2321 2348 2349 
4244 2321 2349 2322 
4245 2322 2349 2350 
4246 2322 2350 2323 
4247 2323 2350 2351 
4248 2323 2351 2324 
4249 2324 2351 2352 
4250 2324 2352 2325 
4251 2325 2352 2353 
4252 2325 2353 2326 
4253 2326 2353 2354 
4254 2326 2354 2327 
4255 2327 2354 2355 
4256 2327 2355 2328 
4257 2328 2355 2356 
4258 2328 2356 2329 
4259 2329 2356 2357 
4260 2329 2357 2330 
4261 2330 2357 2358 
4262 2330 2358 106 
4263 106 2358 105 
4264 140 141 2331 
4265 2331 141 2359 
4266 2331 2359 2332 
4267 2332 2359 2360 
4268 2332 2360 2333 
4269 2333 2360 2361 
4270 2333 2361 2334 
4271 2334 2361 2362 
4272 2334 2362 2335 
4273 2335 2362 2363 
4274 2335 2363 2336 
4275 2336 2363 2364 
4276 2336 2364 2337 
4277 2337 2364 2365 
4278 2337 2365 2338 
4279 2338 2365 2366 
4280 2338 2366 2339 
4281 2339 2366 2367 
4282 2339 2367 2340 
4283 2340 2367 2368 
4284 2340 2368 2341 
4285 2341 2368 2369 
4286 2341 2369 2342 
4287 2342 2369 2370 
4288 2342 2370 2343 
4289 2343 2370 2371 
4290 2343 2371 2344 
4291 2344 2371 2372 
4292 2344 2372 2345 
4293 2345 2372 2373 
4294 2345 2373 2346 
4295 2346 2373 2374 
4296 2346 2374 2347 
4297 2347 2374 2375 
4298 2347 2375 2348 
4299 2348 2375 2376 
4300 2348 2376 2349 
4301 2349 2376 2377 
4302 2349 2377 2350 
4303 2350 2377 2378 
4304 2350 2378 2351 
4305 2351 2378 2379 
4306 2351 2379 2352 
4307 2352 2379 2380 
4308 2352 2380 2353 
4309 2353 2380 2381 
4310 2353 2381 2354 
4311 2354 2381 2382 
4312 2354 2382 2355 
4313 2355 2382 2383 
4314 2355 2383 2356 
4315 2356 2383 2384 
4316 2356 2384 2357 
4317 2357 2384 2385 
4318 2357 2385 2358 
4319 2358 2385 2386 
4320 2358 2386 105 
4321 105 2386 104 
4322 141 142 2359 
4323 2359 142 2387 
4324 2359 2387 2360 
4325 2360 2387 2388 
4326 2360 2388 2361 
4327 2361 2388 2389 
4328 2361 2389 2362 
4329 2362 2389 2390 
4330 2362 2390 2363 
4331 2363 2390 2391 
4332 2363 2391 2364 
4333 2364 2391 2392 
4334 2364 2392 2365 
4335 2365 2392 2393 
4336 2365 2393 2366 
4337 2366 2393 2394 
4338 2366 2394 2367 
4339 2367 2394 2395 
4340 2367 2395 2368 
4341 2368 2395 2396 
4342 2368 2396 2369 
4343 2369 2396 2397 
4344 2369 2397 2370 
4345 2370 2397 2398 
4346 2370 2398 2371 
4347 2371 2398 2399 
4348 2371 2399 2372 
4349 2372 2399 2400 
4350 2372 2400 2373 
4351 2373 2400 2401 
4352 2373 2401 2374 
4353 2374 2401 2402 
4354 2374 2402 2375 
4355 2375 2402 2403 
4356 2375 2403 2376 
4357 2376 2403 2404 
4358 2376 2404 2377 
4359 2377 2404 2405 
4360 2377 2405 2378 
4361 2378 2405 2406 
4362 2378 2406 2379 
4363 2379 2406 2407 
4364 2379 2407 2380 
4365 2380 2407 2408 
4366 2380 2408 2381 
4367 2381 2408 2409 
4368 2381 2409 2382 
4369 2382 2409 2410 
4370 2382 2410 2383 
4371 2383 2410 2411 
4372 2383 2411 2384 
4373 2384 2411 2412 
4374 2384 2412 2385 
4375 2385 2412 2413 
4376 2385 2413 2386 
4377 2386 2413 2414 
4378 2386 2414 104 
4379 104 2414 103 
4380 142 143 2387 
4381 2387 143 2415 
4382 2387 2415 2388 
4383 2388 2415 2416 
4384 2388 2416 2389 
4385 2389 2416 2417 
4386 2389 2417 2390 
4387 2390 2417 2418 
4388 2390 2418 2391 
4389 2391 2418 2419 
4390 2391 2419 2392 
4391 2392 2419 2420 
4392 2392 2420 2393 
4393 2393 2420 2421 
4394 2393 2421 2394 
4395 2394 2421 2422 
4396 2394 2422 2395 
4397 2395 2422 2423 
4398 2395 2423 2396 
4399 2396 2423 2424 
4400 2396 2424 2397 
4401 2397 2424 2425 
4402 2397 2425 2398 
4403 2398 2425 2426 
4404 2398 2426 2399 
4405 2399 2426 2427 
4406 2399 2427 2400 
4407 2400 2427 2428 
4408 2400 2428 2401 
4409 2401 2428 2429 
4410 2401 2429 2402 
4411 2402 2429 2430 
4412 2402 2430 2403 
4413 2403 2430 2431 
4414 2403 2431 2404 
4415 2404 2431 2432 
4416 2404 2432 2405 
4417 2405 2432 2433 
4418 2405 2433 2406 
4419 2406 2433 2434 
4420 2406 2434 2407 
4421 2407 2434 2435 
4422 2407 2435 2408 
4423 2408 2435 2436 
4424 2408 2436 2409 
4425 2409 2436 2437 
4426 2409 2437 2410 
4427 2410 2437 2438 
4428 2410 2438 2411 
4429 2411 2438 2439 
4430 2411 2439 2412 
4431 2412 2439 2440 
4432 2412 2440 2413 
4433 2413 2440 2441 
4434 2413 2441 2414 
4435 2414 2441 2442 
4436 2414 2442 103 
4437 103 2442 102 
4438 143 144 2415 
4439 2415 144 2443 
4440 2415 2443 2416 
4441 2416 2443 2444 
4442 2416 2444 2417 
4443 2417 2444 2445 
4444 2417 2445 2418 
4445 2418 2445 2446 
4446 2418 2446 2419 
4447 2419 2446 2447 
4448 2419 2447 2420 
4449 2420 2447 2448 
4450 2420 2448 2421 
4451 2421 2448 2449 
4452 2421 2449 2422 
4453 2422 2449 2450 
4454 2422 2450 2423 
4455 2423 2450 2451 
4456 2423 2451 2424 
4457 2424 2451 2452 
4458 2424 2452 2425 
4459 2425 2452 2453 
4460 2425 2453 2426 
4461 2426 2453 2454 
4462 2426 2454 2427 
4463 2427 2454 2455 
4464 2427 2455 2428 
4465 2428 2455 2456 
4466 2428 2456 2429 
4467 2429 2456 2457 
4468 2429 2457 2430 
4469 2430 2457 2458 
4470 2430 2458 2431 
4471 2431 2458 2459 
4472 2431 2459 2432 
4473 2432 2459 2460 
4474 2432 2460 2433 
4475 2433 2460 2461 
4476 2433 2461 2434 
4477 2434 2461 2462 
4478 2434 2462 2435 
4479 2435 2462 2463 
4480 2435 2463 2436 
4481 2436 2463 2464 
4482 2436 2464 2437 
4483 2437 2464 2465 
4484 2437 2465 2438 
4485 2438 2465 2466 
4486 2438 2466 2439 
4487 2439 2466 2467 
4488 2439 2467 2440 
4489 2440 2467 2468 
4490 2440 2468 2441 
4491 2441 2468 2469 
4492 2441 2469 2442 
4493 2442 2469 2470 
4494 2442 2470 102 
4495 102 2470 101 
4496 144 145 2443 
4497 2443 145 2471 
4498 2443 2471 2444 
4499 2444 2471 2472 
4500 2444 2472 2445 
4501 2445 2472 2473 
4502 2445 2473 2446 
4503 2446 2473 2474 
4504 2446 2474 2447 
4505 2447 2474 2475 
4506 2447 2475 2448 
4507 2448 2475 2476 
4508 2448 2476 2449 
4509 2449 2476 2477 
4510 2449 2477 2450 
4511 2450 2477 2478 
4512 2450 2478 2451 
4513 2451 2478 2479 
4514 2451 2479 2452 
4515 2452 2479 2480 
4516 2452 2480 2453 
4517 2453 2480 2481 
4518 2453 2481 2454 
4519 2454 2481 2482 
4520 2454 2482 2455 
4521 2455 2482 2483 
4522 2455 2483 2456 
4523 2456 2483 2484 
4524 2456 2484 2457 
4525 2457 2484 2485 
4526 2457 2485 2458 
4527 2458 2485 2486 
4528 2458 2486 2459 
4529 2459 2486 2487 
4530 2459 2487 2460 
4531 2460 2487 2488 
4532 2460 2488 2461 
4533 2461 2488 2489 
4534 2461 2489 2462 
4535 2462 2489 2490 
4536 2462 2490 2463 
4537 2463 2490 2491 
4538 2463 2491 2464 
4539 2464 2491 2492 
4540 2464 2492 2465 
4541 2465 2492 2493 
4542 2465 2493 2466 
4543 2466 2493 2494 
4544 2466 2494 2467 
4545 2467 2494 2495 
4546 2467 2495 2468 
4547 2468 2495 2496 
4548 2468 2496 2469 
4549 2469 2496 2497 
4550 2469 2497 2470 
4551 2470 2497 2498 
4552 2470 2498 101 
4553 101 2498 100 
4554 145 146 2471 
4555 2471 146 2499 
4556 2471 2499 2472 
4557 2472 2499 2500 
4558 2472 2500 2473 
4559 2473 2500 2501 
4560 2473 2501 2474 
4561 2474 2501 2502 
4562 2474 2502 2475 
4563 2475 2502 2503 
4564 2475 2503 2476 
4565 2476 2503 2504 
4566 2476 2504 2477 
4567 2477 2504 2505 
4568 2477 2505 2478 
4569 2478 2505 2506 
4570 2478 2506 2479 
4571 2479 2506 2507 
4572 2479 2507 2480 
4573 2480 2507 2508 
4574 2480 2508 2481 
4575 2481 2508 2509 
4576 2481 2509 2482 
4577 2482 2509 2510 
4578 2482 2510 2483 
4579 2483 2510 2511 
4580 2483 2511 2484 
4581 2484 2511 2512 
4582 2484 2512 2485 
4583 2485 2512 2513 
4584 2485 2513 2486 
4585 2486 2513 2514 
4586 2486 2514 2487 
4587 2487 2514 2515 
4588 2487 2515 2488 
4589 2488 2515 2516 
4590 2488 2516 2489 
4591 2489 2516 2517 
4592 2489 2517 2490 
4593 2490 2517 2518 
4594 2490 2518 2491 
4595 2491 2518 2519 
4596 2491 2519 2492 
4597 2492 2519 2520 
4598 2492 2520 2493 
4599 2493 2520 2521 
4600 2493 2521 2494 
4601 2494 2521 2522 
4602 2494 2522 2495 
4603 2495 2522 2523 
4604 2495 2523 2496 
4605 2496 2523 2524 
4606 2496 2524 2497 
4607 2497 2524 2525 
4608 2497 2525 2498 
4609 2498 2525 2526 
4610 2498 2526 100 
4611 100 2526 99 
4612 146 147 2499 
4613 2499 147 2527 
4614 2499 2527 2500 
4615 2500 2527 2528 
4616 2500 2528 2501 
4617 2501 2528 2529 
4618 2501 2529 2502 
4619 2502 2529 2530 
4620 2502 2530 2503 
4621 2503 2530 2531 
4622 2503 2531 2504 
4623 2504 2531 2532 
4624 2504 2532 2505 
4625 2505 2532 2533 
4626 2505 2533 2506 
4627 2506 2533 2534 
4628 2506 2534 2507 
4629 2507 2534 2535 
4630 2507 2535 2508 
4631 2508 2535 2536 
4632 2508 2536 2509 
4633 2509 2536 2537 
4634 2509 2537 2510 
4635 2510 2537 2538 
4636 2510 2538 2511 
4637 2511 2538 2539 
4638 2511 2539 2512 
4639 2512 2539 2540 
4640 2512 2540 2513 
4641 2513 2540 2541 
4642 2513 2541 2514 
4643 2514 2541 2542 
4644 2514 2542 2515 
4645 2515 2542 2543 
4646 2515 2543 2516 
4647 2516 2543 2544 
4648 2516 2544 2517 
4649 2517 2544 2545 
4650 2517 2545 2518 
4651 2518 2545 2546 
4652 2518 2546 2519 
4653 2519 2546 2547 
4654 2519 2547 2520 
4655 2520 2547 2548 
4656 2520 2548 2521 
4657 2521 2548 2549 
4658 2521 2549 2522 
4659 2522 2549 2550 
4660 2522 2550 2523 
4661 2523 2550 2551 
4662 2523 2551 2524 
4663 2524 2551 2552 
4664 2524 2552 2525 
4665 2525 2552 2553 
4666 2525 2553 2526 
4667 2526 2553 2554 
4668 2526 2554 99 
4669 99 2554 98 
4670 147 148 2527 
4671 2527 148 2555 
4672 2527 2555 2528 
4673 2528 2555 2556 
4674 2528 2556 2529 
4675 2529 2556 2557 
4676 2529 2557 2530 
4677 2530 2557 2558 
4678 2530 2558 2531 
4679 2531 2558 2559 
4680 2531 2559 2532 
4681 2532 2559 2560 
4682 2532 2560 2533 
4683 2533 2560 2561 
4684 2533 2561 2534 
4685 2534 2561 2562 
4686 2534 2562 2535 
4687 2535 2562 2563 
4688 2535 2563 2536 
4689 2536 2563 2564 
4690 2536 2564 2537 
4691 2537 2564 2565 
4692 2537 2565 2538 
4693 2538 2565 2566 
4694 2538 2566 2539 
4695 2539 2566 2567 
4696 2539 2567 2540 
4697 2540 2567 2568 
4698 2540 2568 2541 
4699 2541 2568 2569 
4700 2541 2569 2542 
4701 2542 2569 2570 
4702 2542 2570 2543 
4703 2543 2570 2571 
4704 2543 2571 2544 
4705 2544 2571 2572 
4706 2544 2572 2545 
4707 2545 2572 2573 
4708 2545 2573 2546 
4709 2546 2573 2574 
4710 2546 2574 2547 
4711 2547 2574 2575 
4712 2547 2575 2548 
4713 2548 2575 2576 
4714 2548 2576 2549 
4715 2549 2576 2577 
4716 2549 2577 2550 
4717 2550 2577 2578 
4718 2550 2578 2551 
4719 2551 2578 2579 
4720 2551 2579 2552 
4721 2552 2579 2580 
4722 2552 2580 2553 
4723 2553 2580 2581 
4724 2553 2581 2554 
4725 2554 2581 2582 
4726 2554 2582 98 
4727 98 2582 97 
4728 148 149 2555 
4729 2555 149 2583 
4730 2555 2583 2556 
4731 2556 2583 2584 
4732 2556 2584 2557 
4733 2557 2584 2585 
4734 2557 2585 2558 
4735 2558 2585 2586 
4736 2558 2586 2559 
4737 2559 2586 2587 
4738 2559 2587 2560 
4739 2560 2587 2588 
4740 2560 2588 2561 
4741 2561 2588 2589 
4742 2561 2589 2562 
4743 2562 2589 2590 
4744 2562 2590 2563 
4745 2563 2590 2591 
4746 2563 2591 2564 
4747 2564 2591 2592 
4748 2564 2592 2565 
4749 2565 2592 2593 
4750 2565 2593 2566 
4751 2566 2593 2594 
4752 2566 2594 2567 
4753 2567 2594 2595 
4754 2567 2595 2568 
4755 2568 2595 2596 
4756 2568 2596 2569 
4757 2569 2596 2597 
4758 2569 2597 2570 
4759 2570 2597 2598 
4760 2570 2598 2571 
4761 2571 2598 2599 
4762 2571 2599 2572 
4763 2572 2599 2600 
4764 2572 2600 2573 
4765 2573 2600 2601 
4766 2573 2601 2574 
4767 2574 2601 2602 
4768 2574 2602 2575 
4769 2575 2602 2603 
4770 2575 2603 2576 
4771 2576 2603 2604 
4772 2576 2604 2577 
4773 2577 2604 2605 
4774 2577 2605 2578 
4775 2578 2605 2606 
4776 2578 2606 2579 
4777 2579 2606 2607 
4778 2579 2607 2580 
4779 2580 2607 2608 
4780 2580 2608 2581 
4781 2581 2608 2609 
4782 2581 2609 2582 
4783 2582 2609 2610 
4784 2582 2610 97 
4785 97 2610 96 
4786 149 150 2583 
4787 2583 150 2611 
4788 2583 2611 2584 
4789 2584 2611 2612 
4790 2584 2612 2585 
4791 2585 2612 2613 
4792 2585 2613 2586 
4793 2586 2613 2614 
4794 2586 2614 2587 
4795 2587 2614 2615 
4796 2587 2615 2588 
4797 2588 2615 2616 
4798 2588 2616 2589 
4799 2589 2616 2617 
4800 2589 2617 2590 
4801 2590 2617 2618 
4802 2590 2618 2591 
4803 2591 2618 2619 
4804 2591 2619 2592 
4805 2592 2619 2620 
4806 2592 2620 2593 
4807 2593 2620 2621 
4808 2593 2621 2594 
4809 2594 2621 2622 
4810 2594 2622 2595 
4811 2595 2622 2623 
4812 2595 2623 2596 
4813 2596 2623 2624 
4814 2596 2624 2597 
4815 2597 2624 2625 
4816 2597 2625 2598 
4817 2598 2625 2626 
4818 2598 2626 2599 
4819 2599 2626 2627 
4820 2599 2627 2600 
4821 2600 2627 2628 
4822 2600 2628 2601 
4823 2601 2628 2629 
4824 2601 2629 2602 
4825 2602 2629 2630 
4826 2602 2630 2603 
4827 2603 2630 2631 
4828 2603 2631 2604 
4829 2604 2631 2632 
4830 2604 2632 2605 
4831 2605 2632 2633 
4832 2605 2633 2606 
4833 2606 2633 2634 
4834 2606 2634 2607 
4835 2607 2634 2635 
4836 2607 2635 2608 
4837 2608 2635 2636 
4838 2608 2636 2609 
4839 2609 2636 2637 
4840 2609 2637 2610 
4841 2610 2637 2638 
4842 2610 2638 96 
4843 96 2638 95 
4844 150 151 2611 
4845 2611 151 2639 
4846 2611 2639 2612 
4847 2612 2639 2640 
4848 2612 2640 2613 
4849 2613 2640 2641 
4850 2613 2641 2614 
4851 2614 2641 2642 
4852 2614 2642 2615 
4853 2615 2642 2643 
4854 2615 2643 2616 
4855 2616 2643 2644 
4856 2616 2644 2617 
4857 2617 2644 2645 
4858 2617 2645 2618 
4859 2618 2645 2646 
4860 2618 2646 2619 
4861 2619 2646 2647 
4862 2619 2647 2620 
4863 2620 2647 2648 
4864 2620 2648 2621 
4865 2621 2648 2649 
4866 2621 2649 2622 
4867 2622 2649 2650 
4868 2622 2650 2623 
4869 2623 2650 2651 
4870 2623 2651 2624 
4871 2624 2651 2652 
4872 2624 2652 2625 
4873 2625 2652 2653 
4874 2625 2653 2626 
4875 2626 2653 2654 
4876 2626 2654 2627 
4877 2627 2654 2655 
4878 2627 2655 2628 
4879 2628 2655 2656 
4880 2628 2656 2629 
4881 2629 2656 2657 
4882 2629 2657 2630 
4883 2630 2657 2658 
4884 2630 2658 2631 
4885 2631 2658 2659 
4886 2631 2659 2632 
4887 2632 2659 2660 
4888 2632 2660 2633 
4889 2633 2660 2661 
4890 2633 2661 2634 
4891 2634 2661 2662 
4892 2634 2662 2635 
4893 2635 2662 2663 
4894 2635 2663 2636 
4895 2636 2663 2664 
4896 2636 2664 2637 
4897 2637 2664 2665 
4898 2637 2665 2638 
4899 2638 2665 2666 
4900 2638 2666 95 
4901 95 2666 94 
4902 151 152 2639 
4903 2639 152 2667 
4904 2639 2667 2640 
4905 2640 2667 2668 
4906 2640 2668 2641 
4907 2641 2668 2669 
4908 2641 2669 2642 
4909 2642 2669 2670 
4910 2642 2670 2643 
4911 2643 2670 2671 
4912 2643 2671 2644 
4913 2644 2671 2672 
4914 2644 2672 2645 
4915 2645 2672 2673 
4916 2645 2673 2646 
4917 2646 2673 2674 
4918 2646 2674 2647 
4919 2647 2674 2675 
4920 2647 2675 2648 
4921 2648 2675 2676 
4922 2648 2676 2649 
4923 2649 2676 2677 
4924 2649 2677 2650 
4925 2650 2677 2678 
4926 2650 2678 2651 
4927 2651 2678 2679 
4928 2651 2679 2652 
4929 2652 2679 2680 
4930 2652 2680 2653 
4931 2653 2680 2681 
4932 2653 2681 2654 
4933 2654 2681 2682 
4934 2654 2682 2655 
4935 2655 2682 2683 
4936 2655 2683 2656 
4937 2656 2683 2684 
4938 2656 2684 2657 
4939 2657 2684 2685 
4940 2657 2685 2658 
4941 2658 2685 2686 
4942 2658 2686 2659 
4943 2659 2686 2687 
4944 2659 2687 2660 
4945 2660 2687 2688 
4946 2660 2688 2661 
4947 2661 2688 2689 
4948 2661 2689 2662 
4949 2662 2689 2690 
4950 2662 2690 2663 
4951 2663 2690 2691 
4952 2663 2691 2664 
4953 2664 2691 2692 
4954 2664 2692 2665 
4955 2665 2692 2693 
4956 2665 2693 2666 
4957 2666 2693 2694 
4958 2666 2694 94 
4959 94 2694 93 
4960 152 153 2667 
4961 2667 153 2695 
4962 2667 2695 2668 
4963 2668 2695 2696 
4964 2668 2696 2669 
4965 2669 2696 2697 
4966 2669 2697 2670 
4967 2670 2697 2698 
4968 2670 2698 2671 
4969 2671 2698 2699 
4970 2671 2699 2672 
4971 2672 2699 2700 
4972 2672 2700 2673 
4973 2673 2700 2701 
4974 2673 2701 2674 
4975 2674 2701 2702 
4976 2674 2702 2675 
4977 2675 2702 2703 
4978 2675 2703 2676 
4979 2676 2703 2704 
4980 2676 2704 2677 
4981 2677 2704 2705 
4982 2677 2705 2678 
4983 2678 2705 2706 
4984 2678 2706 2679 
4985 2679 2706 2707 
4986 2679 2707 2680 
4987 2680 2707 2708 
4988 2680 2708 2681 
4989 2681 2708 2709 
4990 2681 2709 2682 
4991 2682 2709 2710 
4992 2682 2710 2683 
4993 2683 2710 2711 
4994 2683 2711 2684 
4995 2684 2711 2712 
4996 2684 2712 2685 
4997 2685 2712 2713 
4998 2685 2713 2686 
4999 2686 2713 2714 
5000 2686 2714 2687 
5001 2687 2714 2715 
5002 2687 2715 2688 
5003 2688 2715 2716 
5004 2688 2716 2689 
5005 2689 2716 2717 
5006 2689 2717 2690 
5007 2690 2717 2718 
5008 2690 2718 2691 
5009 2691 2718 2719 
5010 2691 2719 2692 
5011 2692 2719 2720 
5012 2692 2720 2693 
5013 2693 2720 2721 
5014 2693 2721 2694 
5015 2694 2721 2722 
5016 2694 2722 93 
5017 93 2722 92 
5018 153 154 2695 
5019 2695 154 2723 
5020 2695 2723 2696 
5021 2696 2723 2724 
5022 2696 2724 2697 
5023 2697 2724 2725 
5024 2697 2725 2698 
5025 2698 2725 2726 
5026 2698 2726 2699 
5027 2699 2726 2727 
5028 2699 2727 2700 
5029 2700 2727 2728 
5030 2700 2728 2701 
5031 2701 2728 2729 
5032 2701 2729 2702 
5033 2702 2729 2730 
5034 2702 2730 2703 
5035 2703 2730 2731 
5036 2703 2731 2704 
5037 2704 2731 2732 
5038 2704 2732 2705 
5039 2705 2732 2733 
5040 2705 2733 2706 
5041 2706 2733 2734 
5042 2706 2734 2707 
5043 2707 2734 2735 
5044 2707 2735 2708 
5045 2708 2735 2736 
5046 2708 2736 2709 
5047 2709 2736 2737 
5048 2709 2737 2710 
5049 2710 2737 2738 
5050 2710 2738 2711 
5051 2711 2738 2739 
5052 2711 2739 2712 
5053 2712 2739 2740 
5054 2712 2740 2713 
5055 2713 2740 2741 
5056 2713 2741 2714 
5057 2714 2741 2742 
5058 2714 2742 2715 
5059 2715 2742 2743 
5060 2715 2743 2716 
5061 2716 2743 2744 
5062 2716 2744 2717 
5063 2717 2744 2745 
5064 2717 2745 2718 
5065 2718 2745 2746 
5066 2718 2746 2719 
5067 2719 2746 2747 
5068 2719 2747 2720 
5069 2720 2747 2748 
5070 2720 2748 2721 
5071 2721 2748 2749 
5072 2721 2749 2722 
5073 2722 2749 2750 
5074 2722 2750 92 
5075 92 2750 91 
5076 154 155 2723 
5077 2723 155 2751 
5078 2723 2751 2724 
5079 2724 2751 2752 
5080 2724 2752 2725 
5081 2725 2752 2753 
5082 2725 2753 2726 
5083 2726 2753 2754 
5084 2726 2754 2727 
5085 2727 2754 2755 
5086 2727 2755 2728 
5087 2728 2755 2756 
5088 2728 2756 2729 
5089 2729 2756 2757 
5090 2729 2757 2730 
5091 2730 2757 2758 
5092 2730 2758 2731 
5093 2731 2758 2759 
5094 2731 2759 2732 
5095 2732 2759 2760 
5096 2732 2760 2733 
5097 2733 2760 2761 
5098 2733 2761 2734 
5099 2734 2761 2762 
5100 2734 2762 2735 
5101 2735 2762 2763 
5102 2735 2763 2736 
5103 2736 2763 2764 
5104 2736 2764 2737 
5105 2737 2764 2765 
5106 2737 2765 2738 
5107 2738 2765 2766 
5108 2738 2766 2739 
5109 2739 2766 2767 
5110 2739 2767 2740 
5111 2740 2767 2768 
5112 2740 2768 2741 
5113 2741 2768 2769 
5114 2741 2769 2742 
5115 2742 2769 2770 
5116 2742 2770 2743 
5117 2743 2770 2771 
5118 2743 2771 2744 
5119 2744 2771 2772 
5120 2744 2772 2745 
5121 2745 2772 2773 
5122 2745 2773 2746 
5123 2746 2773 2774 
5124 2746 2774 2747 
5125 2747 2774 2775 
5126 2747 2775 2748 
5127 2748 2775 2776 
5128 2748 2776 2749 
5129 2749 2776 2777 
5130 2749 2777 2750 
5131 2750 2777 2778 
5132 2750 2778 91 
5133 91 2778 90 
5134 155 156 2751 
5135 2751 156 2779 
5136 2751 2779 2752 
5137 2752 2779 2780 
5138 2752 2780 2753 
5139 2753 2780 2781 
5140 2753 2781 2754 
5141 2754 2781 2782 
5142 2754 2782 2755 
5143 2755 2782 2783 
5144 2755 2783 2756 
5145 2756 2783 2784 
5146 2756 2784 2757 
5147 2757 2784 2785 
5148 2757 2785 2758 
5149 2758 2785 2786 
5150 2758 2786 2759 
5151 2759 2786 2787 
5152 2759 2787 2760 
5153 2760 2787 2788 
5154 2760 2788 2761 
5155 2761 2788 2789 
5156 2761 2789 2762 
5157 2762 2789 2790 
5158 2762 2790 2763 
5159 2763 2790 2791 
5160 2763 2791 2764 
5161 2764 2791 2792 
5162 2764 2792 2765 
5163 2765 2792 2793 
5164 2765 2793 2766 
5165 2766 2793 2794 
5166 2766 2794 2767 
5167 2767 2794 2795 
5168 2767 2795 2768 
5169 2768 2795 2796 
5170 2768 2796 2769 
5171 2769 2796 2797 
5172 2769 2797 2770 
5173 2770 2797 2798 
5174 2770 2798 2771 
5175 2771 2798 2799 
5176 2771 2799 2772 
5177 2772 2799 2800 
5178 2772 2800 2773 
5179 2773 2800 2801 
5180 2773 2801 2774 
5181 2774 2801 2802 
5182 2774 2802 2775 
5183 2775 2802 2803 
5184 2775 2803 2776 
5185 2776 2803 2804 
5186 2776 2804 2777 
5187 2777 2804 2805 
5188 2777 2805 2778 
5189 2778 2805 2806 
5190 2778 2806 90 
5191 90 2806 89 
5192 156 157 2779 
5193 2779 157 2807 
5194 2779 2807 2780 
5195 2780 2807 2808 
5196 2780 2808 2781 
5197 2781 2808 2809 
5198 2781 2809 2782 
5199 2782 2809 2810 
5200 2782 2810 2783 
5201 2783 2810 2811 
5202 2783 2811 2784 
5203 2784 2811 2812 
5204 2784 2812 2785 
5205 2785 2812 2813 
5206 2785 2813 2786 
5207 2786 2813 2814 
5208 2786 2814 2787 
5209 2787 2814 2815 
5210 2787 2815 2788 
5211 2788 2815 2816 
5212 2788 2816 2789 
5213 2789 2816 2817 
5214 2789 2817 2790 
5215 2790 2817 2818 
5216 2790 2818 2791 
5217 2791 2818 2819 
5218 2791 2819 2792 
5219 2792 2819 2820 
5220 2792 2820 2793 
5221 2793 2820 2821 
5222 2793 2821 2794 
5223 2794 2821 2822 
5224 2794 2822 2795 
5225 2795 2822 2823 
5226 2795 2823 2796 
5227 2796 2823 2824 
5228 2796 2824 2797 
5229 2797 2824 2825 
5230 2797 2825 2798 
5231 2798 2825 2826 
5232 2798 2826 2799 
5233 2799 2826 2827 
5234 2799 2827 2800 
5235 2800 2827 2828 
5236 2800 2828 2801 
5237 2801 2828 2829 
5238 2801 2829 2802 
5239 2802 2829 2830 
5240 2802 2830 2803 
5241 2803 2830 2831 
5242 2803 2831 2804 
5243 2804 2831 2832 
5244 2804 2832 2805 
5245 2805 2832 2833 
5246 2805 2833 2806 
5247 2806 2833 2834 
5248 2806 2834 89 
5249 89 2834 88 
5250 157 158 2807 
5251 2807 158 2835 
5252 2807 2835 2808 
5253 2808 2835 2836 
5254 2808 2836 2809 
5255 2809 2836 2837 
5256 2809 2837 2810 
5257 2810 2837 2838 
5258 2810 2838 2811 
5259 2811 2838 2839 
5260 2811 2839 2812 
5261 2812 2839 2840 
5262 2812 2840 2813 
5263 2813 2840 2841 
5264 2813 2841 2814 
5265 2814 2841 2842 
5266 2814 2842 2815 
5267 2815 2842 2843 
5268 2815 2843 2816 
5269 2816 2843 2844 
5270 2816 2844 2817 
5271 2817 2844 2845 
5272 2817 2845 2818 
5273 2818 2845 2846 
5274 2818 2846 2819 
5275 2819 2846 2847 
5276 2819 2847 2820 
5277 2820 2847 2848 
5278 2820 2848 2821 
5279 2821 2848 2849 
5280 2821 2849 2822 
5281 2822 2849 2850 
5282 2822 2850 2823 
5283 2823 2850 2851 
5284 2823 2851 2824 
5285 2824 2851 2852 
5286 2824 2852 2825 
5287 2825 2852 2853 
5288 2825 2853 2826 
5289 2826 2853 2854 
5290 2826 2854 2827 
5291 2827 2854 2855 
5292 2827 2855 2828 
5293 2828 2855 2856 
5294 2828 2856 2829 
5295 2829 2856 2857 
5296 2829 2857 2830 
5297 2830 2857 2858 
5298 2830 2858 2831 
5299 2831 2858 2859 
5300 2831 2859 2832 
5301 2832 2859 2860 
5302 2832 2860 2833 
5303 2833 2860 2861 
5304 2833 2861 2834 
5305 2834 2861 2862 
5306 2834 2862 88 
5307 88 2862 87 
5308 158 159 2835 
5309 2835 159 2863 
5310 2835 2863 2836 
5311 2836 2863 2864 
5312 2836 2864 2837 
5313 2837 2864 2865 
5314 2837 2865 2838 
5315 2838 2865 2866 
5316 2838 2866 2839 
5317 2839 2866 2867 
5318 2839 2867 2840 
5319 2840 2867 2868 
5320 2840 2868 2841 
5321 2841 2868 2869 
5322 2841 2869 2842 
5323 2842 2869 2870 
5324 2842 2870 2843 
5325 2843 2870 2871 
5326 2843 2871 2844 
5327 2844 2871 2872 
5328 2844 2872 2845 
5329 2845 2872 2873 
5330 2845 2873 2846 
5331 2846 2873 2874 
5332 2846 2874 2847 
5333 2847 2874 2875 
5334 2847 2875 2848 
5335 2848 2875 2876 
5336 2848 2876 2849 
5337 2849 2876 2877 
5338 2849 2877 2850 
5339 2850 2877 2878 
5340 2850 2878 2851 
5341 2851 2878 2879 
5342 2851 2879 2852 
5343 2852 2879 2880 
5344 2852 2880 2853 
5345 2853 2880 2881 
5346 2853 2881 2854 
5347 2854 2881 2882 
5348 2854 2882 2855 
5349 2855 2882 2883 
5350 2855 2883 2856 
5351 2856 2883 2884 
5352 2856 2884 2857 
5353 2857 2884 2885 
5354 2857 2885 2858 
5355 2858 2885 2886 
5356 2858 2886 2859 
5357 2859 2886 2887 
5358 2859 2887 2860 
5359 2860 2887 2888 
5360 2860 2888 2861 
5361 2861 2888 2889 
5362 2861 2889 2862 
5363 2862 2889 2890 
5364 2862 2890 87 
5365 87 2890 86 
5366 159 160 2863 
5367 2863 160 2891 
5368 2863 2891 2864 
5369 2864 2891 2892 
5370 2864 2892 2865 
5371 2865 2892 2893 
5372 2865 2893 2866 
5373 2866 2893 2894 
5374 2866 2894 2867 
5375 2867 2894 2895 
5376 2867 2895 2868 
5377 2868 2895 2896 
5378 2868 2896 2869 
5379 2869 2896 2897 
5380 2869 2897 2870 
5381 2870 2897 2898 
5382 2870 2898 2871 
5383 2871 2898 2899 
5384 2871 2899 2872 
5385 2872 2899 2900 
5386 2872 2900 2873 
5387 2873 2900 2901 
5388 2873 2901 2874 
5389 2874 2901 2902 
5390 2874 2902 2875 
5391 2875 2902 2903 
5392 2875 2903 2876 
5393 2876 2903 2904 
5394 2876 2904 2877 
5395 2877 2904 2905 
5396 2877 2905 2878 
5397 2878 2905 2906 
5398 2878 2906 2879 
5399 2879 2906 2907 
5400 2879 2907 2880 
5401 2880 2907 2908 
5402 2880 2908 2881 
5403 2881 2908 2909 
5404 2881 2909 2882 
5405 2882 2909 2910 
5406 2882 2910 2883 
5407 2883 2910 2911 
5408 2883 2911 2884 
5409 2884 2911 2912 
5410 2884 2912 2885 
5411 2885 2912 2913 
5412 2885 2913 2886 
5413 2886 2913 2914 
5414 2886 2914 2887 
5415 2887 2914 2915 
5416 2887 2915 2888 
5417 2888 2915 2916 
5418 2888 2916 2889 
5419 2889 2916 2917 
5420 2889 2917 2890 
5421 2890 2917 2918 
5422 2890 2918 86 
5423 86 2918 85 
5424 160 161 2891 
5425 2891 161 2919 
5426 2891 2919 2892 
5427 2892 2919 2920 
5428 2892 2920 2893 
5429 2893 2920 2921 
5430 2893 2921 2894 
5431 2894 2921 2922 
5432 2894 2922 2895 
5433 2895 2922 2923 
5434 2895 2923 2896 
5435 2896 2923 2924 
5436 2896 2924 2897 
5437 2897 2924 2925 
5438 2897 2925 2898 
5439 2898 2925 2926 
5440 2898 2926 2899 
5441 2899 2926 2927 
5442 2899 2927 2900 
5443 2900 2927 2928 
5444 2900 2928 2901 
5445 2901 2928 2929 
5446 2901 2929 2902 
5447 2902 2929 2930 
5448 2902 2930 2903 
5449 2903 2930 2931 
5450 2903 2931 2904 
5451 2904 2931 2932 
5452 2904 2932 2905 
5453 2905 2932 2933 
5454 2905 2933 2906 
5455 2906 2933 2934 
5456 2906 2934 2907 
5457 2907 2934 2935 
5458 2907 2935 2908 
5459 2908 2935 2936 
5460 2908 2936 2909 
5461 2909 2936 2937 
5462 2909 2937 2910 
5463 2910 2937 2938 
5464 2910 2938 2911 
5465 2911 2938 2939 
5466 2911 2939 2912 
5467 2912 2939 2940 
5468 2912 2940 2913 
5469 2913 2940 2941 
5470 2913 2941 2914 
5471 2914 2941 2942 
5472 2914 2942 2915 
5473 2915 2942 2943 
5474 2915 2943 2916 
5475 2916 2943 2944 
5476 2916 2944 2917 
5477 2917 2944 2945 
5478 2917 2945 2918 
5479 2918 2945 2946 
5480 2918 2946 85 
5481 85 2946 84 
5482 161 162 2919 
5483 2919 162 2947 
5484 2919 2947 2920 
5485 2920 2947 2948 
5486 2920 2948 2921 
5487 2921 2948 2949 
5488 2921 2949 2922 
5489 2922 2949 2950 
5490 2922 2950 2923 
5491 2923 2950 2951 
5492 2923 2951 2924 
5493 2924 2951 2952 
5494 2924 2952 2925 
5495 2925 2952 2953 
5496 2925 2953 2926 
5497 2926 2953 2954 
5498 2926 2954 2927 
5499 2927 2954 2955 
5500 2927 2955 2928 
5501 2928 2955 2956 
5502 2928 2956 2929 
5503 2929 2956 2957 
5504 2929 2957 2930 
5505 2930 2957 2958 
5506 2930 2958 2931 
5507 2931 2958 2959 
5508 2931 2959 2932 
5509 2932 2959 2960 
5510 2932 2960 2933 
5511 2933 2960 2961 
5512 2933 2961 2934 
5513 2934 2961 2962 
5514 2934 2962 2935 
5515 2935 2962 2963 
5516 2935 2963 2936 
5517 2936 2963 2964 
5518 2936 2964 2937 
5519 2937 2964 2965 
5520 2937 2965 2938 
5521 2938 2965 2966 
5522 2938 2966 2939 
5523 2939 2966 2967 
5524 2939 2967 2940 
5525 2940 2967 2968 
5526 2940 2968 2941 
5527 2941 2968 2969 
5528 2941 2969 2942 
5529 2942 2969 2970 
5530 2942 2970 2943 
5531 2943 2970 2971 
5532 2943 2971 2944 
5533 2944 2971 2972 
5534 2944 2972 2945 
5535 2945 2972 2973 
5536 2945 2973 2946 
5537 2946 2973 2974 
5538 2946 2974 84 
5539 84 2974 83 
5540 162 163 2947 
5541 2947 163 2975 
5542 2947 2975 2948 
5543 2948 2975 2976 
5544 2948 2976 2949 
5545 2949 2976 2977 
5546 2949 2977 2950 
5547 2950 2977 2978 
5548 2950 2978 2951 
5549 2951 2978 2979 
5550 2951 2979 2952 
5551 2952 2979 2980 
5552 2952 2980 2953 
5553 2953 2980 2981 
5554 2953 2981 2954 
5555 2954 2981 2982 
5556 2954 2982 2955 
5557 2955 2982 2983 
5558 2955 2983 2956 
5559 2956 2983 2984 
5560 2956 2984 2957 
5561 2957 2984 2985 
5562 2957 2985 2958 
5563 2958 2985 2986 
5564 2958 2986 2959 
5565 2959 2986 2987 
5566 2959 2987 2960 
5567 2960 2987 2988 
5568 2960 2988 2961 
5569 2961 2988 2989 
5570 2961 2989 2962 
5571 2962 2989 2990 
5572 2962 2990 2963 
5573 2963 2990 2991 
5574 2963 2991 2964 
5575 2964 2991 2992 
5576 2964 2992 2965 
5577 2965 2992 2993 
5578 2965 2993 2966 
5579 2966 2993 2994 
5580 2966 2994 2967 
5581 2967 2994 2995 
5582 2967 2995 2968 
5583 2968 2995 2996 
5584 2968 2996 2969 
5585 2969 2996 2997 
5586 2969 2997 2970 
5587 2970 2997 2998 
5588 2970 2998 2971 
5589 2971 2998 2999 
5590 2971 2999 2972 
5591 2972 2999 3000 
5592 2972 3000 2973 
5593 2973 3000 3001 
5594 2973 3001 2974 
5595 2974 3001 3002 
5596 2974 3002 83 
5597 83 3002 82 
5598 163 164 2975 
5599 2975 164 3003 
5600 2975 3003 2976 
5601 2976 3003 3004 
5602 2976 3004 2977 
5603 2977 3004 3005 
5604 2977 3005 2978 
5605 2978 3005 3006 
5606 2978 3006 2979 
5607 2979 3006 3007 
5608 2979 3007 2980 
5609 2980 3007 3008 
5610 2980 3008 2981 
5611 2981 3008 3009 
5612 2981 3009 2982 
5613 2982 3009 3010 
5614 2982 3010 2983 
5615 2983 3010 3011 
5616 2983 3011 2984 
5617 2984 3011 3012 
5618 2984 3012 2985 
5619 2985 3012 3013 
5620 2985 3013 2986 
5621 2986 3013 3014 
5622 2986 3014 2987 
5623 2987 3014 3015 
5624 2987 3015 2988 
5625 2988 3015 3016 
5626 2988 3016 2989 
5627 2989 3016 3017 
5628 2989 3017 2990 
5629 2990 3017 3018 
5630 2990 3018 2991 
5631 2991 3018 3019 
5632 2991 3019 2992 
5633 2992 3019 3020 
5634 2992 3020 2993 
5635 2993 3020 3021 
5636 2993 3021 2994 
5637 2994 3021 3022 
5638 2994 3022 2995 
5639 2995 3022 3023 
5640 2995 3023 2996 
5641 2996 3023 3024 
5642 2996 3024 2997 
5643 2997 3024 3025 
5644 2997 3025 2998 
5645 2998 3025 3026 
5646 2998 3026 2999 
5647 2999 3026 3027 
5648 2999 3027 3000 
5649 3000 3027 3028 
5650 3000 3028 3001 
5651 3001 3028 3029 
5652 3001 3029 3002 
5653 3002 3029 3030 
5654 3002 3030 82 
5655 82 3030 81 
5656 164 6 3003 
5657 3003 6 314 
5658 3003 314 3004 
5659 3004 314 313 
5660 3004 313 3005 
5661 3005 313 312 
5662 3005 312 3006 
5663 3006 312 311 
5664 3006 311 3007 
5665 3007 311 310 
5666 3007 310 3008 
5667 3008 310 309 
5668 3008 309 3009 
5669 3009 309 308 
5670 3009 308 3010 
5671 3010 308 307 
5672 3010 307 3011 
5673 3011 307 306 
5674 3011 306 3012 
5675 3012 306 305 
5676 3012 305 3013 
5677 3013 305 304 
5678 3013 304 3014 
5679 3014 304 303 
5680 3014 303 3015 
5681 3015 303 302 
5682 3015 302 3016 
5683 3016 302 301 
5684 3016 301 3017 
5685 3017 301 300 
5686 3017 300 3018 
5687 3018 300 299 
5688 3018 299 3019 
5689 3019 299 298 
5690 3019 298 3020 
5691 3020 298 297 
5692 3020 297 3021 
5693 3021 297 296 
5694 3021 296 3022 
5695 3022 296 295 
5696 3022 295 3023 
5697 3023 295 294 
5698 3023 294 3024 
5699 3024 294 293 
5700 3024 293 3025 
5701 3025 293 292 
5702 3025 292 3026 
5703 3026 292 291 
5704 3026 291 3027 
5705 3027 291 290 
5706 3027 290 3028 
5707 3028 290 289 
5708 3028 289 3029 
5709 3029 289 288 
5710 3029 288 3030 
5711 3030 288 287 
5712 3030 287 81 
5713 81 287 3 
2 4 2 58
5714 8 315 231 
5715 8 9 315 
5716 231 316 232 
5717 231 315 316 
5718 232 317 233 
5719 232 316 317 
5720 233 318 234 
5721 233 317 318 
5722 234 319 235 
5723 234 318 319 
5724 235 320 236 
5725 235 319 320 
5726 236 321 237 
5727 236 320 321 
5728 237 322 238 
5729 237 321 322 
5730 238 323 239 
5731 238 322 323 
5732 239 324 240 
5733 239 323 324 
5734 240 325 241 
5735 240 324 325 
5736 241 326 242 
5737 241 325 326 
5738 242 327 243 
5739 242 326 327 
5740 243 328 244 
5741 243 327 328 
5742 244 329 245 
5743 244 328 329 
5744 245 330 246 
5745 245 329 330 
5746 246 331 247 
5747 246 330 331 
5748 247 332 248 
5749 247 331 332 
5750 248 333 249 
5751 248 332 333 
5752 249 334 250 
5753 249 333 334 
5754 250 335 251 
5755 250 334 335 
5756 251 336 252 
5757 251 335 336 
5758 252 337 253 
5759 252 336 337 
5760 253 338 254 
5761 253 337 338 
5762 254 339 255 
5763 254 338 339 
5764 255 340 256 
5765 255 339 340 
5766 256 341 257 
5767 256 340 341 
5768 257 342 258 
5769 257 341 342 
5770 258 10 1 
5771 258 342 10 
2 5 2 58
5772 2 343 259 
5773 2 11 343 
5774 259 344 260 
5775 259 343 344 
5776 260 345 261 
5777 260 344 345 
5778 261 346 262 
5779 261 345 346 
5780 262 347 263 
5781 262 346 347 
5782 263 348 264 
5783 263 347 348 
5784 264 349 265 
5785 264 348 349 
5786 265 350 266 
5787 265 349 350 
5788 266 351 267 
5789 266 350 351 
5790 267 352 268 
5791 267 351 352 
5792 268 353 269 
5793 268 352 353 
5794 269 354 270 
5795 269 353 354 
5796 270 355 271 
5797 270 354 355 
5798 271 356 272 
5799 271 355 356 
5800 272 357 273 
5801 272 356 357 
5802 273 358 274 
5803 273 357 358 
5804 274 359 275 
5805 274 358 359 
5806 275 360 276 
5807 275 359 360 
5808 276 361 277 
5809 276 360 361 
5810 277 362 278 
5811 277 361 362 
5812 278 363 279 
5813 278 362 363 
5814 279 364 280 
5815 279 363 364 
5816 280 365 281 
5817 280 364 365 
5818 281 366 282 
5819 281 365 366 
5820 282 367 283 
5821 282 366 367 
5822 283 368 284 
5823 283 367 368 
5824 284 369 285 
5825 284 368 369 
5826 285 370 286 
5827 285 369 370 
5828 286 12 7 
5829 286 370 12 
2 6 2 58
5830 3 371 287 
5831 3 13 371 
5832 287 372 288 
5833 287 371 372 
5834 288 373 289 
5835 288 372 373 
5836 289 374 290 
5837 289 373 374 
5838 290 375 291 
5839 290 374 375 
5840 291 376 292 
5841 291 375 376 
5842 292 377 293 
5843 292 376 377 
5844 293 378 294 
5845 293 377 378 
5846 294 379 295 
5847 294 378 379 
5848 295 380 296 
5849 295 379 380 
5850 296 381 297 
5851 296 380 381 
5852 297 382 298 
5853 297 381 382 
5854 298 383 299 
5855 298 382 383 
5856 299 384 300 
5857 299 383 384 
5858 300 385 301 
5859 300 384 385 
5860 301 386 302 
5861 301 385 386 
5862 302 387 303 
5863 302 386 387 
5864 303 388 304 
5865 303 387 388 
5866 304 389 305 
5867 304 388 389 
5868 305 390 306 
5869 305 389 390 
5870 306 391 307 
5871 306 390 391 
5872 307 392 308 
5873 307 391 392 
5874 308 393 309 
5875 308 392 393 
5876 309 394 310 
5877 309 393 394 
5878 310 395 311 
5879 310 394 395 
5880 311 396 312 
5881 311 395 396 
5882 312 397 313 
5883 312 396 397 
5884 313 398 314 
5885 313 397 398 
5886 314 14 6 
5887 314 398 14 
$EndElements
