$MeshFormat
4.1 0 8
$EndMeshFormat
$PhysicalNames
4
1 1 "left_edge"
1 2 "right_edge"
2 3 "domain"
2 4 "racetrack"
$EndPhysicalNames
$Entities
6 7 2 0
1 0 0 0 0 
2 1 0 0 0 
3 1 0.298 0 0 
4 0 0.298 0 0 
5 1 0.3 0 0 
6 0 0.3 0 0 
1 -9.999999994736442e-08 -1e-07 -1e-07 1.0000001 1e-07 1e-07 0 2 1 -2 
2 0.9999999000000001 -1.000000000028756e-07 -1e-07 1.0000001 0.2980001 1e-07 1 2 2 2 -3 
3 -9.999999994736442e-08 0.2979999 -1e-07 1.0000001 0.2980001 1e-07 0 2 3 -4 
4 -1e-07 -1.000000000028756e-07 -1e-07 1e-07 0.2980001 1e-07 1 1 2 4 -1 
5 0.9999999000000001 0.2979999 -1e-07 1.0000001 0.3000001 1e-07 1 2 2 3 -5 
6 -1e-07 0.2979999 -1e-07 1e-07 0.3000001 1e-07 1 1 2 4 -6 
7 -9.999999994736442e-08 0.2999999 -1e-07 1.0000001 0.3000001 1e-07 0 2 6 -5 
1 -9.999999994736442e-08 -1.000000000028756e-07 -1e-07 1.0000001 0.2980001 1e-07 1 3 4 1 2 3 4 
2 -9.999999994736442e-08 0.2979999 -1e-07 1.0000001 0.3000001 1e-07 1 4 4 5 -7 -6 -3 
$EndEntities
$Nodes
15 4800 1 4800
0 1 0 1
1
0 0 0
0 2 0 1
2
1 0 0
0 3 0 1
3
1 0.298 0
0 4 0 1
4
0 0.298 0
0 5 0 1
5
1 0.3 0
0 6 0 1
6
0 0.3 0
1 1 0 148
7
8
9
10
11
12
13
14
15
16
17
18
19
20
21
22
23
24
25
26
27
28
29
30
31
32
33
34
35
36
37
38
39
40
41
42
43
44
45
46
47
48
49
50
51
52
53
54
55
56
57
58
59
60
61
62
63
64
65
66
67
68
69
70
71
72
73
74
75
76
77
78
79
80
81
82
83
84
85
86
87
88
89
90
91
92
93
94
95
96
97
98
99
100
101
102
103
104
105
106
107
108
109
110
111
112
113
114
115
116
117
118
119
120
121
122
123
124
125
126
127
128
129
130
131
132
133
134
135
136
137
138
139
140
141
142
143
144
145
146
147
148
149
150
151
152
153
154
0.006711409395973154 0 0
0.01342281879194631 0 0
0.02013422818791946 0 0
0.02684563758389262 0 0
0.03355704697986577 0 0
0.04026845637583892 0 0
0.04697986577181208 0 0
0.05369127516778523 0 0
0.06040268456375839 0 0
0.06711409395973154 0 0
0.0738255033557047 0 0
0.08053691275167785 0 0
0.08724832214765101 0 0
0.09395973154362416 0 0
0.1006711409395973 0 0
0.1073825503355705 0 0
0.1140939597315436 0 0
0.1208053691275168 0 0
0.1275167785234899 0 0
0.1342281879194631 0 0
0.1409395973154362 0 0
0.1476510067114094 0 0
0.1543624161073825 0 0
0.1610738255033557 0 0
0.1677852348993289 0 0
0.174496644295302 0 0
0.1812080536912752 0 0
0.1879194630872483 0 0
0.1946308724832215 0 0
0.2013422818791946 0 0
0.2080536912751678 0 0
0.2147651006711409 0 0
0.2214765100671141 0 0
0.2281879194630873 0 0
0.2348993288590604 0 0
0.2416107382550335 0 0
0.2483221476510067 0 0
0.2550335570469799 0 0
0.261744966442953 0 0
0.2684563758389262 0 0
0.2751677852348993 0 0
0.2818791946308725 0 0
0.2885906040268456 0 0
0.2953020134228188 0 0
0.302013422818792 0 0
0.3087248322147651 0 0
0.3154362416107382 0 0
0.3221476510067114 0 0
0.3288590604026845 0 0
0.3355704697986577 0 0
0.3422818791946309 0 0
0.348993288590604 0 0
0.3557046979865772 0 0
0.3624161073825503 0 0
0.3691275167785235 0 0
0.3758389261744967 0 0
0.3825503355704698 0 0
0.3892617449664429 0 0
0.3959731543624161 0 0
0.4026845637583892 0 0
0.4093959731543624 0 0
0.4161073825503356 0 0
0.4228187919463087 0 0
0.4295302013422819 0 0
0.436241610738255 0 0
0.4429530201342282 0 0
0.4496644295302014 0 0
0.4563758389261745 0 0
0.4630872483221476 0 0
0.4697986577181208 0 0
0.4765100671140939 0 0
0.4832214765100671 0 0
0.4899328859060403 0 0
0.4966442953020134 0 0
0.5033557046979865 0 0
0.5100671140939598 0 0
0.5167785234899329 0 0
0.5234899328859061 0 0
0.5302013422818792 0 0
0.5369127516778524 0 0
0.5436241610738255 0 0
0.5503355704697986 0 0
0.5570469798657718 0 0
0.5637583892617449 0 0
0.5704697986577181 0 0
0.5771812080536912 0 0
0.5838926174496644 0 0
0.5906040268456376 0 0
0.5973154362416108 0 0
0.6040268456375839 0 0
0.6107382550335571 0 0
0.6174496644295302 0 0
0.6241610738255033 0 0
0.6308724832214765 0 0
0.6375838926174496 0 0
0.6442953020134228 0 0
0.6510067114093959 0 0
0.6577181208053691 0 0
0.6644295302013423 0 0
0.6711409395973155 0 0
0.6778523489932886 0 0
0.6845637583892618 0 0
0.6912751677852349 0 0
0.697986577181208 0 0
0.7046979865771812 0 0
0.7114093959731543 0 0
0.7181208053691275 0 0
0.7248322147651006 0 0
0.7315436241610738 0 0
0.7382550335570469 0 0
0.7449664429530202 0 0
0.7516778523489933 0 0
0.7583892617449665 0 0
0.7651006711409396 0 0
0.7718120805369127 0 0
0.7785234899328859 0 0
0.785234899328859 0 0
0.7919463087248322 0 0
0.7986577181208053 0 0
0.8053691275167785 0 0
0.8120805369127516 0 0
0.8187919463087248 0 0
0.825503355704698 0 0
0.8322147651006712 0 0
0.8389261744966443 0 0
0.8456375838926175 0 0
0.8523489932885906 0 0
0.8590604026845637 0 0
0.8657718120805369 0 0
0.87248322147651 0 0
0.8791946308724832 0 0
0.8859060402684563 0 0
0.8926174496644295 0 0
0.8993288590604027 0 0
0.9060402684563759 0 0
0.912751677852349 0 0
0.9194630872483222 0 0
0.9261744966442953 0 0
0.9328859060402684 0 0
0.9395973154362416 0 0
0.9463087248322147 0 0
0.9530201342281879 0 0
0.959731543624161 0 0
0.9664429530201342 0 0
0.9731543624161073 0 0
0.9798657718120806 0 0
0.9865771812080537 0 0
0.9932885906040269 0 0
1 2 0 28
155
156
157
158
159
160
161
162
163
164
165
166
167
168
169
170
171
172
173
174
175
176
177
178
179
180
181
182
1 0.01027586206896551 0
1 0.02055172413793102 0
1 0.03082758620689653 0
1 0.04110344827586204 0
1 0.05137931034482756 0
1 0.06165517241379306 0
1 0.07193103448275857 0
1 0.08220689655172408 0
1 0.0924827586206896 0
1 0.1027586206896551 0
1 0.1130344827586206 0
1 0.1233103448275861 0
1 0.1335862068965517 0
1 0.1438620689655171 0
1 0.1541379310344827 0
1 0.1644137931034482 0
1 0.1746896551724137 0
1 0.1849655172413792 0
1 0.1952413793103447 0
1 0.2055172413793102 0
1 0.2157931034482757 0
1 0.2260689655172413 0
1 0.2363448275862068 0
1 0.2466206896551723 0
1 0.2568965517241378 0
1 0.2671724137931034 0
1 0.2774482758620689 0
1 0.2877241379310345 0
1 3 0 148
183
184
185
186
187
188
189
190
191
192
193
194
195
196
197
198
199
200
201
202
203
204
205
206
207
208
209
210
211
212
213
214
215
216
217
218
219
220
221
222
223
224
225
226
227
228
229
230
231
232
233
234
235
236
237
238
239
240
241
242
243
244
245
246
247
248
249
250
251
252
253
254
255
256
257
258
259
260
261
262
263
264
265
266
267
268
269
270
271
272
273
274
275
276
277
278
279
280
281
282
283
284
285
286
287
288
289
290
291
292
293
294
295
296
297
298
299
300
301
302
303
304
305
306
307
308
309
310
311
312
313
314
315
316
317
318
319
320
321
322
323
324
325
326
327
328
329
330
0.9932885906040269 0.298 0
0.9865771812080537 0.298 0
0.9798657718120806 0.298 0
0.9731543624161074 0.298 0
0.9664429530201343 0.298 0
0.9597315436241611 0.298 0
0.9530201342281879 0.298 0
0.9463087248322147 0.298 0
0.9395973154362416 0.298 0
0.9328859060402684 0.298 0
0.9261744966442953 0.298 0
0.9194630872483222 0.298 0
0.912751677852349 0.298 0
0.9060402684563759 0.298 0
0.8993288590604027 0.298 0
0.8926174496644296 0.298 0
0.8859060402684564 0.298 0
0.8791946308724832 0.298 0
0.87248322147651 0.298 0
0.8657718120805369 0.298 0
0.8590604026845637 0.298 0
0.8523489932885906 0.298 0
0.8456375838926175 0.298 0
0.8389261744966443 0.298 0
0.8322147651006712 0.298 0
0.825503355704698 0.298 0
0.8187919463087249 0.298 0
0.8120805369127517 0.298 0
0.8053691275167785 0.298 0
0.7986577181208054 0.298 0
0.7919463087248322 0.298 0
0.785234899328859 0.298 0
0.7785234899328859 0.298 0
0.7718120805369127 0.298 0
0.7651006711409396 0.298 0
0.7583892617449665 0.298 0
0.7516778523489933 0.298 0
0.7449664429530201 0.298 0
0.738255033557047 0.298 0
0.7315436241610738 0.298 0
0.7248322147651007 0.298 0
0.7181208053691275 0.298 0
0.7114093959731544 0.298 0
0.7046979865771812 0.298 0
0.697986577181208 0.298 0
0.6912751677852349 0.298 0
0.6845637583892618 0.298 0
0.6778523489932886 0.298 0
0.6711409395973155 0.298 0
0.6644295302013423 0.298 0
0.6577181208053691 0.298 0
0.651006711409396 0.298 0
0.6442953020134228 0.298 0
0.6375838926174497 0.298 0
0.6308724832214765 0.298 0
0.6241610738255033 0.298 0
0.6174496644295302 0.298 0
0.6107382550335571 0.298 0
0.6040268456375839 0.298 0
0.5973154362416108 0.298 0
0.5906040268456376 0.298 0
0.5838926174496644 0.298 0
0.5771812080536913 0.298 0
0.5704697986577181 0.298 0
0.563758389261745 0.298 0
0.5570469798657718 0.298 0
0.5503355704697986 0.298 0
0.5436241610738255 0.298 0
0.5369127516778524 0.298 0
0.5302013422818792 0.298 0
0.5234899328859061 0.298 0
0.5167785234899329 0.298 0
0.5100671140939597 0.298 0
0.5033557046979866 0.298 0
0.4966442953020135 0.298 0
0.4899328859060402 0.298 0
0.4832214765100671 0.298 0
0.4765100671140939 0.298 0
0.4697986577181208 0.298 0
0.4630872483221476 0.298 0
0.4563758389261745 0.298 0
0.4496644295302014 0.298 0
0.4429530201342282 0.298 0
0.4362416107382551 0.298 0
0.4295302013422819 0.298 0
0.4228187919463088 0.298 0
0.4161073825503356 0.298 0
0.4093959731543624 0.298 0
0.4026845637583892 0.298 0
0.3959731543624161 0.298 0
0.3892617449664429 0.298 0
0.3825503355704698 0.298 0
0.3758389261744967 0.298 0
0.3691275167785235 0.298 0
0.3624161073825504 0.298 0
0.3557046979865772 0.298 0
0.3489932885906041 0.298 0
0.3422818791946309 0.298 0
0.3355704697986577 0.298 0
0.3288590604026845 0.298 0
0.3221476510067114 0.298 0
0.3154362416107382 0.298 0
0.3087248322147651 0.298 0
0.302013422818792 0.298 0
0.2953020134228188 0.298 0
0.2885906040268457 0.298 0
0.2818791946308725 0.298 0
0.2751677852348994 0.298 0
0.2684563758389262 0.298 0
0.2617449664429531 0.298 0
0.2550335570469798 0.298 0
0.2483221476510067 0.298 0
0.2416107382550335 0.298 0
0.2348993288590604 0.298 0
0.2281879194630873 0.298 0
0.2214765100671141 0.298 0
0.214765100671141 0.298 0
0.2080536912751678 0.298 0
0.2013422818791947 0.298 0
0.1946308724832215 0.298 0
0.1879194630872484 0.298 0
0.1812080536912752 0.298 0
0.174496644295302 0.298 0
0.1677852348993288 0.298 0
0.1610738255033557 0.298 0
0.1543624161073825 0.298 0
0.1476510067114094 0.298 0
0.1409395973154363 0.298 0
0.1342281879194631 0.298 0
0.12751677852349 0.298 0
0.1208053691275168 0.298 0
0.1140939597315437 0.298 0
0.1073825503355705 0.298 0
0.1006711409395973 0.298 0
0.09395973154362414 0.298 0
0.08724832214765099 0.298 0
0.08053691275167785 0.298 0
0.0738255033557047 0.298 0
0.06711409395973156 0.298 0
0.06040268456375841 0.298 0
0.05369127516778527 0.298 0
0.04697986577181212 0.298 0
0.04026845637583898 0.298 0
0.03355704697986583 0.298 0
0.02684563758389269 0.298 0
0.02013422818791943 0.298 0
0.01342281879194629 0.298 0
0.006711409395973145 0.298 0
1 4 0 28
331
332
333
334
335
336
337
338
339
340
341
342
343
344
345
346
347
348
349
350
351
352
353
354
355
356
357
358
0 0.2877241379310345 0
0 0.277448275862069 0
0 0.2671724137931035 0
0 0.2568965517241379 0
0 0.2466206896551724 0
0 0.2363448275862069 0
0 0.2260689655172414 0
0 0.2157931034482759 0
0 0.2055172413793104 0
0 0.1952413793103449 0
0 0.1849655172413794 0
0 0.1746896551724139 0
0 0.1644137931034483 0
0 0.1541379310344828 0
0 0.1438620689655173 0
0 0.1335862068965518 0
0 0.1233103448275863 0
0 0.1130344827586208 0
0 0.1027586206896553 0
0 0.09248275862068975 0
0 0.08220689655172425 0
0 0.07193103448275873 0
0 0.06165517241379323 0
0 0.05137931034482773 0
0 0.04110344827586215 0
0 0.03082758620689663 0
0 0.02055172413793105 0
0 0.01027586206896552 0
1 5 0 1
359
1 0.299 0
1 6 0 1
360
0 0.299 0
1 7 0 148
361
362
363
364
365
366
367
368
369
370
371
372
373
374
375
376
377
378
379
380
381
382
383
384
385
386
387
388
389
390
391
392
393
394
395
396
397
398
399
400
401
402
403
404
405
406
407
408
409
410
411
412
413
414
415
416
417
418
419
420
421
422
423
424
425
426
427
428
429
430
431
432
433
434
435
436
437
438
439
440
441
442
443
444
445
446
447
448
449
450
451
452
453
454
455
456
457
458
459
460
461
462
463
464
465
466
467
468
469
470
471
472
473
474
475
476
477
478
479
480
481
482
483
484
485
486
487
488
489
490
491
492
493
494
495
496
497
498
499
500
501
502
503
504
505
506
507
508
0.006711409395973154 0.3 0
0.01342281879194631 0.3 0
0.02013422818791946 0.3 0
0.02684563758389262 0.3 0
0.03355704697986577 0.3 0
0.04026845637583892 0.3 0
0.04697986577181208 0.3 0
0.05369127516778523 0.3 0
0.06040268456375839 0.3 0
0.06711409395973154 0.3 0
0.0738255033557047 0.3 0
0.08053691275167785 0.3 0
0.08724832214765101 0.3 0
0.09395973154362416 0.3 0
0.1006711409395973 0.3 0
0.1073825503355705 0.3 0
0.1140939597315436 0.3 0
0.1208053691275168 0.3 0
0.1275167785234899 0.3 0
0.1342281879194631 0.3 0
0.1409395973154362 0.3 0
0.1476510067114094 0.3 0
0.1543624161073825 0.3 0
0.1610738255033557 0.3 0
0.1677852348993289 0.3 0
0.174496644295302 0.3 0
0.1812080536912752 0.3 0
0.1879194630872483 0.3 0
0.1946308724832215 0.3 0
0.2013422818791946 0.3 0
0.2080536912751678 0.3 0
0.2147651006711409 0.3 0
0.2214765100671141 0.3 0
0.2281879194630873 0.3 0
0.2348993288590604 0.3 0
0.2416107382550335 0.3 0
0.2483221476510067 0.3 0
0.2550335570469799 0.3 0
0.261744966442953 0.3 0
0.2684563758389262 0.3 0
0.2751677852348993 0.3 0
0.2818791946308725 0.3 0
0.2885906040268456 0.3 0
0.2953020134228188 0.3 0
0.302013422818792 0.3 0
0.3087248322147651 0.3 0
0.3154362416107382 0.3 0
0.3221476510067114 0.3 0
0.3288590604026845 0.3 0
0.3355704697986577 0.3 0
0.3422818791946309 0.3 0
0.348993288590604 0.3 0
0.3557046979865772 0.3 0
0.3624161073825503 0.3 0
0.3691275167785235 0.3 0
0.3758389261744967 0.3 0
0.3825503355704698 0.3 0
0.3892617449664429 0.3 0
0.3959731543624161 0.3 0
0.4026845637583892 0.3 0
0.4093959731543624 0.3 0
0.4161073825503356 0.3 0
0.4228187919463087 0.3 0
0.4295302013422819 0.3 0
0.436241610738255 0.3 0
0.4429530201342282 0.3 0
0.4496644295302014 0.3 0
0.4563758389261745 0.3 0
0.4630872483221476 0.3 0
0.4697986577181208 0.3 0
0.4765100671140939 0.3 0
0.4832214765100671 0.3 0
0.4899328859060403 0.3 0
0.4966442953020134 0.3 0
0.5033557046979865 0.3 0
0.5100671140939598 0.3 0
0.5167785234899329 0.3 0
0.5234899328859061 0.3 0
0.5302013422818792 0.3 0
0.5369127516778524 0.3 0
0.5436241610738255 0.3 0
0.5503355704697986 0.3 0
0.5570469798657718 0.3 0
0.5637583892617449 0.3 0
0.5704697986577181 0.3 0
0.5771812080536912 0.3 0
0.5838926174496644 0.3 0
0.5906040268456376 0.3 0
0.5973154362416108 0.3 0
0.6040268456375839 0.3 0
0.6107382550335571 0.3 0
0.6174496644295302 0.3 0
0.6241610738255033 0.3 0
0.6308724832214765 0.3 0
0.6375838926174496 0.3 0
0.6442953020134228 0.3 0
0.6510067114093959 0.3 0
0.6577181208053691 0.3 0
0.6644295302013423 0.3 0
0.6711409395973155 0.3 0
0.6778523489932886 0.3 0
0.6845637583892618 0.3 0
0.6912751677852349 0.3 0
0.697986577181208 0.3 0
0.7046979865771812 0.3 0
0.7114093959731543 0.3 0
0.7181208053691275 0.3 0
0.7248322147651006 0.3 0
0.7315436241610738 0.3 0
0.7382550335570469 0.3 0
0.7449664429530202 0.3 0
0.7516778523489933 0.3 0
0.7583892617449665 0.3 0
0.7651006711409396 0.3 0
0.7718120805369127 0.3 0
0.7785234899328859 0.3 0
0.785234899328859 0.3 0
0.7919463087248322 0.3 0
0.7986577181208053 0.3 0
0.8053691275167785 0.3 0
0.8120805369127516 0.3 0
0.8187919463087248 0.3 0
0.825503355704698 0.3 0
0.8322147651006712 0.3 0
0.8389261744966443 0.3 0
0.8456375838926175 0.3 0
0.8523489932885906 0.3 0
0.8590604026845637 0.3 0
0.8657718120805369 0.3 0
0.87248322147651 0.3 0
0.8791946308724832 0.3 0
0.8859060402684563 0.3 0
0.8926174496644295 0.3 0
0.8993288590604027 0.3 0
0.9060402684563759 0.3 0
0.912751677852349 0.3 0
0.9194630872483222 0.3 0
0.9261744966442953 0.3 0
0.9328859060402684 0.3 0
0.9395973154362416 0.3 0
0.9463087248322147 0.3 0
0.9530201342281879 0.3 0
0.959731543624161 0.3 0
0.9664429530201342 0.3 0
0.9731543624161073 0.3 0
0.9798657718120806 0.3 0
0.9865771812080537 0.3 0
0.9932885906040269 0.3 0
2 1 0 4144
509
510
511
512
513
514
515
516
517
518
519
520
521
522
523
524
525
526
527
528
529
530
531
532
533
534
535
536
537
538
539
540
541
542
543
544
545
546
547
548
549
550
551
552
553
554
555
556
557
558
559
560
561
562
563
564
565
566
567
568
569
570
571
572
573
574
575
576
577
578
579
580
581
582
583
584
585
586
587
588
589
590
591
592
593
594
595
596
597
598
599
600
601
602
603
604
605
606
607
608
609
610
611
612
613
614
615
616
617
618
619
620
621
622
623
624
625
626
627
628
629
630
631
632
633
634
635
636
637
638
639
640
641
642
643
644
645
646
647
648
649
650
651
652
653
654
655
656
657
658
659
660
661
662
663
664
665
666
667
668
669
670
671
672
673
674
675
676
677
678
679
680
681
682
683
684
685
686
687
688
689
690
691
692
693
694
695
696
697
698
699
700
701
702
703
704
705
706
707
708
709
710
711
712
713
714
715
716
717
718
719
720
721
722
723
724
725
726
727
728
729
730
731
732
733
734
735
736
737
738
739
740
741
742
743
744
745
746
747
748
749
750
751
752
753
754
755
756
757
758
759
760
761
762
763
764
765
766
767
768
769
770
771
772
773
774
775
776
777
778
779
780
781
782
783
784
785
786
787
788
789
790
791
792
793
794
795
796
797
798
799
800
801
802
803
804
805
806
807
808
809
810
811
812
813
814
815
816
817
818
819
820
821
822
823
824
825
826
827
828
829
830
831
832
833
834
835
836
837
838
839
840
841
842
843
844
845
846
847
848
849
850
851
852
853
854
855
856
857
858
859
860
861
862
863
864
865
866
867
868
869
870
871
872
873
874
875
876
877
878
879
880
881
882
883
884
885
886
887
888
889
890
891
892
893
894
895
896
897
898
899
900
901
902
903
904
905
906
907
908
909
910
911
912
913
914
915
916
917
918
919
920
921
922
923
924
925
926
927
928
929
930
931
932
933
934
935
936
937
938
939
940
941
942
943
944
945
946
947
948
949
950
951
952
953
954
955
956
957
958
959
960
961
962
963
964
965
966
967
968
969
970
971
972
973
974
975
976
977
978
979
980
981
982
983
984
985
986
987
988
989
990
991
992
993
994
995
996
997
998
999
1000
1001
1002
1003
1004
1005
1006
1007
1008
1009
1010
1011
1012
1013
1014
1015
1016
1017
1018
1019
1020
1021
1022
1023
1024
1025
1026
1027
1028
1029
1030
1031
1032
1033
1034
1035
1036
1037
1038
1039
1040
1041
1042
1043
1044
1045
1046
1047
1048
1049
1050
1051
1052
1053
1054
1055
1056
1057
1058
1059
1060
1061
1062
1063
1064
1065
1066
1067
1068
1069
1070
1071
1072
1073
1074
1075
1076
1077
1078
1079
1080
1081
1082
1083
1084
1085
1086
1087
1088
1089
1090
1091
1092
1093
1094
1095
1096
1097
1098
1099
1100
1101
1102
1103
1104
1105
1106
1107
1108
1109
1110
1111
1112
1113
1114
1115
1116
1117
1118
1119
1120
1121
1122
1123
1124
1125
1126
1127
1128
1129
1130
1131
1132
1133
1134
1135
1136
1137
1138
1139
1140
1141
1142
1143
1144
1145
1146
1147
1148
1149
1150
1151
1152
1153
1154
1155
1156
1157
1158
1159
1160
1161
1162
1163
1164
1165
1166
1167
1168
1169
1170
1171
1172
1173
1174
1175
1176
1177
1178
1179
1180
1181
1182
1183
1184
1185
1186
1187
1188
1189
1190
1191
1192
1193
1194
1195
1196
1197
1198
1199
1200
1201
1202
1203
1204
1205
1206
1207
1208
1209
1210
1211
1212
1213
1214
1215
1216
1217
1218
1219
1220
1221
1222
1223
1224
1225
1226
1227
1228
1229
1230
1231
1232
1233
1234
1235
1236
1237
1238
1239
1240
1241
1242
1243
1244
1245
1246
1247
1248
1249
1250
1251
1252
1253
1254
1255
1256
1257
1258
1259
1260
1261
1262
1263
1264
1265
1266
1267
1268
1269
1270
1271
1272
1273
1274
1275
1276
1277
1278
1279
1280
1281
1282
1283
1284
1285
1286
1287
1288
1289
1290
1291
1292
1293
1294
1295
1296
1297
1298
1299
1300
1301
1302
1303
1304
1305
1306
1307
1308
1309
1310
1311
1312
1313
1314
1315
1316
1317
1318
1319
1320
1321
1322
1323
1324
1325
1326
1327
1328
1329
1330
1331
1332
1333
1334
1335
1336
1337
1338
1339
1340
1341
1342
1343
1344
1345
1346
1347
1348
1349
1350
1351
1352
1353
1354
1355
1356
1357
1358
1359
1360
1361
1362
1363
1364
1365
1366
1367
1368
1369
1370
1371
1372
1373
1374
1375
1376
1377
1378
1379
1380
1381
1382
1383
1384
1385
1386
1387
1388
1389
1390
1391
1392
1393
1394
1395
1396
1397
1398
1399
1400
1401
1402
1403
1404
1405
1406
1407
1408
1409
1410
1411
1412
1413
1414
1415
1416
1417
1418
1419
1420
1421
1422
1423
1424
1425
1426
1427
1428
1429
1430
1431
1432
1433
1434
1435
1436
1437
1438
1439
1440
1441
1442
1443
1444
1445
1446
1447
1448
1449
1450
1451
1452
1453
1454
1455
1456
1457
1458
1459
1460
1461
1462
1463
1464
1465
1466
1467
1468
1469
1470
1471
1472
1473
1474
1475
1476
1477
1478
1479
1480
1481
1482
1483
1484
1485
1486
1487
1488
1489
1490
1491
1492
1493
1494
1495
1496
1497
1498
1499
1500
1501
1502
1503
1504
1505
1506
1507
1508
1509
1510
1511
1512
1513
1514
1515
1516
1517
1518
1519
1520
1521
1522
1523
1524
1525
1526
1527
1528
1529
1530
1531
1532
1533
1534
1535
1536
1537
1538
1539
1540
1541
1542
1543
1544
1545
1546
1547
1548
1549
1550
1551
1552
1553
1554
1555
1556
1557
1558
1559
1560
1561
1562
1563
1564
1565
1566
1567
1568
1569
1570
1571
1572
1573
1574
1575
1576
1577
1578
1579
1580
1581
1582
1583
1584
1585
1586
1587
1588
1589
1590
1591
1592
1593
1594
1595
1596
1597
1598
1599
1600
1601
1602
1603
1604
1605
1606
1607
1608
1609
1610
1611
1612
1613
1614
1615
1616
1617
1618
1619
1620
1621
1622
1623
1624
1625
1626
1627
1628
1629
1630
1631
1632
1633
1634
1635
1636
1637
1638
1639
1640
1641
1642
1643
1644
1645
1646
1647
1648
1649
1650
1651
1652
1653
1654
1655
1656
1657
1658
1659
1660
1661
1662
1663
1664
1665
1666
1667
1668
1669
1670
1671
1672
1673
1674
1675
1676
1677
1678
1679
1680
1681
1682
1683
1684
1685
1686
1687
1688
1689
1690
1691
1692
1693
1694
1695
1696
1697
1698
1699
1700
1701
1702
1703
1704
1705
1706
1707
1708
1709
1710
1711
1712
1713
1714
1715
1716
1717
1718
1719
1720
1721
1722
1723
1724
1725
1726
1727
1728
1729
1730
1731
1732
1733
1734
1735
1736
1737
1738
1739
1740
1741
1742
1743
1744
1745
1746
1747
1748
1749
1750
1751
1752
1753
1754
1755
1756
1757
1758
1759
1760
1761
1762
1763
1764
1765
1766
1767
1768
1769
1770
1771
1772
1773
1774
1775
1776
1777
1778
1779
1780
1781
1782
1783
1784
1785
1786
1787
1788
1789
1790
1791
1792
1793
1794
1795
1796
1797
1798
1799
1800
1801
1802
1803
1804
1805
1806
1807
1808
1809
1810
1811
1812
1813
1814
1815
1816
1817
1818
1819
1820
1821
1822
1823
1824
1825
1826
1827
1828
1829
1830
1831
1832
1833
1834
1835
1836
1837
1838
1839
1840
1841
1842
1843
1844
1845
1846
1847
1848
1849
1850
1851
1852
1853
1854
1855
1856
1857
1858
1859
1860
1861
1862
1863
1864
1865
1866
1867
1868
1869
1870
1871
1872
1873
1874
1875
1876
1877
1878
1879
1880
1881
1882
1883
1884
1885
1886
1887
1888
1889
1890
1891
1892
1893
1894
1895
1896
1897
1898
1899
1900
1901
1902
1903
1904
1905
1906
1907
1908
1909
1910
1911
1912
1913
1914
1915
1916
1917
1918
1919
1920
1921
1922
1923
1924
1925
1926
1927
1928
1929
1930
1931
1932
1933
1934
1935
1936
1937
1938
1939
1940
1941
1942
1943
1944
1945
1946
1947
1948
1949
1950
1951
1952
1953
1954
1955
1956
1957
1958
1959
1960
1961
1962
1963
1964
1965
1966
1967
1968
1969
1970
1971
1972
1973
1974
1975
1976
1977
1978
1979
1980
1981
1982
1983
1984
1985
1986
1987
1988
1989
1990
1991
1992
1993
1994
1995
1996
1997
1998
1999
2000
2001
2002
2003
2004
2005
2006
2007
2008
2009
2010
2011
2012
2013
2014
2015
2016
2017
2018
2019
2020
2021
2022
2023
2024
2025
2026
2027
2028
2029
2030
2031
2032
2033
2034
2035
2036
2037
2038
2039
2040
2041
2042
2043
2044
2045
2046
2047
2048
2049
2050
2051
2052
2053
2054
2055
2056
2057
2058
2059
2060
2061
2062
2063
2064
2065
2066
2067
2068
2069
2070
2071
2072
2073
2074
2075
2076
2077
2078
2079
2080
2081
2082
2083
2084
2085
2086
2087
2088
2089
2090
2091
2092
2093
2094
2095
2096
2097
2098
2099
2100
2101
2102
2103
2104
2105
2106
2107
2108
2109
2110
2111
2112
2113
2114
2115
2116
2117
2118
2119
2120
2121
2122
2123
2124
2125
2126
2127
2128
2129
2130
2131
2132
2133
2134
2135
2136
2137
2138
2139
2140
2141
2142
2143
2144
2145
2146
2147
2148
2149
2150
2151
2152
2153
2154
2155
2156
2157
2158
2159
2160
2161
2162
2163
2164
2165
2166
2167
2168
2169
2170
2171
2172
2173
2174
2175
2176
2177
2178
2179
2180
2181
2182
2183
2184
2185
2186
2187
2188
2189
2190
2191
2192
2193
2194
2195
2196
2197
2198
2199
2200
2201
2202
2203
2204
2205
2206
2207
2208
2209
2210
2211
2212
2213
2214
2215
2216
2217
2218
2219
2220
2221
2222
2223
2224
2225
2226
2227
2228
2229
2230
2231
2232
2233
2234
2235
2236
2237
2238
2239
2240
2241
2242
2243
2244
2245
2246
2247
2248
2249
2250
2251
2252
2253
2254
2255
2256
2257
2258
2259
2260
2261
2262
2263
2264
2265
2266
2267
2268
2269
2270
2271
2272
2273
2274
2275
2276
2277
2278
2279
2280
2281
2282
2283
2284
2285
2286
2287
2288
2289
2290
2291
2292
2293
2294
2295
2296
2297
2298
2299
2300
2301
2302
2303
2304
2305
2306
2307
2308
2309
2310
2311
2312
2313
2314
2315
2316
2317
2318
2319
2320
2321
2322
2323
2324
2325
2326
2327
2328
2329
2330
2331
2332
2333
2334
2335
2336
2337
2338
2339
2340
2341
2342
2343
2344
2345
2346
2347
2348
2349
2350
2351
2352
2353
2354
2355
2356
2357
2358
2359
2360
2361
2362
2363
2364
2365
2366
2367
2368
2369
2370
2371
2372
2373
2374
2375
2376
2377
2378
2379
2380
2381
2382
2383
2384
2385
2386
2387
2388
2389
2390
2391
2392
2393
2394
2395
2396
2397
2398
2399
2400
2401
2402
2403
2404
2405
2406
2407
2408
2409
2410
2411
2412
2413
2414
2415
2416
2417
2418
2419
2420
2421
2422
2423
2424
2425
2426
2427
2428
2429
2430
2431
2432
2433
2434
2435
2436
2437
2438
2439
2440
2441
2442
2443
2444
2445
2446
2447
2448
2449
2450
2451
2452
2453
2454
2455
2456
2457
2458
2459
2460
2461
2462
2463
2464
2465
2466
2467
2468
2469
2470
2471
2472
2473
2474
2475
2476
2477
2478
2479
2480
2481
2482
2483
2484
2485
2486
2487
2488
2489
2490
2491
2492
2493
2494
2495
2496
2497
2498
2499
2500
2501
2502
2503
2504
2505
2506
2507
2508
2509
2510
2511
2512
2513
2514
2515
2516
2517
2518
2519
2520
2521
2522
2523
2524
2525
2526
2527
2528
2529
2530
2531
2532
2533
2534
2535
2536
2537
2538
2539
2540
2541
2542
2543
2544
2545
2546
2547
2548
2549
2550
2551
2552
2553
2554
2555
2556
2557
2558
2559
2560
2561
2562
2563
2564
2565
2566
2567
2568
2569
2570
2571
2572
2573
2574
2575
2576
2577
2578
2579
2580
2581
2582
2583
2584
2585
2586
2587
2588
2589
2590
2591
2592
2593
2594
2595
2596
2597
2598
2599
2600
2601
2602
2603
2604
2605
2606
2607
2608
2609
2610
2611
2612
2613
2614
2615
2616
2617
2618
2619
2620
2621
2622
2623
2624
2625
2626
2627
2628
2629
2630
2631
2632
2633
2634
2635
2636
2637
2638
2639
2640
2641
2642
2643
2644
2645
2646
2647
2648
2649
2650
2651
2652
2653
2654
2655
2656
2657
2658
2659
2660
2661
2662
2663
2664
2665
2666
2667
2668
2669
2670
2671
2672
2673
2674
2675
2676
2677
2678
2679
2680
2681
2682
2683
2684
2685
2686
2687
2688
2689
2690
2691
2692
2693
2694
2695
2696
2697
2698
2699
2700
2701
2702
2703
2704
2705
2706
2707
2708
2709
2710
2711
2712
2713
2714
2715
2716
2717
2718
2719
2720
2721
2722
2723
2724
2725
2726
2727
2728
2729
2730
2731
2732
2733
2734
2735
2736
2737
2738
2739
2740
2741
2742
2743
2744
2745
2746
2747
2748
2749
2750
2751
2752
2753
2754
2755
2756
2757
2758
2759
2760
2761
2762
2763
2764
2765
2766
2767
2768
2769
2770
2771
2772
2773
2774
2775
2776
2777
2778
2779
2780
2781
2782
2783
2784
2785
2786
2787
2788
2789
2790
2791
2792
2793
2794
2795
2796
2797
2798
2799
2800
2801
2802
2803
2804
2805
2806
2807
2808
2809
2810
2811
2812
2813
2814
2815
2816
2817
2818
2819
2820
2821
2822
2823
2824
2825
2826
2827
2828
2829
2830
2831
2832
2833
2834
2835
2836
2837
2838
2839
2840
2841
2842
2843
2844
2845
2846
2847
2848
2849
2850
2851
2852
2853
2854
2855
2856
2857
2858
2859
2860
2861
2862
2863
2864
2865
2866
2867
2868
2869
2870
2871
2872
2873
2874
2875
2876
2877
2878
2879
2880
2881
2882
2883
2884
2885
2886
2887
2888
2889
2890
2891
2892
2893
2894
2895
2896
2897
2898
2899
2900
2901
2902
2903
2904
2905
2906
2907
2908
2909
2910
2911
2912
2913
2914
2915
2916
2917
2918
2919
2920
2921
2922
2923
2924
2925
2926
2927
2928
2929
2930
2931
2932
2933
2934
2935
2936
2937
2938
2939
2940
2941
2942
2943
2944
2945
2946
2947
2948
2949
2950
2951
2952
2953
2954
2955
2956
2957
2958
2959
2960
2961
2962
2963
2964
2965
2966
2967
2968
2969
2970
2971
2972
2973
2974
2975
2976
2977
2978
2979
2980
2981
2982
2983
2984
2985
2986
2987
2988
2989
2990
2991
2992
2993
2994
2995
2996
2997
2998
2999
3000
3001
3002
3003
3004
3005
3006
3007
3008
3009
3010
3011
3012
3013
3014
3015
3016
3017
3018
3019
3020
3021
3022
3023
3024
3025
3026
3027
3028
3029
3030
3031
3032
3033
3034
3035
3036
3037
3038
3039
3040
3041
3042
3043
3044
3045
3046
3047
3048
3049
3050
3051
3052
3053
3054
3055
3056
3057
3058
3059
3060
3061
3062
3063
3064
3065
3066
3067
3068
3069
3070
3071
3072
3073
3074
3075
3076
3077
3078
3079
3080
3081
3082
3083
3084
3085
3086
3087
3088
3089
3090
3091
3092
3093
3094
3095
3096
3097
3098
3099
3100
3101
3102
3103
3104
3105
3106
3107
3108
3109
3110
3111
3112
3113
3114
3115
3116
3117
3118
3119
3120
3121
3122
3123
3124
3125
3126
3127
3128
3129
3130
3131
3132
3133
3134
3135
3136
3137
3138
3139
3140
3141
3142
3143
3144
3145
3146
3147
3148
3149
3150
3151
3152
3153
3154
3155
3156
3157
3158
3159
3160
3161
3162
3163
3164
3165
3166
3167
3168
3169
3170
3171
3172
3173
3174
3175
3176
3177
3178
3179
3180
3181
3182
3183
3184
3185
3186
3187
3188
3189
3190
3191
3192
3193
3194
3195
3196
3197
3198
3199
3200
3201
3202
3203
3204
3205
3206
3207
3208
3209
3210
3211
3212
3213
3214
3215
3216
3217
3218
3219
3220
3221
3222
3223
3224
3225
3226
3227
3228
3229
3230
3231
3232
3233
3234
3235
3236
3237
3238
3239
3240
3241
3242
3243
3244
3245
3246
3247
3248
3249
3250
3251
3252
3253
3254
3255
3256
3257
3258
3259
3260
3261
3262
3263
3264
3265
3266
3267
3268
3269
3270
3271
3272
3273
3274
3275
3276
3277
3278
3279
3280
3281
3282
3283
3284
3285
3286
3287
3288
3289
3290
3291
3292
3293
3294
3295
3296
3297
3298
3299
3300
3301
3302
3303
3304
3305
3306
3307
3308
3309
3310
3311
3312
3313
3314
3315
3316
3317
3318
3319
3320
3321
3322
3323
3324
3325
3326
3327
3328
3329
3330
3331
3332
3333
3334
3335
3336
3337
3338
3339
3340
3341
3342
3343
3344
3345
3346
3347
3348
3349
3350
3351
3352
3353
3354
3355
3356
3357
3358
3359
3360
3361
3362
3363
3364
3365
3366
3367
3368
3369
3370
3371
3372
3373
3374
3375
3376
3377
3378
3379
3380
3381
3382
3383
3384
3385
3386
3387
3388
3389
3390
3391
3392
3393
3394
3395
3396
3397
3398
3399
3400
3401
3402
3403
3404
3405
3406
3407
3408
3409
3410
3411
3412
3413
3414
3415
3416
3417
3418
3419
3420
3421
3422
3423
3424
3425
3426
3427
3428
3429
3430
3431
3432
3433
3434
3435
3436
3437
3438
3439
3440
3441
3442
3443
3444
3445
3446
3447
3448
3449
3450
3451
3452
3453
3454
3455
3456
3457
3458
3459
3460
3461
3462
3463
3464
3465
3466
3467
3468
3469
3470
3471
3472
3473
3474
3475
3476
3477
3478
3479
3480
3481
3482
3483
3484
3485
3486
3487
3488
3489
3490
3491
3492
3493
3494
3495
3496
3497
3498
3499
3500
3501
3502
3503
3504
3505
3506
3507
3508
3509
3510
3511
3512
3513
3514
3515
3516
3517
3518
3519
3520
3521
3522
3523
3524
3525
3526
3527
3528
3529
3530
3531
3532
3533
3534
3535
3536
3537
3538
3539
3540
3541
3542
3543
3544
3545
3546
3547
3548
3549
3550
3551
3552
3553
3554
3555
3556
3557
3558
3559
3560
3561
3562
3563
3564
3565
3566
3567
3568
3569
3570
3571
3572
3573
3574
3575
3576
3577
3578
3579
3580
3581
3582
3583
3584
3585
3586
3587
3588
3589
3590
3591
3592
3593
3594
3595
3596
3597
3598
3599
3600
3601
3602
3603
3604
3605
3606
3607
3608
3609
3610
3611
3612
3613
3614
3615
3616
3617
3618
3619
3620
3621
3622
3623
3624
3625
3626
3627
3628
3629
3630
3631
3632
3633
3634
3635
3636
3637
3638
3639
3640
3641
3642
3643
3644
3645
3646
3647
3648
3649
3650
3651
3652
3653
3654
3655
3656
3657
3658
3659
3660
3661
3662
3663
3664
3665
3666
3667
3668
3669
3670
3671
3672
3673
3674
3675
3676
3677
3678
3679
3680
3681
3682
3683
3684
3685
3686
3687
3688
3689
3690
3691
3692
3693
3694
3695
3696
3697
3698
3699
3700
3701
3702
3703
3704
3705
3706
3707
3708
3709
3710
3711
3712
3713
3714
3715
3716
3717
3718
3719
3720
3721
3722
3723
3724
3725
3726
3727
3728
3729
3730
3731
3732
3733
3734
3735
3736
3737
3738
3739
3740
3741
3742
3743
3744
3745
3746
3747
3748
3749
3750
3751
3752
3753
3754
3755
3756
3757
3758
3759
3760
3761
3762
3763
3764
3765
3766
3767
3768
3769
3770
3771
3772
3773
3774
3775
3776
3777
3778
3779
3780
3781
3782
3783
3784
3785
3786
3787
3788
3789
3790
3791
3792
3793
3794
3795
3796
3797
3798
3799
3800
3801
3802
3803
3804
3805
3806
3807
3808
3809
3810
3811
3812
3813
3814
3815
3816
3817
3818
3819
3820
3821
3822
3823
3824
3825
3826
3827
3828
3829
3830
3831
3832
3833
3834
3835
3836
3837
3838
3839
3840
3841
3842
3843
3844
3845
3846
3847
3848
3849
3850
3851
3852
3853
3854
3855
3856
3857
3858
3859
3860
3861
3862
3863
3864
3865
3866
3867
3868
3869
3870
3871
3872
3873
3874
3875
3876
3877
3878
3879
3880
3881
3882
3883
3884
3885
3886
3887
3888
3889
3890
3891
3892
3893
3894
3895
3896
3897
3898
3899
3900
3901
3902
3903
3904
3905
3906
3907
3908
3909
3910
3911
3912
3913
3914
3915
3916
3917
3918
3919
3920
3921
3922
3923
3924
3925
3926
3927
3928
3929
3930
3931
3932
3933
3934
3935
3936
3937
3938
3939
3940
3941
3942
3943
3944
3945
3946
3947
3948
3949
3950
3951
3952
3953
3954
3955
3956
3957
3958
3959
3960
3961
3962
3963
3964
3965
3966
3967
3968
3969
3970
3971
3972
3973
3974
3975
3976
3977
3978
3979
3980
3981
3982
3983
3984
3985
3986
3987
3988
3989
3990
3991
3992
3993
3994
3995
3996
3997
3998
3999
4000
4001
4002
4003
4004
4005
4006
4007
4008
4009
4010
4011
4012
4013
4014
4015
4016
4017
4018
4019
4020
4021
4022
4023
4024
4025
4026
4027
4028
4029
4030
4031
4032
4033
4034
4035
4036
4037
4038
4039
4040
4041
4042
4043
4044
4045
4046
4047
4048
4049
4050
4051
4052
4053
4054
4055
4056
4057
4058
4059
4060
4061
4062
4063
4064
4065
4066
4067
4068
4069
4070
4071
4072
4073
4074
4075
4076
4077
4078
4079
4080
4081
4082
4083
4084
4085
4086
4087
4088
4089
4090
4091
4092
4093
4094
4095
4096
4097
4098
4099
4100
4101
4102
4103
4104
4105
4106
4107
4108
4109
4110
4111
4112
4113
4114
4115
4116
4117
4118
4119
4120
4121
4122
4123
4124
4125
4126
4127
4128
4129
4130
4131
4132
4133
4134
4135
4136
4137
4138
4139
4140
4141
4142
4143
4144
4145
4146
4147
4148
4149
4150
4151
4152
4153
4154
4155
4156
4157
4158
4159
4160
4161
4162
4163
4164
4165
4166
4167
4168
4169
4170
4171
4172
4173
4174
4175
4176
4177
4178
4179
4180
4181
4182
4183
4184
4185
4186
4187
4188
4189
4190
4191
4192
4193
4194
4195
4196
4197
4198
4199
4200
4201
4202
4203
4204
4205
4206
4207
4208
4209
4210
4211
4212
4213
4214
4215
4216
4217
4218
4219
4220
4221
4222
4223
4224
4225
4226
4227
4228
4229
4230
4231
4232
4233
4234
4235
4236
4237
4238
4239
4240
4241
4242
4243
4244
4245
4246
4247
4248
4249
4250
4251
4252
4253
4254
4255
4256
4257
4258
4259
4260
4261
4262
4263
4264
4265
4266
4267
4268
4269
4270
4271
4272
4273
4274
4275
4276
4277
4278
4279
4280
4281
4282
4283
4284
4285
4286
4287
4288
4289
4290
4291
4292
4293
4294
4295
4296
4297
4298
4299
4300
4301
4302
4303
4304
4305
4306
4307
4308
4309
4310
4311
4312
4313
4314
4315
4316
4317
4318
4319
4320
4321
4322
4323
4324
4325
4326
4327
4328
4329
4330
4331
4332
4333
4334
4335
4336
4337
4338
4339
4340
4341
4342
4343
4344
4345
4346
4347
4348
4349
4350
4351
4352
4353
4354
4355
4356
4357
4358
4359
4360
4361
4362
4363
4364
4365
4366
4367
4368
4369
4370
4371
4372
4373
4374
4375
4376
4377
4378
4379
4380
4381
4382
4383
4384
4385
4386
4387
4388
4389
4390
4391
4392
4393
4394
4395
4396
4397
4398
4399
4400
4401
4402
4403
4404
4405
4406
4407
4408
4409
4410
4411
4412
4413
4414
4415
4416
4417
4418
4419
4420
4421
4422
4423
4424
4425
4426
4427
4428
4429
4430
4431
4432
4433
4434
4435
4436
4437
4438
4439
4440
4441
4442
4443
4444
4445
4446
4447
4448
4449
4450
4451
4452
4453
4454
4455
4456
4457
4458
4459
4460
4461
4462
4463
4464
4465
4466
4467
4468
4469
4470
4471
4472
4473
4474
4475
4476
4477
4478
4479
4480
4481
4482
4483
4484
4485
4486
4487
4488
4489
4490
4491
4492
4493
4494
4495
4496
4497
4498
4499
4500
4501
4502
4503
4504
4505
4506
4507
4508
4509
4510
4511
4512
4513
4514
4515
4516
4517
4518
4519
4520
4521
4522
4523
4524
4525
4526
4527
4528
4529
4530
4531
4532
4533
4534
4535
4536
4537
4538
4539
4540
4541
4542
4543
4544
4545
4546
4547
4548
4549
4550
4551
4552
4553
4554
4555
4556
4557
4558
4559
4560
4561
4562
4563
4564
4565
4566
4567
4568
4569
4570
4571
4572
4573
4574
4575
4576
4577
4578
4579
4580
4581
4582
4583
4584
4585
4586
4587
4588
4589
4590
4591
4592
4593
4594
4595
4596
4597
4598
4599
4600
4601
4602
4603
4604
4605
4606
4607
4608
4609
4610
4611
4612
4613
4614
4615
4616
4617
4618
4619
4620
4621
4622
4623
4624
4625
4626
4627
4628
4629
4630
4631
4632
4633
4634
4635
4636
4637
4638
4639
4640
4641
4642
4643
4644
4645
4646
4647
4648
4649
4650
4651
4652
0.0067114093959732 0.0102758620689655 0
0.006711409395973034 0.02055172413793105 0
0.006711409395973145 0.03082758620689666 0
0.006711409395973145 0.04110344827586215 0
0.0067114093959732 0.05137931034482772 0
0.006711409395973145 0.06165517241379323 0
0.006711409395973145 0.07193103448275873 0
0.006711409395973145 0.08220689655172425 0
0.006711409395973145 0.09248275862068975 0
0.006711409395973145 0.1027586206896553 0
0.006711409395973145 0.1130344827586208 0
0.006711409395973145 0.1233103448275863 0
0.006711409395973145 0.1335862068965518 0
0.006711409395973034 0.1438620689655173 0
0.006711409395973145 0.1541379310344828 0
0.006711409395973089 0.1644137931034483 0
0.006711409395973145 0.1746896551724139 0
0.006711409395973145 0.1849655172413794 0
0.006711409395973145 0.1952413793103449 0
0.006711409395973145 0.2055172413793104 0
0.006711409395973145 0.2157931034482759 0
0.006711409395973145 0.2260689655172414 0
0.006711409395973145 0.2363448275862069 0
0.006711409395973089 0.2466206896551724 0
0.006711409395973145 0.2568965517241379 0
0.006711409395973089 0.2671724137931034 0
0.006711409395973145 0.277448275862069 0
0.006711409395973089 0.2877241379310346 0
0.01342281879194629 0.0102758620689655 0
0.01342281879194629 0.02055172413793105 0
0.01342281879194629 0.03082758620689657 0
0.01342281879194629 0.04110344827586215 0
0.01342281879194629 0.05137931034482773 0
0.01342281879194629 0.06165517241379323 0
0.01342281879194618 0.07193103448275874 0
0.01342281879194618 0.08220689655172428 0
0.01342281879194629 0.09248275862068975 0
0.01342281879194629 0.1027586206896553 0
0.01342281879194629 0.1130344827586208 0
0.01342281879194629 0.1233103448275863 0
0.01342281879194629 0.1335862068965518 0
0.01342281879194629 0.1438620689655173 0
0.01342281879194629 0.1541379310344828 0
0.01342281879194629 0.1644137931034483 0
0.01342281879194629 0.1746896551724139 0
0.01342281879194629 0.1849655172413794 0
0.01342281879194629 0.1952413793103449 0
0.01342281879194629 0.2055172413793104 0
0.01342281879194629 0.2157931034482759 0
0.01342281879194629 0.2260689655172414 0
0.01342281879194629 0.2363448275862069 0
0.01342281879194629 0.2466206896551724 0
0.01342281879194629 0.2568965517241379 0
0.01342281879194629 0.2671724137931034 0
0.01342281879194629 0.2774482758620689 0
0.01342281879194629 0.2877241379310346 0
0.02013422818791938 0.01027586206896552 0
0.02013422818791932 0.02055172413793105 0
0.02013422818791943 0.03082758620689664 0
0.02013422818791943 0.04110344827586215 0
0.02013422818791938 0.05137931034482773 0
0.02013422818791943 0.06165517241379323 0
0.02013422818791943 0.07193103448275873 0
0.02013422818791943 0.08220689655172425 0
0.02013422818791943 0.09248275862068975 0
0.02013422818791949 0.1027586206896553 0
0.02013422818791943 0.1130344827586208 0
0.02013422818791943 0.1233103448275863 0
0.02013422818791943 0.1335862068965518 0
0.02013422818791938 0.1438620689655173 0
0.02013422818791943 0.1541379310344828 0
0.02013422818791943 0.1644137931034483 0
0.02013422818791943 0.1746896551724139 0
0.02013422818791943 0.1849655172413794 0
0.02013422818791943 0.1952413793103449 0
0.02013422818791943 0.2055172413793104 0
0.02013422818791943 0.2157931034482759 0
0.02013422818791943 0.2260689655172414 0
0.02013422818791943 0.2363448275862069 0
0.02013422818791943 0.2466206896551724 0
0.02013422818791943 0.2568965517241379 0
0.02013422818791943 0.2671724137931035 0
0.02013422818791943 0.2774482758620689 0
0.02013422818791938 0.2877241379310346 0
0.02684563758389258 0.01027586206896552 0
0.02684563758389258 0.02055172413793105 0
0.02684563758389258 0.03082758620689666 0
0.02684563758389258 0.04110344827586213 0
0.02684563758389258 0.05137931034482775 0
0.02684563758389269 0.06165517241379322 0
0.02684563758389269 0.07193103448275873 0
0.02684563758389258 0.08220689655172425 0
0.02684563758389269 0.09248275862068975 0
0.02684563758389269 0.1027586206896553 0
0.02684563758389258 0.1130344827586208 0
0.02684563758389269 0.1233103448275863 0
0.0268456375838928 0.1335862068965518 0
0.02684563758389269 0.1438620689655173 0
0.02684563758389269 0.1541379310344828 0
0.02684563758389269 0.1644137931034483 0
0.02684563758389275 0.1746896551724139 0
0.02684563758389275 0.1849655172413794 0
0.02684563758389275 0.1952413793103449 0
0.02684563758389275 0.2055172413793104 0
0.02684563758389275 0.2157931034482759 0
0.02684563758389269 0.2260689655172414 0
0.02684563758389269 0.2363448275862069 0
0.02684563758389269 0.2466206896551724 0
0.02684563758389275 0.2568965517241379 0
0.02684563758389269 0.2671724137931035 0
0.02684563758389269 0.2774482758620689 0
0.02684563758389269 0.2877241379310345 0
0.03355704697986583 0.0102758620689655 0
0.03355704697986572 0.02055172413793105 0
0.03355704697986589 0.03082758620689666 0
0.03355704697986572 0.04110344827586215 0
0.03355704697986578 0.05137931034482772 0
0.03355704697986583 0.06165517241379322 0
0.03355704697986583 0.07193103448275873 0
0.03355704697986572 0.08220689655172425 0
0.03355704697986583 0.09248275862068978 0
0.03355704697986589 0.1027586206896553 0
0.03355704697986583 0.1130344827586208 0
0.03355704697986583 0.1233103448275863 0
0.03355704697986572 0.1335862068965518 0
0.03355704697986583 0.1438620689655173 0
0.03355704697986583 0.1541379310344828 0
0.03355704697986583 0.1644137931034483 0
0.03355704697986583 0.1746896551724139 0
0.03355704697986583 0.1849655172413794 0
0.03355704697986583 0.1952413793103449 0
0.03355704697986583 0.2055172413793104 0
0.03355704697986589 0.2157931034482759 0
0.03355704697986583 0.2260689655172414 0
0.03355704697986583 0.2363448275862069 0
0.03355704697986583 0.2466206896551724 0
0.03355704697986583 0.2568965517241379 0
0.03355704697986583 0.2671724137931034 0
0.03355704697986583 0.277448275862069 0
0.03355704697986583 0.2877241379310345 0
0.04026845637583898 0.0102758620689655 0
0.04026845637583887 0.02055172413793105 0
0.04026845637583887 0.03082758620689664 0
0.04026845637583898 0.04110344827586215 0
0.04026845637583898 0.05137931034482772 0
0.04026845637583898 0.06165517241379319 0
0.04026845637583892 0.07193103448275871 0
0.04026845637583898 0.08220689655172425 0
0.04026845637583898 0.09248275862068972 0
0.04026845637583898 0.1027586206896553 0
0.04026845637583898 0.1130344827586208 0
0.04026845637583898 0.1233103448275863 0
0.04026845637583898 0.1335862068965518 0
0.04026845637583898 0.1438620689655173 0
0.04026845637583898 0.1541379310344828 0
0.04026845637583898 0.1644137931034483 0
0.04026845637583898 0.1746896551724139 0
0.04026845637583898 0.1849655172413794 0
0.04026845637583898 0.1952413793103449 0
0.04026845637583898 0.2055172413793104 0
0.04026845637583898 0.2157931034482759 0
0.04026845637583898 0.2260689655172414 0
0.04026845637583903 0.2363448275862069 0
0.04026845637583898 0.2466206896551724 0
0.04026845637583898 0.2568965517241379 0
0.04026845637583898 0.2671724137931034 0
0.04026845637583898 0.2774482758620689 0
0.04026845637583898 0.2877241379310346 0
0.04697986577181212 0.01027586206896552 0
0.04697986577181201 0.02055172413793105 0
0.04697986577181212 0.03082758620689664 0
0.04697986577181212 0.04110344827586215 0
0.04697986577181207 0.05137931034482773 0
0.04697986577181218 0.06165517241379319 0
0.04697986577181201 0.07193103448275873 0
0.04697986577181201 0.08220689655172424 0
0.04697986577181212 0.09248275862068975 0
0.04697986577181212 0.1027586206896553 0
0.04697986577181212 0.1130344827586208 0
0.04697986577181212 0.1233103448275863 0
0.04697986577181212 0.1335862068965518 0
0.04697986577181212 0.1438620689655173 0
0.04697986577181201 0.1541379310344828 0
0.04697986577181201 0.1644137931034483 0
0.04697986577181212 0.1746896551724139 0
0.04697986577181212 0.1849655172413794 0
0.04697986577181212 0.1952413793103449 0
0.04697986577181218 0.2055172413793104 0
0.04697986577181212 0.2157931034482759 0
0.04697986577181212 0.2260689655172414 0
0.04697986577181212 0.2363448275862069 0
0.04697986577181212 0.2466206896551724 0
0.04697986577181212 0.2568965517241379 0
0.04697986577181212 0.2671724137931035 0
0.04697986577181212 0.277448275862069 0
0.04697986577181212 0.2877241379310346 0
0.05369127516778516 0.01027586206896552 0
0.05369127516778516 0.02055172413793105 0
0.05369127516778521 0.03082758620689666 0
0.05369127516778527 0.04110344827586215 0
0.05369127516778527 0.05137931034482773 0
0.05369127516778516 0.0616551724137932 0
0.05369127516778527 0.07193103448275873 0
0.05369127516778527 0.08220689655172425 0
0.05369127516778527 0.09248275862068972 0
0.05369127516778516 0.1027586206896553 0
0.05369127516778527 0.1130344827586208 0
0.05369127516778527 0.1233103448275863 0
0.05369127516778521 0.1335862068965518 0
0.05369127516778527 0.1438620689655173 0
0.05369127516778527 0.1541379310344828 0
0.05369127516778527 0.1644137931034483 0
0.05369127516778532 0.1746896551724139 0
0.05369127516778516 0.1849655172413794 0
0.05369127516778527 0.1952413793103449 0
0.05369127516778527 0.2055172413793104 0
0.05369127516778527 0.2157931034482759 0
0.05369127516778527 0.2260689655172414 0
0.05369127516778527 0.236344827586207 0
0.05369127516778527 0.2466206896551724 0
0.05369127516778532 0.2568965517241379 0
0.05369127516778527 0.2671724137931034 0
0.05369127516778527 0.277448275862069 0
0.05369127516778527 0.2877241379310345 0
0.06040268456375847 0.01027586206896552 0
0.0604026845637583 0.02055172413793105 0
0.06040268456375841 0.03082758620689655 0
0.06040268456375841 0.04110344827586215 0
0.06040268456375841 0.05137931034482773 0
0.0604026845637583 0.06165517241379317 0
0.06040268456375841 0.0719310344827587 0
0.06040268456375852 0.08220689655172424 0
0.06040268456375852 0.09248275862068975 0
0.06040268456375841 0.1027586206896553 0
0.06040268456375841 0.1130344827586208 0
0.06040268456375847 0.1233103448275863 0
0.06040268456375841 0.1335862068965518 0
0.06040268456375841 0.1438620689655173 0
0.06040268456375841 0.1541379310344828 0
0.06040268456375841 0.1644137931034483 0
0.06040268456375841 0.1746896551724138 0
0.06040268456375841 0.1849655172413793 0
0.06040268456375847 0.1952413793103449 0
0.06040268456375841 0.2055172413793104 0
0.06040268456375841 0.2157931034482759 0
0.06040268456375847 0.2260689655172414 0
0.06040268456375841 0.2363448275862069 0
0.06040268456375841 0.2466206896551724 0
0.06040268456375841 0.2568965517241379 0
0.06040268456375841 0.2671724137931034 0
0.06040268456375841 0.2774482758620689 0
0.06040268456375841 0.2877241379310345 0
0.06711409395973156 0.01027586206896552 0
0.06711409395973156 0.02055172413793108 0
0.06711409395973161 0.03082758620689659 0
0.06711409395973156 0.04110344827586215 0
0.0671140939597315 0.05137931034482773 0
0.06711409395973156 0.06165517241379319 0
0.06711409395973156 0.0719310344827587 0
0.06711409395973156 0.08220689655172425 0
0.06711409395973156 0.09248275862068975 0
0.06711409395973156 0.1027586206896553 0
0.06711409395973156 0.1130344827586208 0
0.0671140939597315 0.1233103448275863 0
0.0671140939597315 0.1335862068965518 0
0.06711409395973156 0.1438620689655173 0
0.06711409395973156 0.1541379310344828 0
0.06711409395973156 0.1644137931034483 0
0.0671140939597315 0.1746896551724139 0
0.06711409395973156 0.1849655172413794 0
0.06711409395973156 0.1952413793103449 0
0.06711409395973156 0.2055172413793104 0
0.06711409395973156 0.2157931034482759 0
0.06711409395973156 0.2260689655172414 0
0.06711409395973156 0.2363448275862069 0
0.06711409395973156 0.2466206896551724 0
0.0671140939597315 0.2568965517241379 0
0.06711409395973156 0.2671724137931034 0
0.06711409395973156 0.277448275862069 0
0.06711409395973156 0.2877241379310345 0
0.07382550335570465 0.0102758620689655 0
0.0738255033557047 0.02055172413793105 0
0.0738255033557047 0.03082758620689666 0
0.0738255033557047 0.04110344827586213 0
0.0738255033557047 0.05137931034482773 0
0.0738255033557047 0.06165517241379317 0
0.0738255033557047 0.07193103448275871 0
0.0738255033557047 0.08220689655172425 0
0.0738255033557047 0.09248275862068972 0
0.0738255033557047 0.1027586206896553 0
0.0738255033557047 0.1130344827586208 0
0.0738255033557047 0.1233103448275863 0
0.0738255033557047 0.1335862068965518 0
0.0738255033557047 0.1438620689655173 0
0.0738255033557047 0.1541379310344828 0
0.0738255033557047 0.1644137931034483 0
0.0738255033557047 0.1746896551724139 0
0.0738255033557047 0.1849655172413793 0
0.07382550335570465 0.1952413793103449 0
0.0738255033557047 0.2055172413793104 0
0.0738255033557047 0.2157931034482759 0
0.0738255033557047 0.2260689655172414 0
0.0738255033557047 0.2363448275862069 0
0.0738255033557047 0.2466206896551724 0
0.0738255033557047 0.2568965517241379 0
0.0738255033557047 0.2671724137931034 0
0.0738255033557047 0.2774482758620689 0
0.0738255033557047 0.2877241379310346 0
0.08053691275167785 0.01027586206896547 0
0.08053691275167779 0.02055172413793108 0
0.08053691275167785 0.03082758620689666 0
0.08053691275167785 0.04110344827586215 0
0.0805369127516779 0.05137931034482772 0
0.08053691275167785 0.0616551724137932 0
0.08053691275167774 0.07193103448275873 0
0.08053691275167785 0.08220689655172425 0
0.08053691275167785 0.09248275862068975 0
0.0805369127516779 0.1027586206896552 0
0.08053691275167779 0.1130344827586208 0
0.08053691275167785 0.1233103448275863 0
0.08053691275167785 0.1335862068965518 0
0.08053691275167785 0.1438620689655173 0
0.08053691275167785 0.1541379310344828 0
0.08053691275167785 0.1644137931034483 0
0.08053691275167785 0.1746896551724139 0
0.08053691275167785 0.1849655172413793 0
0.08053691275167785 0.1952413793103449 0
0.08053691275167779 0.2055172413793104 0
0.08053691275167785 0.2157931034482759 0
0.08053691275167785 0.2260689655172414 0
0.08053691275167785 0.2363448275862069 0
0.08053691275167785 0.2466206896551724 0
0.08053691275167785 0.2568965517241379 0
0.08053691275167779 0.2671724137931034 0
0.08053691275167785 0.2774482758620689 0
0.08053691275167785 0.2877241379310346 0
0.08724832214765105 0.01027586206896552 0
0.08724832214765094 0.02055172413793108 0
0.08724832214765088 0.03082758620689657 0
0.08724832214765099 0.04110344827586215 0
0.08724832214765099 0.05137931034482773 0
0.08724832214765099 0.0616551724137932 0
0.08724832214765099 0.0719310344827587 0
0.08724832214765099 0.08220689655172425 0
0.08724832214765099 0.09248275862068975 0
0.08724832214765094 0.1027586206896553 0
0.08724832214765099 0.1130344827586208 0
0.08724832214765099 0.1233103448275863 0
0.08724832214765099 0.1335862068965518 0
0.08724832214765099 0.1438620689655173 0
0.08724832214765099 0.1541379310344828 0
0.08724832214765099 0.1644137931034483 0
0.08724832214765099 0.1746896551724138 0
0.08724832214765094 0.1849655172413793 0
0.08724832214765099 0.1952413793103449 0
0.08724832214765099 0.2055172413793104 0
0.08724832214765094 0.2157931034482759 0
0.08724832214765099 0.2260689655172414 0
0.08724832214765099 0.2363448275862069 0
0.08724832214765099 0.2466206896551724 0
0.08724832214765099 0.2568965517241379 0
0.08724832214765099 0.2671724137931034 0
0.08724832214765099 0.2774482758620689 0
0.08724832214765099 0.2877241379310346 0
0.09395973154362414 0.01027586206896552 0
0.09395973154362408 0.02055172413793105 0
0.09395973154362408 0.03082758620689659 0
0.09395973154362414 0.04110344827586213 0
0.09395973154362408 0.05137931034482773 0
0.09395973154362414 0.0616551724137932 0
0.09395973154362414 0.0719310344827587 0
0.09395973154362414 0.08220689655172425 0
0.09395973154362414 0.09248275862068973 0
0.09395973154362414 0.1027586206896553 0
0.09395973154362414 0.1130344827586208 0
0.09395973154362414 0.1233103448275863 0
0.09395973154362414 0.1335862068965518 0
0.09395973154362414 0.1438620689655173 0
0.09395973154362414 0.1541379310344828 0
0.09395973154362414 0.1644137931034483 0
0.09395973154362414 0.1746896551724139 0
0.09395973154362414 0.1849655172413793 0
0.09395973154362414 0.1952413793103449 0
0.09395973154362414 0.2055172413793104 0
0.09395973154362414 0.2157931034482759 0
0.09395973154362408 0.2260689655172414 0
0.09395973154362414 0.2363448275862069 0
0.09395973154362414 0.2466206896551724 0
0.09395973154362414 0.2568965517241379 0
0.09395973154362414 0.2671724137931035 0
0.09395973154362414 0.2774482758620689 0
0.09395973154362414 0.2877241379310345 0
0.1006711409395972 0.01027586206896552 0
0.1006711409395972 0.02055172413793108 0
0.1006711409395973 0.0308275862068966 0
0.1006711409395973 0.0411034482758621 0
0.1006711409395974 0.05137931034482771 0
0.1006711409395973 0.06165517241379319 0
0.1006711409395973 0.07193103448275871 0
0.1006711409395973 0.08220689655172425 0
0.1006711409395973 0.09248275862068973 0
0.1006711409395973 0.1027586206896553 0
0.1006711409395973 0.1130344827586208 0
0.1006711409395973 0.1233103448275863 0
0.1006711409395973 0.1335862068965518 0
0.1006711409395973 0.1438620689655173 0
0.1006711409395973 0.1541379310344828 0
0.1006711409395973 0.1644137931034483 0
0.1006711409395972 0.1746896551724139 0
0.1006711409395973 0.1849655172413793 0
0.1006711409395973 0.1952413793103449 0
0.1006711409395972 0.2055172413793104 0
0.1006711409395973 0.2157931034482759 0
0.1006711409395973 0.2260689655172414 0
0.1006711409395973 0.2363448275862069 0
0.1006711409395972 0.2466206896551724 0
0.1006711409395973 0.2568965517241379 0
0.1006711409395973 0.2671724137931034 0
0.1006711409395972 0.277448275862069 0
0.1006711409395973 0.2877241379310345 0
0.1073825503355704 0.0102758620689655 0
0.1073825503355705 0.02055172413793105 0
0.1073825503355705 0.03082758620689657 0
0.1073825503355706 0.04110344827586211 0
0.1073825503355705 0.05137931034482771 0
0.1073825503355705 0.06165517241379319 0
0.1073825503355704 0.0719310344827587 0
0.1073825503355706 0.08220689655172425 0
0.1073825503355704 0.09248275862068975 0
0.1073825503355705 0.1027586206896552 0
0.1073825503355705 0.1130344827586208 0
0.1073825503355706 0.1233103448275863 0
0.1073825503355705 0.1335862068965518 0
0.1073825503355705 0.1438620689655173 0
0.1073825503355705 0.1541379310344828 0
0.1073825503355704 0.1644137931034483 0
0.1073825503355705 0.1746896551724138 0
0.1073825503355706 0.1849655172413793 0
0.1073825503355705 0.1952413793103449 0
0.1073825503355705 0.2055172413793104 0
0.1073825503355705 0.2157931034482759 0
0.1073825503355705 0.2260689655172414 0
0.1073825503355705 0.2363448275862069 0
0.1073825503355705 0.2466206896551724 0
0.1073825503355705 0.2568965517241379 0
0.1073825503355705 0.2671724137931035 0
0.1073825503355706 0.2774482758620689 0
0.1073825503355705 0.2877241379310346 0
0.1140939597315437 0.01027586206896552 0
0.1140939597315436 0.02055172413793105 0
0.1140939597315436 0.03082758620689659 0
0.1140939597315437 0.0411034482758621 0
0.1140939597315437 0.05137931034482771 0
0.1140939597315437 0.06165517241379317 0
0.1140939597315437 0.0719310344827587 0
0.1140939597315437 0.08220689655172425 0
0.1140939597315437 0.09248275862068975 0
0.1140939597315436 0.1027586206896553 0
0.1140939597315437 0.1130344827586208 0
0.1140939597315437 0.1233103448275863 0
0.1140939597315436 0.1335862068965518 0
0.1140939597315437 0.1438620689655173 0
0.1140939597315437 0.1541379310344828 0
0.1140939597315437 0.1644137931034483 0
0.1140939597315437 0.1746896551724139 0
0.1140939597315437 0.1849655172413793 0
0.1140939597315437 0.1952413793103449 0
0.1140939597315437 0.2055172413793104 0
0.1140939597315437 0.2157931034482759 0
0.1140939597315437 0.2260689655172414 0
0.1140939597315437 0.2363448275862069 0
0.1140939597315437 0.2466206896551724 0
0.1140939597315437 0.2568965517241379 0
0.1140939597315437 0.2671724137931034 0
0.1140939597315437 0.277448275862069 0
0.1140939597315437 0.2877241379310346 0
0.1208053691275168 0.01027586206896552 0
0.1208053691275168 0.02055172413793105 0
0.1208053691275169 0.03082758620689664 0
0.1208053691275169 0.04110344827586211 0
0.1208053691275167 0.05137931034482772 0
0.1208053691275168 0.06165517241379319 0
0.1208053691275169 0.0719310344827587 0
0.1208053691275169 0.08220689655172422 0
0.1208053691275168 0.09248275862068972 0
0.1208053691275168 0.1027586206896553 0
0.1208053691275169 0.1130344827586208 0
0.1208053691275168 0.1233103448275863 0
0.1208053691275168 0.1335862068965518 0
0.1208053691275168 0.1438620689655173 0
0.1208053691275168 0.1541379310344828 0
0.1208053691275168 0.1644137931034483 0
0.1208053691275168 0.1746896551724138 0
0.1208053691275168 0.1849655172413794 0
0.1208053691275168 0.1952413793103449 0
0.1208053691275169 0.2055172413793104 0
0.1208053691275168 0.2157931034482759 0
0.1208053691275168 0.2260689655172414 0
0.1208053691275169 0.2363448275862069 0
0.1208053691275169 0.2466206896551724 0
0.1208053691275168 0.2568965517241379 0
0.1208053691275168 0.2671724137931035 0
0.1208053691275168 0.277448275862069 0
0.1208053691275169 0.2877241379310346 0
0.1275167785234899 0.0102758620689655 0
0.12751677852349 0.02055172413793105 0
0.12751677852349 0.03082758620689666 0
0.12751677852349 0.04110344827586211 0
0.1275167785234901 0.05137931034482773 0
0.1275167785234901 0.0616551724137932 0
0.12751677852349 0.0719310344827587 0
0.12751677852349 0.08220689655172422 0
0.1275167785234898 0.09248275862068973 0
0.12751677852349 0.1027586206896553 0
0.12751677852349 0.1130344827586208 0
0.12751677852349 0.1233103448275863 0
0.12751677852349 0.1335862068965518 0
0.12751677852349 0.1438620689655173 0
0.12751677852349 0.1541379310344828 0
0.12751677852349 0.1644137931034483 0
0.12751677852349 0.1746896551724138 0
0.12751677852349 0.1849655172413793 0
0.12751677852349 0.1952413793103449 0
0.12751677852349 0.2055172413793104 0
0.12751677852349 0.2157931034482758 0
0.12751677852349 0.2260689655172414 0
0.12751677852349 0.2363448275862069 0
0.12751677852349 0.2466206896551724 0
0.12751677852349 0.2568965517241379 0
0.12751677852349 0.2671724137931034 0
0.12751677852349 0.277448275862069 0
0.12751677852349 0.2877241379310346 0
0.1342281879194631 0.01027586206896552 0
0.1342281879194631 0.02055172413793102 0
0.1342281879194632 0.03082758620689657 0
0.1342281879194631 0.04110344827586214 0
0.1342281879194631 0.05137931034482771 0
0.1342281879194632 0.06165517241379319 0
0.1342281879194633 0.0719310344827587 0
0.1342281879194631 0.08220689655172425 0
0.1342281879194633 0.09248275862068975 0
0.1342281879194631 0.1027586206896553 0
0.1342281879194631 0.1130344827586207 0
0.1342281879194631 0.1233103448275863 0
0.1342281879194631 0.1335862068965518 0
0.1342281879194631 0.1438620689655173 0
0.1342281879194631 0.1541379310344828 0
0.1342281879194631 0.1644137931034483 0
0.1342281879194632 0.1746896551724138 0
0.1342281879194631 0.1849655172413793 0
0.1342281879194631 0.1952413793103449 0
0.1342281879194631 0.2055172413793104 0
0.1342281879194632 0.2157931034482758 0
0.1342281879194631 0.2260689655172414 0
0.1342281879194631 0.2363448275862069 0
0.1342281879194632 0.2466206896551724 0
0.1342281879194631 0.2568965517241379 0
0.1342281879194631 0.2671724137931034 0
0.1342281879194631 0.277448275862069 0
0.1342281879194631 0.2877241379310346 0
0.1409395973154362 0.0102758620689655 0
0.1409395973154363 0.02055172413793105 0
0.1409395973154363 0.03082758620689659 0
0.1409395973154363 0.04110344827586211 0
0.1409395973154363 0.05137931034482771 0
0.1409395973154363 0.06165517241379317 0
0.1409395973154363 0.0719310344827587 0
0.1409395973154361 0.08220689655172422 0
0.1409395973154363 0.09248275862068972 0
0.1409395973154362 0.1027586206896552 0
0.1409395973154363 0.1130344827586208 0
0.1409395973154363 0.1233103448275863 0
0.1409395973154363 0.1335862068965518 0
0.1409395973154363 0.1438620689655173 0
0.1409395973154363 0.1541379310344828 0
0.1409395973154363 0.1644137931034483 0
0.1409395973154363 0.1746896551724138 0
0.1409395973154363 0.1849655172413794 0
0.1409395973154363 0.1952413793103448 0
0.1409395973154363 0.2055172413793104 0
0.1409395973154363 0.2157931034482758 0
0.1409395973154363 0.2260689655172414 0
0.1409395973154363 0.2363448275862069 0
0.1409395973154363 0.2466206896551724 0
0.1409395973154363 0.2568965517241379 0
0.1409395973154363 0.2671724137931034 0
0.1409395973154363 0.277448275862069 0
0.1409395973154363 0.2877241379310346 0
0.1476510067114094 0.01027586206896552 0
0.1476510067114095 0.02055172413793108 0
0.1476510067114095 0.03082758620689666 0
0.1476510067114094 0.04110344827586211 0
0.1476510067114094 0.05137931034482772 0
0.1476510067114093 0.06165517241379319 0
0.1476510067114094 0.0719310344827587 0
0.1476510067114093 0.08220689655172422 0
0.1476510067114094 0.09248275862068973 0
0.1476510067114094 0.1027586206896552 0
0.1476510067114094 0.1130344827586207 0
0.1476510067114094 0.1233103448275863 0
0.1476510067114094 0.1335862068965518 0
0.1476510067114094 0.1438620689655173 0
0.1476510067114094 0.1541379310344828 0
0.1476510067114094 0.1644137931034483 0
0.1476510067114094 0.1746896551724138 0
0.1476510067114094 0.1849655172413794 0
0.1476510067114094 0.1952413793103449 0
0.1476510067114094 0.2055172413793104 0
0.1476510067114094 0.2157931034482759 0
0.1476510067114094 0.2260689655172414 0
0.1476510067114094 0.2363448275862069 0
0.1476510067114094 0.2466206896551724 0
0.1476510067114095 0.2568965517241379 0
0.1476510067114094 0.2671724137931034 0
0.1476510067114094 0.277448275862069 0
0.1476510067114094 0.2877241379310345 0
0.1543624161073824 0.01027586206896555 0
0.1543624161073826 0.02055172413793105 0
0.1543624161073826 0.03082758620689666 0
0.1543624161073824 0.04110344827586214 0
0.1543624161073825 0.05137931034482771 0
0.1543624161073825 0.06165517241379317 0
0.1543624161073825 0.0719310344827587 0
0.1543624161073826 0.08220689655172422 0
0.1543624161073825 0.09248275862068969 0
0.1543624161073825 0.1027586206896552 0
0.1543624161073825 0.1130344827586208 0
0.1543624161073825 0.1233103448275863 0
0.1543624161073825 0.1335862068965518 0
0.1543624161073825 0.1438620689655173 0
0.1543624161073825 0.1541379310344828 0
0.1543624161073825 0.1644137931034483 0
0.1543624161073825 0.1746896551724138 0
0.1543624161073826 0.1849655172413794 0
0.1543624161073826 0.1952413793103449 0
0.1543624161073825 0.2055172413793104 0
0.1543624161073825 0.2157931034482759 0
0.1543624161073825 0.2260689655172414 0
0.1543624161073825 0.2363448275862069 0
0.1543624161073825 0.2466206896551724 0
0.1543624161073825 0.2568965517241379 0
0.1543624161073825 0.2671724137931034 0
0.1543624161073825 0.277448275862069 0
0.1543624161073825 0.2877241379310346 0
0.1610738255033557 0.01027586206896552 0
0.1610738255033557 0.02055172413793108 0
0.1610738255033557 0.03082758620689659 0
0.1610738255033556 0.04110344827586211 0
0.1610738255033557 0.05137931034482771 0
0.1610738255033557 0.0616551724137932 0
0.1610738255033557 0.0719310344827587 0
0.1610738255033557 0.08220689655172422 0
0.1610738255033557 0.09248275862068973 0
0.1610738255033557 0.1027586206896553 0
0.1610738255033557 0.1130344827586208 0
0.1610738255033557 0.1233103448275863 0
0.1610738255033557 0.1335862068965518 0
0.1610738255033557 0.1438620689655173 0
0.1610738255033557 0.1541379310344828 0
0.1610738255033557 0.1644137931034483 0
0.1610738255033557 0.1746896551724138 0
0.1610738255033557 0.1849655172413793 0
0.1610738255033557 0.1952413793103449 0
0.1610738255033557 0.2055172413793104 0
0.1610738255033557 0.2157931034482758 0
0.1610738255033557 0.2260689655172414 0
0.1610738255033557 0.2363448275862069 0
0.1610738255033557 0.2466206896551724 0
0.1610738255033557 0.2568965517241379 0
0.1610738255033557 0.2671724137931034 0
0.1610738255033557 0.277448275862069 0
0.1610738255033557 0.2877241379310346 0
0.1677852348993288 0.0102758620689655 0
0.1677852348993289 0.02055172413793105 0
0.1677852348993289 0.03082758620689659 0
0.1677852348993287 0.04110344827586211 0
0.1677852348993288 0.05137931034482769 0
0.1677852348993288 0.06165517241379319 0
0.167785234899329 0.0719310344827587 0
0.1677852348993288 0.08220689655172422 0
0.1677852348993288 0.09248275862068975 0
0.1677852348993288 0.1027586206896552 0
0.1677852348993288 0.1130344827586208 0
0.1677852348993288 0.1233103448275863 0
0.1677852348993288 0.1335862068965518 0
0.1677852348993288 0.1438620689655173 0
0.1677852348993288 0.1541379310344828 0
0.1677852348993288 0.1644137931034483 0
0.1677852348993288 0.1746896551724138 0
0.1677852348993288 0.1849655172413793 0
0.1677852348993288 0.1952413793103449 0
0.1677852348993288 0.2055172413793104 0
0.1677852348993288 0.2157931034482758 0
0.1677852348993288 0.2260689655172414 0
0.1677852348993288 0.2363448275862069 0
0.1677852348993289 0.2466206896551724 0
0.1677852348993288 0.2568965517241379 0
0.1677852348993288 0.2671724137931034 0
0.1677852348993288 0.277448275862069 0
0.1677852348993288 0.2877241379310346 0
0.174496644295302 0.01027586206896552 0
0.174496644295302 0.02055172413793108 0
0.1744966442953019 0.0308275862068966 0
0.174496644295302 0.04110344827586214 0
0.1744966442953021 0.05137931034482772 0
0.174496644295302 0.06165517241379317 0
0.174496644295302 0.07193103448275871 0
0.174496644295302 0.08220689655172421 0
0.174496644295302 0.09248275862068972 0
0.1744966442953021 0.1027586206896553 0
0.174496644295302 0.1130344827586207 0
0.174496644295302 0.1233103448275863 0
0.174496644295302 0.1335862068965518 0
0.174496644295302 0.1438620689655173 0
0.174496644295302 0.1541379310344828 0
0.174496644295302 0.1644137931034483 0
0.174496644295302 0.1746896551724138 0
0.174496644295302 0.1849655172413793 0
0.174496644295302 0.1952413793103449 0
0.174496644295302 0.2055172413793104 0
0.174496644295302 0.2157931034482758 0
0.174496644295302 0.2260689655172414 0
0.174496644295302 0.2363448275862069 0
0.174496644295302 0.2466206896551724 0
0.174496644295302 0.2568965517241379 0
0.174496644295302 0.2671724137931034 0
0.174496644295302 0.277448275862069 0
0.174496644295302 0.2877241379310346 0
0.1812080536912751 0.01027586206896555 0
0.1812080536912751 0.02055172413793105 0
0.1812080536912751 0.0308275862068966 0
0.1812080536912751 0.04110344827586214 0
0.1812080536912751 0.05137931034482771 0
0.1812080536912751 0.06165517241379319 0
0.1812080536912751 0.0719310344827587 0
0.1812080536912751 0.08220689655172422 0
0.1812080536912751 0.09248275862068969 0
0.181208053691275 0.1027586206896553 0
0.1812080536912751 0.1130344827586208 0
0.1812080536912752 0.1233103448275863 0
0.1812080536912751 0.1335862068965518 0
0.1812080536912751 0.1438620689655173 0
0.1812080536912751 0.1541379310344828 0
0.1812080536912752 0.1644137931034483 0
0.1812080536912751 0.1746896551724138 0
0.1812080536912752 0.1849655172413793 0
0.1812080536912752 0.1952413793103448 0
0.1812080536912751 0.2055172413793104 0
0.1812080536912751 0.2157931034482758 0
0.1812080536912752 0.2260689655172414 0
0.1812080536912751 0.2363448275862069 0
0.1812080536912752 0.2466206896551724 0
0.1812080536912752 0.2568965517241379 0
0.1812080536912752 0.2671724137931034 0
0.1812080536912752 0.277448275862069 0
0.1812080536912751 0.2877241379310345 0
0.1879194630872484 0.01027586206896552 0
0.1879194630872483 0.02055172413793108 0
0.1879194630872483 0.03082758620689659 0
0.1879194630872483 0.04110344827586211 0
0.1879194630872484 0.05137931034482771 0
0.1879194630872484 0.06165517241379319 0
0.1879194630872482 0.0719310344827587 0
0.1879194630872484 0.08220689655172422 0
0.1879194630872484 0.09248275862068972 0
0.1879194630872484 0.1027586206896553 0
0.1879194630872484 0.1130344827586208 0
0.1879194630872484 0.1233103448275863 0
0.1879194630872484 0.1335862068965518 0
0.1879194630872484 0.1438620689655173 0
0.1879194630872483 0.1541379310344828 0
0.1879194630872483 0.1644137931034483 0
0.1879194630872484 0.1746896551724138 0
0.1879194630872484 0.1849655172413793 0
0.1879194630872484 0.1952413793103448 0
0.1879194630872484 0.2055172413793104 0
0.1879194630872483 0.2157931034482759 0
0.1879194630872484 0.2260689655172414 0
0.1879194630872483 0.2363448275862069 0
0.1879194630872484 0.2466206896551724 0
0.1879194630872484 0.2568965517241379 0
0.1879194630872484 0.2671724137931034 0
0.1879194630872484 0.277448275862069 0
0.1879194630872484 0.2877241379310345 0
0.1946308724832214 0.01027586206896547 0
0.1946308724832215 0.02055172413793105 0
0.1946308724832215 0.03082758620689659 0
0.1946308724832215 0.04110344827586213 0
0.1946308724832215 0.05137931034482768 0
0.1946308724832215 0.06165517241379319 0
0.1946308724832214 0.07193103448275871 0
0.1946308724832215 0.0822068965517242 0
0.1946308724832215 0.09248275862068971 0
0.1946308724832215 0.1027586206896552 0
0.1946308724832215 0.1130344827586207 0
0.1946308724832214 0.1233103448275863 0
0.1946308724832215 0.1335862068965518 0
0.1946308724832215 0.1438620689655173 0
0.1946308724832215 0.1541379310344828 0
0.1946308724832215 0.1644137931034483 0
0.1946308724832215 0.1746896551724138 0
0.1946308724832215 0.1849655172413793 0
0.1946308724832214 0.1952413793103448 0
0.1946308724832215 0.2055172413793104 0
0.1946308724832215 0.2157931034482758 0
0.1946308724832215 0.2260689655172414 0
0.1946308724832215 0.2363448275862069 0
0.1946308724832215 0.2466206896551724 0
0.1946308724832215 0.2568965517241379 0
0.1946308724832214 0.2671724137931034 0
0.1946308724832215 0.2774482758620689 0
0.1946308724832215 0.2877241379310346 0
0.2013422818791947 0.01027586206896547 0
0.2013422818791947 0.02055172413793108 0
0.2013422818791946 0.0308275862068966 0
0.2013422818791947 0.04110344827586213 0
0.2013422818791946 0.05137931034482771 0
0.2013422818791947 0.06165517241379319 0
0.2013422818791947 0.0719310344827587 0
0.2013422818791947 0.08220689655172422 0
0.2013422818791946 0.09248275862068969 0
0.2013422818791946 0.1027586206896553 0
0.2013422818791946 0.1130344827586208 0
0.2013422818791947 0.1233103448275863 0
0.2013422818791947 0.1335862068965518 0
0.2013422818791947 0.1438620689655173 0
0.2013422818791947 0.1541379310344828 0
0.2013422818791947 0.1644137931034483 0
0.2013422818791947 0.1746896551724138 0
0.2013422818791947 0.1849655172413793 0
0.2013422818791946 0.1952413793103449 0
0.2013422818791947 0.2055172413793104 0
0.2013422818791947 0.2157931034482758 0
0.2013422818791947 0.2260689655172414 0
0.2013422818791947 0.2363448275862069 0
0.2013422818791947 0.2466206896551724 0
0.2013422818791947 0.2568965517241379 0
0.2013422818791947 0.2671724137931034 0
0.2013422818791947 0.2774482758620689 0
0.2013422818791947 0.2877241379310345 0
0.2080536912751678 0.01027586206896555 0
0.2080536912751678 0.02055172413793105 0
0.2080536912751678 0.03082758620689657 0
0.2080536912751678 0.04110344827586213 0
0.2080536912751678 0.05137931034482772 0
0.2080536912751678 0.06165517241379319 0
0.2080536912751678 0.07193103448275873 0
0.2080536912751677 0.08220689655172422 0
0.2080536912751678 0.09248275862068972 0
0.2080536912751678 0.1027586206896552 0
0.2080536912751678 0.1130344827586208 0
0.2080536912751678 0.1233103448275863 0
0.2080536912751678 0.1335862068965518 0
0.2080536912751678 0.1438620689655173 0
0.2080536912751678 0.1541379310344828 0
0.2080536912751678 0.1644137931034483 0
0.2080536912751678 0.1746896551724138 0
0.2080536912751678 0.1849655172413793 0
0.2080536912751678 0.1952413793103449 0
0.2080536912751678 0.2055172413793104 0
0.2080536912751678 0.2157931034482758 0
0.2080536912751678 0.2260689655172414 0
0.2080536912751678 0.2363448275862069 0
0.2080536912751678 0.2466206896551724 0
0.2080536912751678 0.2568965517241379 0
0.2080536912751678 0.2671724137931034 0
0.2080536912751678 0.277448275862069 0
0.2080536912751678 0.2877241379310346 0
0.214765100671141 0.01027586206896552 0
0.2147651006711411 0.02055172413793108 0
0.2147651006711409 0.03082758620689659 0
0.2147651006711409 0.0411034482758621 0
0.214765100671141 0.05137931034482766 0
0.2147651006711409 0.06165517241379317 0
0.214765100671141 0.0719310344827587 0
0.214765100671141 0.08220689655172421 0
0.214765100671141 0.09248275862068971 0
0.214765100671141 0.1027586206896553 0
0.214765100671141 0.1130344827586208 0
0.214765100671141 0.1233103448275863 0
0.214765100671141 0.1335862068965518 0
0.214765100671141 0.1438620689655173 0
0.214765100671141 0.1541379310344828 0
0.214765100671141 0.1644137931034483 0
0.214765100671141 0.1746896551724138 0
0.214765100671141 0.1849655172413793 0
0.214765100671141 0.1952413793103448 0
0.214765100671141 0.2055172413793104 0
0.214765100671141 0.2157931034482758 0
0.2147651006711409 0.2260689655172414 0
0.214765100671141 0.2363448275862069 0
0.214765100671141 0.2466206896551724 0
0.214765100671141 0.2568965517241379 0
0.214765100671141 0.2671724137931034 0
0.214765100671141 0.277448275862069 0
0.214765100671141 0.2877241379310345 0
0.2214765100671141 0.01027586206896552 0
0.2214765100671141 0.02055172413793105 0
0.2214765100671141 0.0308275862068966 0
0.2214765100671141 0.0411034482758621 0
0.2214765100671141 0.05137931034482769 0
0.2214765100671141 0.0616551724137932 0
0.2214765100671141 0.0719310344827587 0
0.2214765100671141 0.0822068965517242 0
0.2214765100671141 0.09248275862068969 0
0.221476510067114 0.1027586206896553 0
0.2214765100671141 0.1130344827586208 0
0.2214765100671141 0.1233103448275863 0
0.2214765100671141 0.1335862068965518 0
0.2214765100671141 0.1438620689655173 0
0.2214765100671141 0.1541379310344828 0
0.2214765100671141 0.1644137931034483 0
0.2214765100671141 0.1746896551724138 0
0.2214765100671141 0.1849655172413793 0
0.2214765100671141 0.1952413793103448 0
0.2214765100671141 0.2055172413793103 0
0.2214765100671141 0.2157931034482758 0
0.2214765100671141 0.2260689655172414 0
0.2214765100671141 0.2363448275862069 0
0.2214765100671141 0.2466206896551724 0
0.2214765100671141 0.2568965517241379 0
0.2214765100671141 0.2671724137931034 0
0.2214765100671141 0.2774482758620689 0
0.2214765100671141 0.2877241379310345 0
0.2281879194630874 0.01027586206896552 0
0.2281879194630874 0.02055172413793108 0
0.2281879194630873 0.0308275862068966 0
0.2281879194630872 0.04110344827586213 0
0.2281879194630873 0.05137931034482768 0
0.2281879194630873 0.0616551724137932 0
0.2281879194630873 0.07193103448275871 0
0.2281879194630872 0.08220689655172418 0
0.2281879194630873 0.09248275862068972 0
0.2281879194630873 0.1027586206896552 0
0.2281879194630873 0.1130344827586207 0
0.2281879194630873 0.1233103448275863 0
0.2281879194630873 0.1335862068965518 0
0.2281879194630873 0.1438620689655173 0
0.2281879194630873 0.1541379310344828 0
0.2281879194630873 0.1644137931034483 0
0.2281879194630873 0.1746896551724138 0
0.2281879194630873 0.1849655172413793 0
0.2281879194630873 0.1952413793103448 0
0.2281879194630873 0.2055172413793104 0
0.2281879194630873 0.2157931034482758 0
0.2281879194630873 0.2260689655172414 0
0.2281879194630873 0.2363448275862069 0
0.2281879194630872 0.2466206896551724 0
0.2281879194630873 0.2568965517241379 0
0.2281879194630873 0.2671724137931035 0
0.2281879194630873 0.2774482758620689 0
0.2281879194630873 0.2877241379310345 0
0.2348993288590604 0.01027586206896547 0
0.2348993288590604 0.02055172413793105 0
0.2348993288590604 0.03082758620689659 0
0.2348993288590604 0.04110344827586213 0
0.2348993288590604 0.05137931034482769 0
0.2348993288590604 0.06165517241379315 0
0.2348993288590604 0.0719310344827587 0
0.2348993288590604 0.0822068965517242 0
0.2348993288590604 0.09248275862068971 0
0.2348993288590604 0.1027586206896553 0
0.2348993288590604 0.1130344827586208 0
0.2348993288590604 0.1233103448275863 0
0.2348993288590604 0.1335862068965518 0
0.2348993288590604 0.1438620689655173 0
0.2348993288590604 0.1541379310344828 0
0.2348993288590604 0.1644137931034483 0
0.2348993288590604 0.1746896551724138 0
0.2348993288590604 0.1849655172413793 0
0.2348993288590603 0.1952413793103449 0
0.2348993288590604 0.2055172413793104 0
0.2348993288590603 0.2157931034482758 0
0.2348993288590604 0.2260689655172414 0
0.2348993288590604 0.2363448275862069 0
0.2348993288590604 0.2466206896551724 0
0.2348993288590604 0.2568965517241379 0
0.2348993288590604 0.2671724137931034 0
0.2348993288590604 0.2774482758620689 0
0.2348993288590604 0.2877241379310346 0
0.2416107382550335 0.01027586206896547 0
0.2416107382550335 0.02055172413793105 0
0.2416107382550335 0.03082758620689659 0
0.2416107382550335 0.0411034482758621 0
0.2416107382550335 0.05137931034482768 0
0.2416107382550335 0.06165517241379319 0
0.2416107382550335 0.0719310344827587 0
0.2416107382550335 0.08220689655172418 0
0.2416107382550335 0.09248275862068969 0
0.2416107382550337 0.1027586206896552 0
0.2416107382550335 0.1130344827586208 0
0.2416107382550335 0.1233103448275862 0
0.2416107382550335 0.1335862068965518 0
0.2416107382550335 0.1438620689655173 0
0.2416107382550335 0.1541379310344828 0
0.2416107382550335 0.1644137931034483 0
0.2416107382550335 0.1746896551724138 0
0.2416107382550335 0.1849655172413793 0
0.2416107382550335 0.1952413793103448 0
0.2416107382550335 0.2055172413793104 0
0.2416107382550335 0.2157931034482759 0
0.2416107382550335 0.2260689655172414 0
0.2416107382550335 0.2363448275862069 0
0.2416107382550335 0.2466206896551724 0
0.2416107382550335 0.2568965517241379 0
0.2416107382550335 0.2671724137931034 0
0.2416107382550335 0.277448275862069 0
0.2416107382550335 0.2877241379310345 0
0.2483221476510067 0.01027586206896552 0
0.2483221476510067 0.02055172413793105 0
0.2483221476510067 0.0308275862068966 0
0.2483221476510067 0.0411034482758621 0
0.2483221476510066 0.05137931034482766 0
0.2483221476510067 0.06165517241379319 0
0.2483221476510067 0.0719310344827587 0
0.2483221476510067 0.0822068965517242 0
0.2483221476510067 0.09248275862068971 0
0.2483221476510067 0.1027586206896552 0
0.2483221476510067 0.1130344827586207 0
0.2483221476510067 0.1233103448275863 0
0.2483221476510067 0.1335862068965518 0
0.2483221476510067 0.1438620689655173 0
0.2483221476510067 0.1541379310344828 0
0.2483221476510067 0.1644137931034483 0
0.2483221476510067 0.1746896551724138 0
0.2483221476510067 0.1849655172413793 0
0.2483221476510067 0.1952413793103449 0
0.2483221476510067 0.2055172413793103 0
0.2483221476510067 0.2157931034482758 0
0.2483221476510067 0.2260689655172414 0
0.2483221476510067 0.2363448275862069 0
0.2483221476510067 0.2466206896551724 0
0.2483221476510067 0.2568965517241379 0
0.2483221476510067 0.2671724137931034 0
0.2483221476510067 0.2774482758620689 0
0.2483221476510067 0.2877241379310345 0
0.2550335570469798 0.01027586206896547 0
0.2550335570469798 0.02055172413793108 0
0.2550335570469799 0.0308275862068966 0
0.2550335570469798 0.04110344827586208 0
0.2550335570469799 0.05137931034482769 0
0.2550335570469799 0.06165517241379316 0
0.2550335570469799 0.0719310344827587 0
0.2550335570469799 0.0822068965517242 0
0.2550335570469799 0.09248275862068972 0
0.2550335570469798 0.1027586206896552 0
0.2550335570469799 0.1130344827586208 0
0.2550335570469799 0.1233103448275863 0
0.2550335570469798 0.1335862068965518 0
0.2550335570469799 0.1438620689655172 0
0.2550335570469798 0.1541379310344828 0
0.2550335570469798 0.1644137931034483 0
0.2550335570469799 0.1746896551724138 0
0.2550335570469798 0.1849655172413793 0
0.2550335570469798 0.1952413793103448 0
0.2550335570469798 0.2055172413793104 0
0.2550335570469799 0.2157931034482758 0
0.2550335570469798 0.2260689655172414 0
0.2550335570469798 0.2363448275862069 0
0.2550335570469798 0.2466206896551724 0
0.2550335570469798 0.2568965517241379 0
0.2550335570469798 0.2671724137931034 0
0.2550335570469798 0.2774482758620689 0
0.2550335570469799 0.2877241379310345 0
0.2617449664429531 0.01027586206896552 0
0.261744966442953 0.02055172413793105 0
0.261744966442953 0.03082758620689659 0
0.2617449664429531 0.04110344827586211 0
0.261744966442953 0.05137931034482768 0
0.261744966442953 0.06165517241379319 0
0.261744966442953 0.0719310344827587 0
0.2617449664429531 0.0822068965517242 0
0.2617449664429531 0.09248275862068972 0
0.2617449664429531 0.1027586206896553 0
0.261744966442953 0.1130344827586207 0
0.2617449664429531 0.1233103448275863 0
0.2617449664429531 0.1335862068965518 0
0.2617449664429531 0.1438620689655172 0
0.2617449664429531 0.1541379310344828 0
0.2617449664429531 0.1644137931034483 0
0.261744966442953 0.1746896551724138 0
0.2617449664429531 0.1849655172413793 0
0.2617449664429531 0.1952413793103449 0
0.2617449664429531 0.2055172413793104 0
0.2617449664429531 0.2157931034482758 0
0.2617449664429531 0.2260689655172414 0
0.2617449664429531 0.2363448275862069 0
0.2617449664429531 0.2466206896551724 0
0.2617449664429531 0.2568965517241379 0
0.2617449664429531 0.2671724137931034 0
0.2617449664429531 0.2774482758620689 0
0.2617449664429531 0.2877241379310345 0
0.2684563758389262 0.01027586206896547 0
0.2684563758389262 0.02055172413793105 0
0.2684563758389262 0.0308275862068966 0
0.2684563758389262 0.04110344827586208 0
0.2684563758389262 0.05137931034482768 0
0.2684563758389262 0.06165517241379317 0
0.2684563758389261 0.0719310344827587 0
0.2684563758389262 0.0822068965517242 0
0.2684563758389262 0.09248275862068969 0
0.2684563758389262 0.1027586206896553 0
0.2684563758389262 0.1130344827586207 0
0.2684563758389262 0.1233103448275863 0
0.2684563758389262 0.1335862068965518 0
0.2684563758389262 0.1438620689655172 0
0.2684563758389262 0.1541379310344828 0
0.2684563758389262 0.1644137931034483 0
0.2684563758389262 0.1746896551724138 0
0.2684563758389262 0.1849655172413793 0
0.2684563758389262 0.1952413793103448 0
0.2684563758389262 0.2055172413793104 0
0.2684563758389262 0.2157931034482758 0
0.2684563758389262 0.2260689655172414 0
0.2684563758389262 0.2363448275862069 0
0.2684563758389262 0.2466206896551724 0
0.2684563758389262 0.2568965517241379 0
0.2684563758389262 0.2671724137931034 0
0.2684563758389262 0.2774482758620689 0
0.2684563758389262 0.2877241379310345 0
0.2751677852348993 0.01027586206896547 0
0.2751677852348993 0.02055172413793105 0
0.2751677852348994 0.0308275862068966 0
0.2751677852348993 0.04110344827586211 0
0.2751677852348993 0.05137931034482768 0
0.2751677852348993 0.0616551724137932 0
0.2751677852348994 0.0719310344827587 0
0.2751677852348994 0.0822068965517242 0
0.2751677852348994 0.09248275862068971 0
0.2751677852348994 0.1027586206896553 0
0.2751677852348994 0.1130344827586207 0
0.2751677852348993 0.1233103448275863 0
0.2751677852348994 0.1335862068965518 0
0.2751677852348993 0.1438620689655173 0
0.2751677852348994 0.1541379310344828 0
0.2751677852348993 0.1644137931034483 0
0.2751677852348994 0.1746896551724138 0
0.2751677852348994 0.1849655172413793 0
0.2751677852348994 0.1952413793103449 0
0.2751677852348994 0.2055172413793104 0
0.2751677852348994 0.2157931034482759 0
0.2751677852348994 0.2260689655172414 0
0.2751677852348994 0.2363448275862069 0
0.2751677852348994 0.2466206896551724 0
0.2751677852348994 0.2568965517241379 0
0.2751677852348994 0.2671724137931034 0
0.2751677852348994 0.277448275862069 0
0.2751677852348994 0.2877241379310346 0
0.2818791946308725 0.01027586206896552 0
0.2818791946308725 0.02055172413793105 0
0.2818791946308725 0.03082758620689659 0
0.2818791946308725 0.04110344827586211 0
0.2818791946308725 0.05137931034482768 0
0.2818791946308725 0.0616551724137932 0
0.2818791946308725 0.07193103448275871 0
0.2818791946308725 0.08220689655172418 0
0.2818791946308725 0.09248275862068969 0
0.2818791946308725 0.1027586206896553 0
0.2818791946308725 0.1130344827586207 0
0.2818791946308725 0.1233103448275863 0
0.2818791946308725 0.1335862068965518 0
0.2818791946308725 0.1438620689655173 0
0.2818791946308725 0.1541379310344828 0
0.2818791946308725 0.1644137931034483 0
0.2818791946308725 0.1746896551724138 0
0.2818791946308725 0.1849655172413793 0
0.2818791946308725 0.1952413793103448 0
0.2818791946308725 0.2055172413793104 0
0.2818791946308725 0.2157931034482758 0
0.2818791946308725 0.2260689655172414 0
0.2818791946308725 0.2363448275862069 0
0.2818791946308725 0.2466206896551724 0
0.2818791946308725 0.2568965517241379 0
0.2818791946308725 0.2671724137931034 0
0.2818791946308725 0.2774482758620689 0
0.2818791946308725 0.2877241379310346 0
0.2885906040268456 0.01027586206896552 0
0.2885906040268456 0.02055172413793105 0
0.2885906040268457 0.03082758620689659 0
0.2885906040268456 0.04110344827586208 0
0.2885906040268456 0.05137931034482769 0
0.2885906040268457 0.06165517241379317 0
0.2885906040268456 0.0719310344827587 0
0.2885906040268457 0.0822068965517242 0
0.2885906040268456 0.09248275862068971 0
0.2885906040268457 0.1027586206896552 0
0.2885906040268457 0.1130344827586207 0
0.2885906040268456 0.1233103448275863 0
0.2885906040268456 0.1335862068965518 0
0.2885906040268457 0.1438620689655172 0
0.2885906040268457 0.1541379310344828 0
0.2885906040268456 0.1644137931034483 0
0.2885906040268457 0.1746896551724138 0
0.2885906040268457 0.1849655172413793 0
0.2885906040268457 0.1952413793103449 0
0.2885906040268457 0.2055172413793103 0
0.2885906040268457 0.2157931034482758 0
0.2885906040268457 0.2260689655172414 0
0.2885906040268457 0.2363448275862069 0
0.2885906040268457 0.2466206896551724 0
0.2885906040268457 0.2568965517241379 0
0.2885906040268457 0.2671724137931034 0
0.2885906040268457 0.2774482758620689 0
0.2885906040268457 0.2877241379310345 0
0.2953020134228188 0.01027586206896552 0
0.2953020134228188 0.02055172413793105 0
0.2953020134228188 0.03082758620689657 0
0.2953020134228188 0.0411034482758621 0
0.2953020134228188 0.05137931034482768 0
0.2953020134228188 0.06165517241379317 0
0.2953020134228188 0.0719310344827587 0
0.2953020134228189 0.0822068965517242 0
0.2953020134228188 0.09248275862068972 0
0.2953020134228188 0.1027586206896553 0
0.2953020134228188 0.1130344827586207 0
0.2953020134228188 0.1233103448275863 0
0.2953020134228188 0.1335862068965518 0
0.2953020134228188 0.1438620689655172 0
0.2953020134228188 0.1541379310344828 0
0.2953020134228188 0.1644137931034483 0
0.2953020134228188 0.1746896551724138 0
0.2953020134228189 0.1849655172413793 0
0.2953020134228188 0.1952413793103448 0
0.2953020134228188 0.2055172413793104 0
0.2953020134228188 0.2157931034482758 0
0.2953020134228188 0.2260689655172414 0
0.2953020134228188 0.2363448275862069 0
0.2953020134228188 0.2466206896551724 0
0.2953020134228188 0.2568965517241379 0
0.2953020134228188 0.2671724137931034 0
0.2953020134228189 0.277448275862069 0
0.2953020134228189 0.2877241379310345 0
0.3020134228187919 0.01027586206896547 0
0.302013422818792 0.02055172413793108 0
0.302013422818792 0.0308275862068966 0
0.302013422818792 0.04110344827586208 0
0.302013422818792 0.05137931034482768 0
0.3020134228187919 0.06165517241379316 0
0.302013422818792 0.07193103448275867 0
0.3020134228187919 0.0822068965517242 0
0.302013422818792 0.09248275862068972 0
0.302013422818792 0.1027586206896552 0
0.302013422818792 0.1130344827586207 0
0.302013422818792 0.1233103448275863 0
0.302013422818792 0.1335862068965518 0
0.302013422818792 0.1438620689655172 0
0.302013422818792 0.1541379310344828 0
0.302013422818792 0.1644137931034483 0
0.302013422818792 0.1746896551724138 0
0.302013422818792 0.1849655172413793 0
0.302013422818792 0.1952413793103448 0
0.302013422818792 0.2055172413793104 0
0.302013422818792 0.2157931034482758 0
0.302013422818792 0.2260689655172414 0
0.302013422818792 0.2363448275862069 0
0.302013422818792 0.2466206896551724 0
0.3020134228187919 0.2568965517241379 0
0.3020134228187919 0.2671724137931034 0
0.3020134228187919 0.277448275862069 0
0.302013422818792 0.2877241379310345 0
0.3087248322147651 0.01027586206896552 0
0.3087248322147652 0.02055172413793105 0
0.308724832214765 0.03082758620689659 0
0.3087248322147652 0.0411034482758621 0
0.3087248322147651 0.05137931034482769 0
0.3087248322147651 0.06165517241379319 0
0.3087248322147651 0.0719310344827587 0
0.3087248322147651 0.08220689655172418 0
0.3087248322147651 0.09248275862068969 0
0.3087248322147651 0.1027586206896553 0
0.3087248322147651 0.1130344827586207 0
0.3087248322147651 0.1233103448275862 0
0.3087248322147651 0.1335862068965518 0
0.3087248322147651 0.1438620689655173 0
0.3087248322147651 0.1541379310344828 0
0.3087248322147651 0.1644137931034483 0
0.3087248322147651 0.1746896551724138 0
0.3087248322147651 0.1849655172413793 0
0.3087248322147651 0.1952413793103448 0
0.3087248322147651 0.2055172413793103 0
0.3087248322147651 0.2157931034482758 0
0.3087248322147651 0.2260689655172414 0
0.3087248322147651 0.2363448275862069 0
0.3087248322147651 0.2466206896551724 0
0.3087248322147651 0.2568965517241379 0
0.3087248322147651 0.2671724137931034 0
0.3087248322147651 0.277448275862069 0
0.3087248322147652 0.2877241379310346 0
0.3154362416107382 0.01027586206896547 0
0.3154362416107382 0.02055172413793108 0
0.3154362416107382 0.03082758620689659 0
0.3154362416107383 0.0411034482758621 0
0.3154362416107382 0.05137931034482768 0
0.3154362416107382 0.06165517241379316 0
0.3154362416107382 0.07193103448275867 0
0.3154362416107382 0.0822068965517242 0
0.3154362416107382 0.09248275862068972 0
0.3154362416107382 0.1027586206896552 0
0.3154362416107382 0.1130344827586208 0
0.3154362416107382 0.1233103448275863 0
0.3154362416107382 0.1335862068965518 0
0.3154362416107382 0.1438620689655173 0
0.3154362416107382 0.1541379310344828 0
0.3154362416107382 0.1644137931034483 0
0.3154362416107382 0.1746896551724138 0
0.3154362416107382 0.1849655172413793 0
0.3154362416107382 0.1952413793103449 0
0.3154362416107382 0.2055172413793104 0
0.3154362416107382 0.2157931034482758 0
0.3154362416107382 0.2260689655172414 0
0.3154362416107382 0.2363448275862068 0
0.3154362416107382 0.2466206896551724 0
0.3154362416107382 0.2568965517241379 0
0.3154362416107382 0.2671724137931034 0
0.3154362416107382 0.2774482758620689 0
0.3154362416107382 0.2877241379310346 0
0.3221476510067114 0.01027586206896552 0
0.3221476510067114 0.02055172413793105 0
0.3221476510067113 0.03082758620689657 0
0.3221476510067114 0.04110344827586213 0
0.3221476510067114 0.05137931034482769 0
0.3221476510067113 0.06165517241379313 0
0.3221476510067114 0.0719310344827587 0
0.3221476510067114 0.0822068965517242 0
0.3221476510067114 0.09248275862068969 0
0.3221476510067114 0.1027586206896552 0
0.3221476510067114 0.1130344827586208 0
0.3221476510067114 0.1233103448275863 0
0.3221476510067114 0.1335862068965518 0
0.3221476510067114 0.1438620689655172 0
0.3221476510067114 0.1541379310344828 0
0.3221476510067114 0.1644137931034483 0
0.3221476510067114 0.1746896551724138 0
0.3221476510067114 0.1849655172413793 0
0.3221476510067114 0.1952413793103448 0
0.3221476510067114 0.2055172413793103 0
0.3221476510067114 0.2157931034482758 0
0.3221476510067114 0.2260689655172413 0
0.3221476510067114 0.2363448275862069 0
0.3221476510067114 0.2466206896551724 0
0.3221476510067114 0.2568965517241379 0
0.3221476510067114 0.2671724137931034 0
0.3221476510067114 0.277448275862069 0
0.3221476510067114 0.2877241379310345 0
0.3288590604026845 0.01027586206896547 0
0.3288590604026845 0.02055172413793108 0
0.3288590604026845 0.03082758620689657 0
0.3288590604026845 0.0411034482758621 0
0.3288590604026845 0.05137931034482768 0
0.3288590604026845 0.06165517241379316 0
0.3288590604026845 0.07193103448275869 0
0.3288590604026845 0.0822068965517242 0
0.3288590604026845 0.09248275862068973 0
0.3288590604026845 0.1027586206896552 0
0.3288590604026845 0.1130344827586207 0
0.3288590604026845 0.1233103448275862 0
0.3288590604026845 0.1335862068965518 0
0.3288590604026845 0.1438620689655173 0
0.3288590604026845 0.1541379310344828 0
0.3288590604026845 0.1644137931034483 0
0.3288590604026845 0.1746896551724138 0
0.3288590604026845 0.1849655172413793 0
0.3288590604026846 0.1952413793103448 0
0.3288590604026846 0.2055172413793104 0
0.3288590604026845 0.2157931034482758 0
0.3288590604026845 0.2260689655172414 0
0.3288590604026845 0.2363448275862069 0
0.3288590604026845 0.2466206896551724 0
0.3288590604026845 0.2568965517241379 0
0.3288590604026845 0.2671724137931034 0
0.3288590604026845 0.277448275862069 0
0.3288590604026845 0.2877241379310345 0
0.3355704697986577 0.0102758620689655 0
0.3355704697986577 0.02055172413793105 0
0.3355704697986577 0.03082758620689659 0
0.3355704697986577 0.04110344827586208 0
0.3355704697986577 0.05137931034482765 0
0.3355704697986577 0.06165517241379315 0
0.3355704697986577 0.07193103448275869 0
0.3355704697986578 0.08220689655172417 0
0.3355704697986577 0.09248275862068971 0
0.3355704697986577 0.1027586206896552 0
0.3355704697986577 0.1130344827586207 0
0.3355704697986577 0.1233103448275863 0
0.3355704697986577 0.1335862068965518 0
0.3355704697986577 0.1438620689655173 0
0.3355704697986577 0.1541379310344828 0
0.3355704697986577 0.1644137931034483 0
0.3355704697986577 0.1746896551724138 0
0.3355704697986577 0.1849655172413793 0
0.3355704697986577 0.1952413793103448 0
0.3355704697986577 0.2055172413793103 0
0.3355704697986577 0.2157931034482758 0
0.3355704697986577 0.2260689655172413 0
0.3355704697986577 0.2363448275862069 0
0.3355704697986577 0.2466206896551724 0
0.3355704697986577 0.2568965517241379 0
0.3355704697986577 0.2671724137931034 0
0.3355704697986577 0.277448275862069 0
0.3355704697986577 0.2877241379310346 0
0.3422818791946308 0.01027586206896547 0
0.3422818791946308 0.02055172413793105 0
0.3422818791946309 0.0308275862068966 0
0.3422818791946309 0.04110344827586211 0
0.3422818791946309 0.05137931034482768 0
0.3422818791946309 0.06165517241379317 0
0.3422818791946309 0.07193103448275867 0
0.3422818791946309 0.0822068965517242 0
0.3422818791946309 0.09248275862068972 0
0.3422818791946309 0.1027586206896552 0
0.3422818791946309 0.1130344827586207 0
0.3422818791946309 0.1233103448275862 0
0.3422818791946309 0.1335862068965518 0
0.3422818791946309 0.1438620689655173 0
0.3422818791946309 0.1541379310344828 0
0.3422818791946309 0.1644137931034483 0
0.3422818791946309 0.1746896551724138 0
0.3422818791946309 0.1849655172413793 0
0.3422818791946309 0.1952413793103448 0
0.3422818791946309 0.2055172413793103 0
0.3422818791946309 0.2157931034482758 0
0.3422818791946309 0.2260689655172414 0
0.3422818791946309 0.2363448275862069 0
0.3422818791946309 0.2466206896551724 0
0.3422818791946309 0.2568965517241379 0
0.3422818791946309 0.2671724137931034 0
0.3422818791946309 0.277448275862069 0
0.3422818791946309 0.2877241379310346 0
0.348993288590604 0.01027586206896547 0
0.3489932885906041 0.02055172413793108 0
0.348993288590604 0.0308275862068966 0
0.348993288590604 0.04110344827586208 0
0.348993288590604 0.05137931034482768 0
0.348993288590604 0.06165517241379317 0
0.3489932885906041 0.07193103448275867 0
0.348993288590604 0.0822068965517242 0
0.348993288590604 0.09248275862068969 0
0.348993288590604 0.1027586206896552 0
0.348993288590604 0.1130344827586207 0
0.3489932885906041 0.1233103448275863 0
0.3489932885906041 0.1335862068965518 0
0.3489932885906041 0.1438620689655172 0
0.348993288590604 0.1541379310344828 0
0.3489932885906041 0.1644137931034483 0
0.3489932885906041 0.1746896551724138 0
0.3489932885906041 0.1849655172413793 0
0.3489932885906041 0.1952413793103448 0
0.3489932885906041 0.2055172413793104 0
0.3489932885906041 0.2157931034482758 0
0.3489932885906041 0.2260689655172413 0
0.3489932885906041 0.2363448275862069 0
0.3489932885906041 0.2466206896551724 0
0.3489932885906041 0.2568965517241379 0
0.3489932885906041 0.2671724137931034 0
0.3489932885906041 0.2774482758620689 0
0.3489932885906041 0.2877241379310346 0
0.3557046979865771 0.01027586206896552 0
0.3557046979865772 0.02055172413793108 0
0.3557046979865772 0.03082758620689659 0
0.3557046979865771 0.04110344827586206 0
0.3557046979865772 0.05137931034482769 0
0.3557046979865772 0.06165517241379317 0
0.3557046979865772 0.07193103448275869 0
0.3557046979865772 0.0822068965517242 0
0.3557046979865772 0.09248275862068969 0
0.3557046979865772 0.1027586206896552 0
0.3557046979865772 0.1130344827586207 0
0.3557046979865772 0.1233103448275862 0
0.3557046979865772 0.1335862068965518 0
0.3557046979865772 0.1438620689655172 0
0.3557046979865772 0.1541379310344828 0
0.3557046979865772 0.1644137931034483 0
0.3557046979865772 0.1746896551724138 0
0.3557046979865772 0.1849655172413793 0
0.3557046979865772 0.1952413793103448 0
0.3557046979865772 0.2055172413793103 0
0.3557046979865772 0.2157931034482758 0
0.3557046979865772 0.2260689655172413 0
0.3557046979865772 0.2363448275862069 0
0.3557046979865772 0.2466206896551724 0
0.3557046979865772 0.2568965517241379 0
0.3557046979865772 0.2671724137931034 0
0.3557046979865772 0.277448275862069 0
0.3557046979865772 0.2877241379310346 0
0.3624161073825503 0.01027586206896552 0
0.3624161073825504 0.02055172413793108 0
0.3624161073825503 0.03082758620689659 0
0.3624161073825503 0.04110344827586206 0
0.3624161073825503 0.05137931034482768 0
0.3624161073825503 0.06165517241379316 0
0.3624161073825503 0.07193103448275867 0
0.3624161073825504 0.0822068965517242 0
0.3624161073825504 0.09248275862068971 0
0.3624161073825504 0.1027586206896552 0
0.3624161073825504 0.1130344827586207 0
0.3624161073825503 0.1233103448275863 0
0.3624161073825504 0.1335862068965518 0
0.3624161073825504 0.1438620689655172 0
0.3624161073825503 0.1541379310344828 0
0.3624161073825504 0.1644137931034483 0
0.3624161073825504 0.1746896551724138 0
0.3624161073825504 0.1849655172413793 0
0.3624161073825504 0.1952413793103448 0
0.3624161073825504 0.2055172413793103 0
0.3624161073825504 0.2157931034482758 0
0.3624161073825504 0.2260689655172413 0
0.3624161073825504 0.2363448275862069 0
0.3624161073825504 0.2466206896551724 0
0.3624161073825504 0.2568965517241379 0
0.3624161073825504 0.2671724137931034 0
0.3624161073825504 0.277448275862069 0
0.3624161073825504 0.2877241379310346 0
0.3691275167785235 0.01027586206896552 0
0.3691275167785234 0.02055172413793105 0
0.3691275167785235 0.0308275862068966 0
0.3691275167785235 0.04110344827586208 0
0.3691275167785235 0.05137931034482768 0
0.3691275167785235 0.06165517241379316 0
0.3691275167785235 0.07193103448275867 0
0.3691275167785234 0.0822068965517242 0
0.3691275167785235 0.09248275862068972 0
0.3691275167785235 0.1027586206896552 0
0.3691275167785235 0.1130344827586207 0
0.3691275167785235 0.1233103448275863 0
0.3691275167785235 0.1335862068965518 0
0.3691275167785235 0.1438620689655172 0
0.3691275167785235 0.1541379310344828 0
0.3691275167785235 0.1644137931034483 0
0.3691275167785235 0.1746896551724138 0
0.3691275167785235 0.1849655172413793 0
0.3691275167785235 0.1952413793103448 0
0.3691275167785235 0.2055172413793103 0
0.3691275167785235 0.2157931034482758 0
0.3691275167785235 0.2260689655172414 0
0.3691275167785235 0.2363448275862069 0
0.3691275167785235 0.2466206896551724 0
0.3691275167785235 0.2568965517241379 0
0.3691275167785235 0.2671724137931034 0
0.3691275167785235 0.277448275862069 0
0.3691275167785235 0.2877241379310346 0
0.3758389261744967 0.0102758620689655 0
0.3758389261744967 0.02055172413793105 0
0.3758389261744967 0.03082758620689652 0
0.3758389261744967 0.04110344827586208 0
0.3758389261744967 0.05137931034482768 0
0.3758389261744967 0.06165517241379313 0
0.3758389261744967 0.07193103448275867 0
0.3758389261744967 0.0822068965517242 0
0.3758389261744967 0.09248275862068966 0
0.3758389261744967 0.1027586206896552 0
0.3758389261744967 0.1130344827586207 0
0.3758389261744967 0.1233103448275862 0
0.3758389261744967 0.1335862068965518 0
0.3758389261744967 0.1438620689655173 0
0.3758389261744967 0.1541379310344828 0
0.3758389261744967 0.1644137931034483 0
0.3758389261744967 0.1746896551724138 0
0.3758389261744967 0.1849655172413793 0
0.3758389261744967 0.1952413793103448 0
0.3758389261744967 0.2055172413793103 0
0.3758389261744967 0.2157931034482758 0
0.3758389261744967 0.2260689655172413 0
0.3758389261744967 0.2363448275862068 0
0.3758389261744967 0.2466206896551724 0
0.3758389261744967 0.2568965517241379 0
0.3758389261744966 0.2671724137931034 0
0.3758389261744967 0.277448275862069 0
0.3758389261744967 0.2877241379310346 0
0.3825503355704698 0.01027586206896552 0
0.3825503355704698 0.02055172413793105 0
0.3825503355704698 0.03082758620689659 0
0.3825503355704698 0.0411034482758621 0
0.3825503355704698 0.05137931034482768 0
0.3825503355704698 0.06165517241379317 0
0.3825503355704698 0.07193103448275867 0
0.3825503355704698 0.0822068965517242 0
0.3825503355704698 0.09248275862068969 0
0.3825503355704698 0.1027586206896552 0
0.3825503355704698 0.1130344827586207 0
0.3825503355704698 0.1233103448275863 0
0.3825503355704698 0.1335862068965518 0
0.3825503355704698 0.1438620689655172 0
0.3825503355704698 0.1541379310344828 0
0.3825503355704698 0.1644137931034483 0
0.3825503355704698 0.1746896551724138 0
0.3825503355704698 0.1849655172413793 0
0.3825503355704698 0.1952413793103448 0
0.3825503355704698 0.2055172413793103 0
0.3825503355704698 0.2157931034482758 0
0.3825503355704698 0.2260689655172414 0
0.3825503355704698 0.2363448275862068 0
0.3825503355704698 0.2466206896551723 0
0.3825503355704698 0.2568965517241379 0
0.3825503355704698 0.2671724137931034 0
0.3825503355704698 0.277448275862069 0
0.3825503355704698 0.2877241379310345 0
0.3892617449664429 0.01027586206896547 0
0.3892617449664429 0.02055172413793105 0
0.3892617449664429 0.03082758620689659 0
0.3892617449664429 0.04110344827586208 0
0.3892617449664429 0.05137931034482771 0
0.3892617449664429 0.06165517241379313 0
0.3892617449664429 0.07193103448275867 0
0.3892617449664429 0.0822068965517242 0
0.3892617449664429 0.09248275862068972 0
0.3892617449664429 0.1027586206896552 0
0.3892617449664429 0.1130344827586207 0
0.3892617449664429 0.1233103448275862 0
0.3892617449664429 0.1335862068965517 0
0.3892617449664429 0.1438620689655173 0
0.3892617449664429 0.1541379310344828 0
0.3892617449664429 0.1644137931034483 0
0.3892617449664429 0.1746896551724138 0
0.3892617449664429 0.1849655172413793 0
0.3892617449664429 0.1952413793103448 0
0.3892617449664429 0.2055172413793103 0
0.3892617449664429 0.2157931034482758 0
0.3892617449664429 0.2260689655172414 0
0.3892617449664429 0.2363448275862069 0
0.389261744966443 0.2466206896551724 0
0.3892617449664429 0.2568965517241379 0
0.3892617449664429 0.2671724137931034 0
0.3892617449664429 0.2774482758620689 0
0.3892617449664429 0.2877241379310346 0
0.3959731543624161 0.0102758620689655 0
0.3959731543624161 0.02055172413793108 0
0.3959731543624161 0.03082758620689657 0
0.3959731543624161 0.04110344827586207 0
0.3959731543624161 0.05137931034482766 0
0.3959731543624161 0.06165517241379317 0
0.3959731543624161 0.07193103448275867 0
0.3959731543624161 0.0822068965517242 0
0.3959731543624161 0.09248275862068971 0
0.3959731543624161 0.1027586206896552 0
0.3959731543624161 0.1130344827586207 0
0.3959731543624161 0.1233103448275862 0
0.3959731543624161 0.1335862068965518 0
0.3959731543624161 0.1438620689655172 0
0.3959731543624161 0.1541379310344828 0
0.3959731543624161 0.1644137931034483 0
0.3959731543624161 0.1746896551724138 0
0.3959731543624161 0.1849655172413793 0
0.3959731543624161 0.1952413793103448 0
0.3959731543624161 0.2055172413793103 0
0.3959731543624161 0.2157931034482758 0
0.3959731543624161 0.2260689655172413 0
0.3959731543624161 0.2363448275862068 0
0.3959731543624161 0.2466206896551723 0
0.3959731543624161 0.2568965517241379 0
0.3959731543624161 0.2671724137931034 0
0.3959731543624161 0.277448275862069 0
0.3959731543624161 0.2877241379310345 0
0.4026845637583892 0.0102758620689655 0
0.4026845637583892 0.02055172413793105 0
0.4026845637583892 0.03082758620689655 0
0.4026845637583892 0.04110344827586208 0
0.4026845637583892 0.05137931034482765 0
0.4026845637583892 0.06165517241379313 0
0.4026845637583892 0.07193103448275867 0
0.4026845637583893 0.0822068965517242 0
0.4026845637583892 0.09248275862068971 0
0.4026845637583892 0.1027586206896552 0
0.4026845637583892 0.1130344827586207 0
0.4026845637583892 0.1233103448275862 0
0.4026845637583892 0.1335862068965518 0
0.4026845637583892 0.1438620689655172 0
0.4026845637583892 0.1541379310344828 0
0.4026845637583892 0.1644137931034483 0
0.4026845637583892 0.1746896551724138 0
0.4026845637583892 0.1849655172413793 0
0.4026845637583892 0.1952413793103448 0
0.4026845637583893 0.2055172413793103 0
0.4026845637583892 0.2157931034482758 0
0.4026845637583892 0.2260689655172413 0
0.4026845637583892 0.2363448275862069 0
0.4026845637583892 0.2466206896551724 0
0.4026845637583892 0.2568965517241379 0
0.4026845637583892 0.2671724137931034 0
0.4026845637583892 0.277448275862069 0
0.4026845637583892 0.2877241379310345 0
0.4093959731543624 0.01027586206896552 0
0.4093959731543624 0.02055172413793105 0
0.4093959731543624 0.03082758620689659 0
0.4093959731543624 0.0411034482758621 0
0.4093959731543624 0.05137931034482768 0
0.4093959731543624 0.06165517241379315 0
0.4093959731543624 0.07193103448275867 0
0.4093959731543624 0.0822068965517242 0
0.4093959731543624 0.09248275862068971 0
0.4093959731543624 0.1027586206896552 0
0.4093959731543624 0.1130344827586207 0
0.4093959731543624 0.1233103448275862 0
0.4093959731543624 0.1335862068965518 0
0.4093959731543624 0.1438620689655172 0
0.4093959731543624 0.1541379310344828 0
0.4093959731543624 0.1644137931034483 0
0.4093959731543624 0.1746896551724138 0
0.4093959731543624 0.1849655172413793 0
0.4093959731543624 0.1952413793103448 0
0.4093959731543624 0.2055172413793103 0
0.4093959731543624 0.2157931034482758 0
0.4093959731543624 0.2260689655172414 0
0.4093959731543624 0.2363448275862068 0
0.4093959731543624 0.2466206896551723 0
0.4093959731543624 0.2568965517241379 0
0.4093959731543624 0.2671724137931034 0
0.4093959731543624 0.277448275862069 0
0.4093959731543624 0.2877241379310346 0
0.4161073825503356 0.0102758620689655 0
0.4161073825503356 0.02055172413793102 0
0.4161073825503356 0.0308275862068966 0
0.4161073825503356 0.04110344827586207 0
0.4161073825503356 0.05137931034482765 0
0.4161073825503356 0.06165517241379317 0
0.4161073825503356 0.07193103448275867 0
0.4161073825503356 0.0822068965517242 0
0.4161073825503356 0.09248275862068968 0
0.4161073825503356 0.1027586206896552 0
0.4161073825503356 0.1130344827586207 0
0.4161073825503356 0.1233103448275862 0
0.4161073825503356 0.1335862068965518 0
0.4161073825503356 0.1438620689655172 0
0.4161073825503356 0.1541379310344828 0
0.4161073825503356 0.1644137931034483 0
0.4161073825503356 0.1746896551724138 0
0.4161073825503356 0.1849655172413793 0
0.4161073825503356 0.1952413793103448 0
0.4161073825503356 0.2055172413793103 0
0.4161073825503356 0.2157931034482758 0
0.4161073825503356 0.2260689655172414 0
0.4161073825503356 0.2363448275862068 0
0.4161073825503356 0.2466206896551723 0
0.4161073825503356 0.2568965517241379 0
0.4161073825503356 0.2671724137931034 0
0.4161073825503356 0.277448275862069 0
0.4161073825503356 0.2877241379310346 0
0.4228187919463088 0.01027586206896547 0
0.4228187919463087 0.02055172413793108 0
0.4228187919463087 0.03082758620689655 0
0.4228187919463087 0.0411034482758621 0
0.4228187919463088 0.05137931034482766 0
0.4228187919463088 0.06165517241379313 0
0.4228187919463088 0.07193103448275866 0
0.4228187919463087 0.0822068965517242 0
0.4228187919463087 0.09248275862068968 0
0.4228187919463088 0.1027586206896552 0
0.4228187919463087 0.1130344827586207 0
0.4228187919463087 0.1233103448275862 0
0.4228187919463088 0.1335862068965518 0
0.4228187919463088 0.1438620689655172 0
0.4228187919463088 0.1541379310344828 0
0.4228187919463088 0.1644137931034483 0
0.4228187919463088 0.1746896551724138 0
0.4228187919463087 0.1849655172413793 0
0.4228187919463087 0.1952413793103448 0
0.4228187919463088 0.2055172413793103 0
0.4228187919463088 0.2157931034482758 0
0.4228187919463088 0.2260689655172413 0
0.4228187919463088 0.2363448275862068 0
0.4228187919463088 0.2466206896551724 0
0.4228187919463088 0.2568965517241379 0
0.4228187919463088 0.2671724137931034 0
0.4228187919463088 0.2774482758620689 0
0.4228187919463088 0.2877241379310345 0
0.4295302013422819 0.0102758620689655 0
0.4295302013422819 0.02055172413793105 0
0.4295302013422819 0.03082758620689659 0
0.4295302013422819 0.04110344827586206 0
0.4295302013422819 0.05137931034482768 0
0.4295302013422819 0.06165517241379311 0
0.4295302013422819 0.07193103448275869 0
0.4295302013422819 0.08220689655172418 0
0.4295302013422819 0.09248275862068966 0
0.4295302013422819 0.1027586206896552 0
0.4295302013422819 0.1130344827586207 0
0.4295302013422819 0.1233103448275862 0
0.4295302013422819 0.1335862068965518 0
0.4295302013422819 0.1438620689655172 0
0.4295302013422819 0.1541379310344828 0
0.4295302013422819 0.1644137931034483 0
0.4295302013422819 0.1746896551724138 0
0.4295302013422819 0.1849655172413793 0
0.4295302013422819 0.1952413793103448 0
0.4295302013422819 0.2055172413793103 0
0.4295302013422819 0.2157931034482758 0
0.4295302013422819 0.2260689655172414 0
0.4295302013422819 0.2363448275862068 0
0.4295302013422819 0.2466206896551723 0
0.4295302013422819 0.2568965517241379 0
0.4295302013422819 0.2671724137931034 0
0.4295302013422819 0.277448275862069 0
0.4295302013422819 0.2877241379310345 0
0.4362416107382551 0.01027586206896547 0
0.436241610738255 0.02055172413793105 0
0.436241610738255 0.03082758620689659 0
0.436241610738255 0.04110344827586208 0
0.436241610738255 0.05137931034482765 0
0.436241610738255 0.06165517241379313 0
0.4362416107382551 0.07193103448275864 0
0.4362416107382551 0.08220689655172417 0
0.4362416107382551 0.09248275862068966 0
0.436241610738255 0.1027586206896552 0
0.4362416107382551 0.1130344827586207 0
0.4362416107382551 0.1233103448275862 0
0.4362416107382551 0.1335862068965518 0
0.4362416107382551 0.1438620689655172 0
0.4362416107382551 0.1541379310344828 0
0.4362416107382551 0.1644137931034483 0
0.4362416107382551 0.1746896551724137 0
0.436241610738255 0.1849655172413793 0
0.4362416107382551 0.1952413793103448 0
0.4362416107382551 0.2055172413793103 0
0.4362416107382551 0.2157931034482758 0
0.4362416107382551 0.2260689655172413 0
0.4362416107382551 0.2363448275862069 0
0.4362416107382551 0.2466206896551723 0
0.4362416107382551 0.2568965517241379 0
0.4362416107382551 0.2671724137931034 0
0.4362416107382551 0.277448275862069 0
0.4362416107382551 0.2877241379310345 0
0.4429530201342282 0.01027586206896552 0
0.4429530201342281 0.02055172413793105 0
0.4429530201342282 0.0308275862068966 0
0.4429530201342282 0.04110344827586206 0
0.4429530201342282 0.05137931034482768 0
0.4429530201342282 0.06165517241379311 0
0.4429530201342282 0.07193103448275867 0
0.4429530201342282 0.08220689655172418 0
0.4429530201342282 0.09248275862068966 0
0.4429530201342282 0.1027586206896552 0
0.4429530201342282 0.1130344827586207 0
0.4429530201342282 0.1233103448275862 0
0.4429530201342282 0.1335862068965518 0
0.4429530201342282 0.1438620689655172 0
0.4429530201342282 0.1541379310344828 0
0.4429530201342282 0.1644137931034483 0
0.4429530201342282 0.1746896551724138 0
0.4429530201342282 0.1849655172413793 0
0.4429530201342282 0.1952413793103448 0
0.4429530201342282 0.2055172413793103 0
0.4429530201342282 0.2157931034482758 0
0.4429530201342282 0.2260689655172414 0
0.4429530201342282 0.2363448275862068 0
0.4429530201342282 0.2466206896551723 0
0.4429530201342282 0.2568965517241379 0
0.4429530201342282 0.2671724137931034 0
0.4429530201342282 0.277448275862069 0
0.4429530201342282 0.2877241379310345 0
0.4496644295302014 0.01027586206896547 0
0.4496644295302014 0.02055172413793108 0
0.4496644295302014 0.03082758620689652 0
0.4496644295302014 0.04110344827586206 0
0.4496644295302014 0.05137931034482765 0
0.4496644295302014 0.06165517241379313 0
0.4496644295302014 0.07193103448275864 0
0.4496644295302014 0.08220689655172417 0
0.4496644295302014 0.09248275862068969 0
0.4496644295302014 0.1027586206896552 0
0.4496644295302014 0.1130344827586207 0
0.4496644295302014 0.1233103448275862 0
0.4496644295302014 0.1335862068965517 0
0.4496644295302014 0.1438620689655172 0
0.4496644295302014 0.1541379310344828 0
0.4496644295302014 0.1644137931034483 0
0.4496644295302014 0.1746896551724137 0
0.4496644295302014 0.1849655172413793 0
0.4496644295302014 0.1952413793103448 0
0.4496644295302014 0.2055172413793103 0
0.4496644295302014 0.2157931034482758 0
0.4496644295302014 0.2260689655172413 0
0.4496644295302014 0.2363448275862068 0
0.4496644295302014 0.2466206896551723 0
0.4496644295302014 0.2568965517241379 0
0.4496644295302014 0.2671724137931034 0
0.4496644295302014 0.2774482758620689 0
0.4496644295302014 0.2877241379310345 0
0.4563758389261745 0.01027586206896544 0
0.4563758389261745 0.02055172413793105 0
0.4563758389261745 0.03082758620689659 0
0.4563758389261745 0.04110344827586208 0
0.4563758389261745 0.05137931034482768 0
0.4563758389261745 0.06165517241379312 0
0.4563758389261745 0.07193103448275864 0
0.4563758389261745 0.0822068965517242 0
0.4563758389261745 0.09248275862068966 0
0.4563758389261745 0.1027586206896552 0
0.4563758389261745 0.1130344827586207 0
0.4563758389261745 0.1233103448275862 0
0.4563758389261745 0.1335862068965517 0
0.4563758389261745 0.1438620689655172 0
0.4563758389261745 0.1541379310344828 0
0.4563758389261745 0.1644137931034483 0
0.4563758389261745 0.1746896551724138 0
0.4563758389261745 0.1849655172413793 0
0.4563758389261745 0.1952413793103448 0
0.4563758389261745 0.2055172413793103 0
0.4563758389261745 0.2157931034482758 0
0.4563758389261745 0.2260689655172414 0
0.4563758389261745 0.2363448275862068 0
0.4563758389261745 0.2466206896551723 0
0.4563758389261745 0.2568965517241379 0
0.4563758389261745 0.2671724137931034 0
0.4563758389261745 0.2774482758620689 0
0.4563758389261745 0.2877241379310346 0
0.4630872483221477 0.01027586206896547 0
0.4630872483221476 0.02055172413793108 0
0.4630872483221476 0.03082758620689655 0
0.4630872483221476 0.04110344827586208 0
0.4630872483221476 0.05137931034482765 0
0.4630872483221476 0.06165517241379313 0
0.4630872483221476 0.07193103448275864 0
0.4630872483221476 0.08220689655172417 0
0.4630872483221476 0.09248275862068969 0
0.4630872483221476 0.1027586206896552 0
0.4630872483221476 0.1130344827586207 0
0.4630872483221476 0.1233103448275862 0
0.4630872483221476 0.1335862068965518 0
0.4630872483221476 0.1438620689655172 0
0.4630872483221476 0.1541379310344828 0
0.4630872483221476 0.1644137931034483 0
0.4630872483221476 0.1746896551724137 0
0.4630872483221476 0.1849655172413793 0
0.4630872483221476 0.1952413793103448 0
0.4630872483221476 0.2055172413793103 0
0.4630872483221476 0.2157931034482758 0
0.4630872483221476 0.2260689655172413 0
0.4630872483221476 0.2363448275862068 0
0.4630872483221476 0.2466206896551723 0
0.4630872483221476 0.2568965517241379 0
0.4630872483221476 0.2671724137931034 0
0.4630872483221476 0.2774482758620689 0
0.4630872483221476 0.2877241379310345 0
0.4697986577181208 0.0102758620689655 0
0.4697986577181208 0.02055172413793102 0
0.4697986577181208 0.0308275862068966 0
0.4697986577181208 0.04110344827586206 0
0.4697986577181208 0.05137931034482762 0
0.4697986577181208 0.06165517241379315 0
0.4697986577181208 0.07193103448275864 0
0.4697986577181208 0.08220689655172417 0
0.4697986577181208 0.09248275862068968 0
0.4697986577181208 0.1027586206896552 0
0.4697986577181208 0.1130344827586207 0
0.4697986577181208 0.1233103448275862 0
0.4697986577181208 0.1335862068965517 0
0.4697986577181208 0.1438620689655172 0
0.4697986577181208 0.1541379310344828 0
0.4697986577181208 0.1644137931034483 0
0.4697986577181208 0.1746896551724138 0
0.4697986577181208 0.1849655172413793 0
0.4697986577181208 0.1952413793103448 0
0.4697986577181208 0.2055172413793103 0
0.4697986577181208 0.2157931034482758 0
0.4697986577181208 0.2260689655172414 0
0.4697986577181208 0.2363448275862068 0
0.4697986577181208 0.2466206896551723 0
0.4697986577181208 0.2568965517241379 0
0.4697986577181208 0.2671724137931034 0
0.4697986577181208 0.277448275862069 0
0.4697986577181208 0.2877241379310345 0
0.476510067114094 0.01027586206896547 0
0.4765100671140939 0.02055172413793108 0
0.4765100671140939 0.03082758620689653 0
0.4765100671140939 0.04110344827586208 0
0.4765100671140939 0.05137931034482765 0
0.4765100671140939 0.06165517241379315 0
0.4765100671140939 0.07193103448275867 0
0.4765100671140939 0.08220689655172415 0
0.4765100671140939 0.09248275862068968 0
0.4765100671140939 0.1027586206896552 0
0.4765100671140939 0.1130344827586207 0
0.4765100671140939 0.1233103448275862 0
0.4765100671140939 0.1335862068965518 0
0.4765100671140939 0.1438620689655172 0
0.4765100671140939 0.1541379310344828 0
0.4765100671140939 0.1644137931034483 0
0.4765100671140939 0.1746896551724138 0
0.4765100671140939 0.1849655172413793 0
0.4765100671140939 0.1952413793103448 0
0.4765100671140939 0.2055172413793103 0
0.4765100671140939 0.2157931034482758 0
0.4765100671140939 0.2260689655172413 0
0.4765100671140939 0.2363448275862068 0
0.4765100671140939 0.2466206896551723 0
0.4765100671140939 0.2568965517241379 0
0.4765100671140939 0.2671724137931034 0
0.4765100671140939 0.2774482758620689 0
0.4765100671140939 0.2877241379310345 0
0.4832214765100671 0.01027586206896547 0
0.4832214765100671 0.02055172413793105 0
0.4832214765100671 0.03082758620689659 0
0.4832214765100671 0.04110344827586207 0
0.4832214765100671 0.05137931034482765 0
0.4832214765100671 0.06165517241379313 0
0.4832214765100671 0.07193103448275864 0
0.4832214765100671 0.08220689655172417 0
0.4832214765100671 0.09248275862068968 0
0.4832214765100671 0.1027586206896552 0
0.4832214765100671 0.1130344827586207 0
0.4832214765100671 0.1233103448275862 0
0.4832214765100671 0.1335862068965517 0
0.4832214765100671 0.1438620689655172 0
0.4832214765100671 0.1541379310344828 0
0.4832214765100671 0.1644137931034483 0
0.4832214765100671 0.1746896551724137 0
0.4832214765100671 0.1849655172413793 0
0.4832214765100671 0.1952413793103448 0
0.4832214765100671 0.2055172413793103 0
0.4832214765100671 0.2157931034482758 0
0.4832214765100671 0.2260689655172414 0
0.4832214765100671 0.2363448275862068 0
0.4832214765100671 0.2466206896551723 0
0.4832214765100671 0.2568965517241379 0
0.4832214765100671 0.2671724137931034 0
0.4832214765100671 0.277448275862069 0
0.4832214765100671 0.2877241379310346 0
0.4899328859060403 0.01027586206896547 0
0.4899328859060403 0.02055172413793108 0
0.4899328859060402 0.03082758620689655 0
0.4899328859060403 0.04110344827586208 0
0.4899328859060403 0.05137931034482765 0
0.4899328859060403 0.06165517241379315 0
0.4899328859060403 0.07193103448275866 0
0.4899328859060403 0.08220689655172415 0
0.4899328859060402 0.09248275862068969 0
0.4899328859060402 0.1027586206896552 0
0.4899328859060402 0.1130344827586207 0
0.4899328859060402 0.1233103448275862 0
0.4899328859060402 0.1335862068965518 0
0.4899328859060402 0.1438620689655172 0
0.4899328859060402 0.1541379310344828 0
0.4899328859060402 0.1644137931034483 0
0.4899328859060402 0.1746896551724138 0
0.4899328859060402 0.1849655172413793 0
0.4899328859060402 0.1952413793103448 0
0.4899328859060402 0.2055172413793103 0
0.4899328859060403 0.2157931034482758 0
0.4899328859060402 0.2260689655172413 0
0.4899328859060402 0.2363448275862068 0
0.4899328859060402 0.2466206896551723 0
0.4899328859060402 0.2568965517241379 0
0.4899328859060402 0.2671724137931034 0
0.4899328859060402 0.2774482758620689 0
0.4899328859060402 0.2877241379310346 0
0.4966442953020134 0.01027586206896547 0
0.4966442953020134 0.02055172413793105 0
0.4966442953020134 0.03082758620689655 0
0.4966442953020134 0.04110344827586207 0
0.4966442953020134 0.05137931034482765 0
0.4966442953020134 0.06165517241379313 0
0.4966442953020134 0.07193103448275864 0
0.4966442953020134 0.08220689655172417 0
0.4966442953020134 0.09248275862068966 0
0.4966442953020134 0.1027586206896552 0
0.4966442953020134 0.1130344827586207 0
0.4966442953020134 0.1233103448275862 0
0.4966442953020134 0.1335862068965517 0
0.4966442953020134 0.1438620689655172 0
0.4966442953020135 0.1541379310344828 0
0.4966442953020134 0.1644137931034483 0
0.4966442953020135 0.1746896551724137 0
0.4966442953020134 0.1849655172413793 0
0.4966442953020135 0.1952413793103448 0
0.4966442953020134 0.2055172413793103 0
0.4966442953020135 0.2157931034482758 0
0.4966442953020134 0.2260689655172413 0
0.4966442953020135 0.2363448275862068 0
0.4966442953020134 0.2466206896551723 0
0.4966442953020135 0.2568965517241379 0
0.4966442953020134 0.2671724137931034 0
0.4966442953020135 0.2774482758620689 0
0.4966442953020134 0.2877241379310346 0
0.5033557046979865 0.01027586206896547 0
0.5033557046979865 0.02055172413793105 0
0.5033557046979865 0.03082758620689653 0
0.5033557046979865 0.04110344827586207 0
0.5033557046979865 0.05137931034482765 0
0.5033557046979865 0.06165517241379313 0
0.5033557046979865 0.07193103448275864 0
0.5033557046979865 0.08220689655172417 0
0.5033557046979865 0.09248275862068968 0
0.5033557046979865 0.1027586206896552 0
0.5033557046979865 0.1130344827586207 0
0.5033557046979865 0.1233103448275862 0
0.5033557046979865 0.1335862068965517 0
0.5033557046979865 0.1438620689655172 0
0.5033557046979865 0.1541379310344828 0
0.5033557046979865 0.1644137931034483 0
0.5033557046979865 0.1746896551724137 0
0.5033557046979865 0.1849655172413793 0
0.5033557046979865 0.1952413793103448 0
0.5033557046979865 0.2055172413793103 0
0.5033557046979866 0.2157931034482758 0
0.5033557046979865 0.2260689655172413 0
0.5033557046979866 0.2363448275862068 0
0.5033557046979865 0.2466206896551723 0
0.5033557046979866 0.2568965517241379 0
0.5033557046979865 0.2671724137931034 0
0.5033557046979865 0.2774482758620689 0
0.5033557046979865 0.2877241379310346 0
0.5100671140939598 0.01027586206896547 0
0.5100671140939598 0.02055172413793108 0
0.5100671140939598 0.03082758620689653 0
0.5100671140939598 0.0411034482758621 0
0.5100671140939598 0.05137931034482765 0
0.5100671140939598 0.06165517241379313 0
0.5100671140939598 0.07193103448275864 0
0.5100671140939598 0.08220689655172417 0
0.5100671140939598 0.09248275862068968 0
0.5100671140939598 0.1027586206896552 0
0.5100671140939598 0.1130344827586207 0
0.5100671140939598 0.1233103448275862 0
0.5100671140939597 0.1335862068965517 0
0.5100671140939598 0.1438620689655172 0
0.5100671140939598 0.1541379310344828 0
0.5100671140939597 0.1644137931034483 0
0.5100671140939598 0.1746896551724137 0
0.5100671140939598 0.1849655172413793 0
0.5100671140939598 0.1952413793103448 0
0.5100671140939598 0.2055172413793103 0
0.5100671140939597 0.2157931034482758 0
0.5100671140939598 0.2260689655172413 0
0.5100671140939597 0.2363448275862068 0
0.5100671140939598 0.2466206896551723 0
0.5100671140939598 0.2568965517241379 0
0.5100671140939597 0.2671724137931034 0
0.5100671140939598 0.277448275862069 0
0.5100671140939597 0.2877241379310346 0
0.5167785234899329 0.01027586206896547 0
0.5167785234899329 0.02055172413793105 0
0.5167785234899329 0.03082758620689655 0
0.5167785234899329 0.04110344827586207 0
0.5167785234899329 0.05137931034482765 0
0.5167785234899329 0.06165517241379313 0
0.5167785234899329 0.07193103448275864 0
0.5167785234899329 0.08220689655172417 0
0.5167785234899329 0.09248275862068965 0
0.5167785234899329 0.1027586206896552 0
0.5167785234899329 0.1130344827586207 0
0.5167785234899329 0.1233103448275862 0
0.5167785234899329 0.1335862068965517 0
0.5167785234899329 0.1438620689655172 0
0.5167785234899329 0.1541379310344828 0
0.5167785234899329 0.1644137931034483 0
0.5167785234899329 0.1746896551724137 0
0.5167785234899329 0.1849655172413793 0
0.5167785234899329 0.1952413793103448 0
0.5167785234899329 0.2055172413793103 0
0.5167785234899329 0.2157931034482758 0
0.5167785234899329 0.2260689655172413 0
0.5167785234899329 0.2363448275862068 0
0.5167785234899329 0.2466206896551723 0
0.5167785234899329 0.2568965517241379 0
0.5167785234899329 0.2671724137931034 0
0.5167785234899329 0.277448275862069 0
0.5167785234899329 0.2877241379310346 0
0.5234899328859061 0.01027586206896547 0
0.5234899328859061 0.02055172413793105 0
0.5234899328859061 0.03082758620689653 0
0.5234899328859061 0.04110344827586208 0
0.5234899328859061 0.05137931034482765 0
0.5234899328859061 0.06165517241379313 0
0.5234899328859061 0.07193103448275864 0
0.5234899328859061 0.08220689655172417 0
0.5234899328859061 0.09248275862068965 0
0.5234899328859061 0.1027586206896552 0
0.5234899328859061 0.1130344827586207 0
0.5234899328859061 0.1233103448275862 0
0.5234899328859061 0.1335862068965517 0
0.5234899328859061 0.1438620689655172 0
0.5234899328859061 0.1541379310344828 0
0.5234899328859061 0.1644137931034483 0
0.5234899328859061 0.1746896551724137 0
0.5234899328859061 0.1849655172413793 0
0.5234899328859061 0.1952413793103448 0
0.5234899328859061 0.2055172413793103 0
0.5234899328859061 0.2157931034482758 0
0.5234899328859061 0.2260689655172413 0
0.5234899328859061 0.2363448275862068 0
0.5234899328859061 0.2466206896551723 0
0.5234899328859061 0.2568965517241379 0
0.5234899328859061 0.2671724137931034 0
0.5234899328859061 0.2774482758620689 0
0.5234899328859061 0.2877241379310345 0
0.5302013422818792 0.01027586206896547 0
0.5302013422818792 0.02055172413793105 0
0.5302013422818792 0.03082758620689659 0
0.5302013422818792 0.04110344827586206 0
0.5302013422818792 0.05137931034482765 0
0.5302013422818792 0.06165517241379313 0
0.5302013422818792 0.07193103448275864 0
0.5302013422818792 0.08220689655172417 0
0.5302013422818792 0.09248275862068966 0
0.5302013422818792 0.1027586206896552 0
0.5302013422818792 0.1130344827586207 0
0.5302013422818792 0.1233103448275862 0
0.5302013422818792 0.1335862068965517 0
0.5302013422818792 0.1438620689655172 0
0.5302013422818792 0.1541379310344828 0
0.5302013422818792 0.1644137931034483 0
0.5302013422818792 0.1746896551724137 0
0.5302013422818792 0.1849655172413793 0
0.5302013422818792 0.1952413793103448 0
0.5302013422818792 0.2055172413793103 0
0.5302013422818792 0.2157931034482758 0
0.5302013422818792 0.2260689655172413 0
0.5302013422818792 0.2363448275862068 0
0.5302013422818792 0.2466206896551723 0
0.5302013422818792 0.2568965517241379 0
0.5302013422818792 0.2671724137931034 0
0.5302013422818792 0.277448275862069 0
0.5302013422818792 0.2877241379310346 0
0.5369127516778524 0.01027586206896547 0
0.5369127516778524 0.02055172413793108 0
0.5369127516778524 0.03082758620689655 0
0.5369127516778524 0.04110344827586208 0
0.5369127516778524 0.05137931034482765 0
0.5369127516778524 0.06165517241379315 0
0.5369127516778524 0.07193103448275864 0
0.5369127516778524 0.08220689655172417 0
0.5369127516778524 0.09248275862068966 0
0.5369127516778524 0.1027586206896552 0
0.5369127516778524 0.1130344827586207 0
0.5369127516778524 0.1233103448275862 0
0.5369127516778524 0.1335862068965517 0
0.5369127516778524 0.1438620689655172 0
0.5369127516778524 0.1541379310344828 0
0.5369127516778524 0.1644137931034483 0
0.5369127516778524 0.1746896551724137 0
0.5369127516778524 0.1849655172413793 0
0.5369127516778524 0.1952413793103448 0
0.5369127516778524 0.2055172413793103 0
0.5369127516778524 0.2157931034482758 0
0.5369127516778524 0.2260689655172413 0
0.5369127516778524 0.2363448275862068 0
0.5369127516778524 0.2466206896551723 0
0.5369127516778524 0.2568965517241379 0
0.5369127516778524 0.2671724137931034 0
0.5369127516778522 0.2774482758620689 0
0.5369127516778524 0.2877241379310346 0
0.5436241610738255 0.01027586206896547 0
0.5436241610738255 0.02055172413793108 0
0.5436241610738255 0.03082758620689655 0
0.5436241610738255 0.04110344827586208 0
0.5436241610738255 0.05137931034482765 0
0.5436241610738255 0.06165517241379315 0
0.5436241610738255 0.07193103448275864 0
0.5436241610738255 0.08220689655172417 0
0.5436241610738255 0.09248275862068965 0
0.5436241610738255 0.1027586206896552 0
0.5436241610738255 0.1130344827586207 0
0.5436241610738255 0.1233103448275862 0
0.5436241610738255 0.1335862068965517 0
0.5436241610738255 0.1438620689655172 0
0.5436241610738255 0.1541379310344828 0
0.5436241610738255 0.1644137931034483 0
0.5436241610738255 0.1746896551724137 0
0.5436241610738255 0.1849655172413793 0
0.5436241610738255 0.1952413793103448 0
0.5436241610738255 0.2055172413793103 0
0.5436241610738255 0.2157931034482758 0
0.5436241610738255 0.2260689655172413 0
0.5436241610738255 0.2363448275862068 0
0.5436241610738255 0.2466206896551723 0
0.5436241610738255 0.2568965517241379 0
0.5436241610738255 0.2671724137931034 0
0.5436241610738255 0.277448275862069 0
0.5436241610738255 0.2877241379310346 0
0.5503355704697986 0.01027586206896547 0
0.5503355704697986 0.02055172413793105 0
0.5503355704697986 0.03082758620689653 0
0.5503355704697986 0.04110344827586206 0
0.5503355704697986 0.05137931034482765 0
0.5503355704697986 0.06165517241379315 0
0.5503355704697986 0.07193103448275864 0
0.5503355704697986 0.08220689655172414 0
0.5503355704697986 0.09248275862068965 0
0.5503355704697986 0.1027586206896552 0
0.5503355704697986 0.1130344827586207 0
0.5503355704697986 0.1233103448275862 0
0.5503355704697986 0.1335862068965517 0
0.5503355704697986 0.1438620689655172 0
0.5503355704697986 0.1541379310344828 0
0.5503355704697986 0.1644137931034483 0
0.5503355704697986 0.1746896551724137 0
0.5503355704697986 0.1849655172413793 0
0.5503355704697986 0.1952413793103448 0
0.5503355704697986 0.2055172413793103 0
0.5503355704697986 0.2157931034482758 0
0.5503355704697986 0.2260689655172413 0
0.5503355704697986 0.2363448275862068 0
0.5503355704697986 0.2466206896551723 0
0.5503355704697986 0.2568965517241379 0
0.5503355704697986 0.2671724137931034 0
0.5503355704697986 0.277448275862069 0
0.5503355704697986 0.2877241379310345 0
0.5570469798657718 0.01027586206896552 0
0.5570469798657718 0.02055172413793105 0
0.5570469798657718 0.03082758620689653 0
0.5570469798657718 0.04110344827586206 0
0.5570469798657718 0.05137931034482762 0
0.5570469798657718 0.06165517241379313 0
0.5570469798657718 0.07193103448275864 0
0.5570469798657718 0.08220689655172414 0
0.5570469798657718 0.09248275862068965 0
0.5570469798657718 0.1027586206896552 0
0.5570469798657718 0.1130344827586207 0
0.5570469798657718 0.1233103448275862 0
0.5570469798657718 0.1335862068965517 0
0.5570469798657718 0.1438620689655172 0
0.5570469798657718 0.1541379310344827 0
0.5570469798657718 0.1644137931034483 0
0.5570469798657718 0.1746896551724137 0
0.5570469798657718 0.1849655172413793 0
0.5570469798657718 0.1952413793103448 0
0.5570469798657718 0.2055172413793103 0
0.5570469798657718 0.2157931034482758 0
0.5570469798657718 0.2260689655172413 0
0.5570469798657718 0.2363448275862068 0
0.5570469798657719 0.2466206896551723 0
0.5570469798657719 0.2568965517241379 0
0.5570469798657719 0.2671724137931034 0
0.5570469798657718 0.277448275862069 0
0.5570469798657719 0.2877241379310345 0
0.5637583892617449 0.01027586206896547 0
0.5637583892617449 0.02055172413793105 0
0.5637583892617449 0.03082758620689655 0
0.5637583892617449 0.04110344827586208 0
0.5637583892617449 0.05137931034482762 0
0.5637583892617449 0.06165517241379313 0
0.5637583892617449 0.07193103448275864 0
0.5637583892617449 0.08220689655172417 0
0.5637583892617449 0.09248275862068966 0
0.5637583892617449 0.1027586206896552 0
0.5637583892617449 0.1130344827586207 0
0.563758389261745 0.1233103448275862 0
0.5637583892617449 0.1335862068965517 0
0.5637583892617449 0.1438620689655172 0
0.5637583892617449 0.1541379310344827 0
0.5637583892617449 0.1644137931034483 0
0.5637583892617449 0.1746896551724137 0
0.5637583892617449 0.1849655172413793 0
0.5637583892617449 0.1952413793103448 0
0.563758389261745 0.2055172413793103 0
0.563758389261745 0.2157931034482758 0
0.5637583892617449 0.2260689655172413 0
0.5637583892617449 0.2363448275862068 0
0.563758389261745 0.2466206896551723 0
0.563758389261745 0.2568965517241379 0
0.5637583892617449 0.2671724137931034 0
0.563758389261745 0.2774482758620689 0
0.563758389261745 0.2877241379310345 0
0.5704697986577181 0.01027586206896547 0
0.5704697986577181 0.02055172413793105 0
0.5704697986577181 0.03082758620689653 0
0.5704697986577181 0.04110344827586208 0
0.5704697986577181 0.05137931034482766 0
0.5704697986577181 0.06165517241379313 0
0.5704697986577181 0.07193103448275864 0
0.5704697986577181 0.08220689655172414 0
0.5704697986577181 0.09248275862068964 0
0.5704697986577181 0.1027586206896552 0
0.5704697986577181 0.1130344827586207 0
0.5704697986577181 0.1233103448275862 0
0.5704697986577181 0.1335862068965517 0
0.5704697986577181 0.1438620689655172 0
0.5704697986577181 0.1541379310344827 0
0.5704697986577181 0.1644137931034483 0
0.5704697986577181 0.1746896551724137 0
0.5704697986577181 0.1849655172413793 0
0.5704697986577181 0.1952413793103448 0
0.5704697986577182 0.2055172413793103 0
0.5704697986577182 0.2157931034482758 0
0.5704697986577181 0.2260689655172413 0
0.5704697986577182 0.2363448275862068 0
0.5704697986577182 0.2466206896551723 0
0.5704697986577181 0.2568965517241379 0
0.5704697986577182 0.2671724137931034 0
0.5704697986577181 0.2774482758620689 0
0.5704697986577182 0.2877241379310346 0
0.5771812080536912 0.01027586206896547 0
0.5771812080536912 0.02055172413793105 0
0.5771812080536912 0.03082758620689653 0
0.5771812080536912 0.04110344827586206 0
0.5771812080536912 0.05137931034482765 0
0.5771812080536912 0.06165517241379313 0
0.5771812080536912 0.07193103448275864 0
0.5771812080536912 0.08220689655172414 0
0.5771812080536912 0.09248275862068964 0
0.5771812080536912 0.1027586206896552 0
0.5771812080536912 0.1130344827586207 0
0.5771812080536912 0.1233103448275862 0
0.5771812080536912 0.1335862068965517 0
0.5771812080536912 0.1438620689655172 0
0.5771812080536912 0.1541379310344828 0
0.5771812080536912 0.1644137931034483 0
0.5771812080536912 0.1746896551724137 0
0.5771812080536912 0.1849655172413793 0
0.5771812080536912 0.1952413793103448 0
0.5771812080536912 0.2055172413793103 0
0.5771812080536913 0.2157931034482758 0
0.5771812080536913 0.2260689655172413 0
0.5771812080536913 0.2363448275862068 0
0.5771812080536913 0.2466206896551723 0
0.5771812080536912 0.2568965517241379 0
0.5771812080536913 0.2671724137931034 0
0.5771812080536913 0.2774482758620689 0
0.5771812080536913 0.2877241379310346 0
0.5838926174496644 0.01027586206896547 0
0.5838926174496644 0.02055172413793105 0
0.5838926174496644 0.03082758620689653 0
0.5838926174496644 0.04110344827586206 0
0.5838926174496644 0.05137931034482764 0
0.5838926174496644 0.06165517241379313 0
0.5838926174496644 0.07193103448275863 0
0.5838926174496644 0.08220689655172414 0
0.5838926174496644 0.09248275862068965 0
0.5838926174496644 0.1027586206896552 0
0.5838926174496645 0.1130344827586207 0
0.5838926174496644 0.1233103448275862 0
0.5838926174496644 0.1335862068965517 0
0.5838926174496644 0.1438620689655172 0
0.5838926174496644 0.1541379310344827 0
0.5838926174496644 0.1644137931034482 0
0.5838926174496644 0.1746896551724137 0
0.5838926174496644 0.1849655172413793 0
0.5838926174496644 0.1952413793103448 0
0.5838926174496644 0.2055172413793103 0
0.5838926174496644 0.2157931034482758 0
0.5838926174496644 0.2260689655172413 0
0.5838926174496644 0.2363448275862068 0
0.5838926174496644 0.2466206896551723 0
0.5838926174496645 0.2568965517241379 0
0.5838926174496645 0.2671724137931034 0
0.5838926174496644 0.277448275862069 0
0.5838926174496645 0.2877241379310345 0
0.5906040268456376 0.01027586206896547 0
0.5906040268456376 0.02055172413793108 0
0.5906040268456376 0.03082758620689653 0
0.5906040268456376 0.0411034482758621 0
0.5906040268456376 0.05137931034482762 0
0.5906040268456376 0.06165517241379313 0
0.5906040268456376 0.07193103448275864 0
0.5906040268456376 0.08220689655172414 0
0.5906040268456376 0.09248275862068964 0
0.5906040268456376 0.1027586206896552 0
0.5906040268456376 0.1130344827586207 0
0.5906040268456376 0.1233103448275862 0
0.5906040268456376 0.1335862068965517 0
0.5906040268456376 0.1438620689655172 0
0.5906040268456376 0.1541379310344828 0
0.5906040268456376 0.1644137931034483 0
0.5906040268456376 0.1746896551724137 0
0.5906040268456376 0.1849655172413793 0
0.5906040268456376 0.1952413793103448 0
0.5906040268456376 0.2055172413793103 0
0.5906040268456376 0.2157931034482758 0
0.5906040268456376 0.2260689655172413 0
0.5906040268456376 0.2363448275862068 0
0.5906040268456376 0.2466206896551723 0
0.5906040268456376 0.2568965517241379 0
0.5906040268456376 0.2671724137931034 0
0.5906040268456376 0.277448275862069 0
0.5906040268456376 0.2877241379310345 0
0.5973154362416108 0.01027586206896547 0
0.5973154362416108 0.02055172413793105 0
0.5973154362416108 0.03082758620689655 0
0.5973154362416108 0.04110344827586207 0
0.5973154362416108 0.05137931034482762 0
0.5973154362416108 0.06165517241379313 0
0.5973154362416108 0.07193103448275864 0
0.5973154362416108 0.08220689655172414 0
0.5973154362416108 0.09248275862068965 0
0.5973154362416108 0.1027586206896552 0
0.5973154362416108 0.1130344827586207 0
0.5973154362416108 0.1233103448275862 0
0.5973154362416108 0.1335862068965517 0
0.5973154362416108 0.1438620689655172 0
0.5973154362416108 0.1541379310344827 0
0.5973154362416108 0.1644137931034482 0
0.5973154362416108 0.1746896551724137 0
0.5973154362416108 0.1849655172413793 0
0.5973154362416108 0.1952413793103448 0
0.5973154362416108 0.2055172413793103 0
0.5973154362416108 0.2157931034482758 0
0.5973154362416108 0.2260689655172413 0
0.5973154362416108 0.2363448275862068 0
0.5973154362416108 0.2466206896551723 0
0.5973154362416108 0.2568965517241379 0
0.5973154362416108 0.2671724137931034 0
0.5973154362416108 0.2774482758620689 0
0.5973154362416108 0.2877241379310345 0
0.6040268456375839 0.01027586206896547 0
0.6040268456375839 0.02055172413793108 0
0.6040268456375839 0.03082758620689653 0
0.6040268456375839 0.04110344827586204 0
0.6040268456375839 0.05137931034482764 0
0.6040268456375839 0.06165517241379312 0
0.6040268456375839 0.07193103448275864 0
0.6040268456375839 0.08220689655172414 0
0.6040268456375839 0.09248275862068964 0
0.6040268456375839 0.1027586206896552 0
0.6040268456375839 0.1130344827586207 0
0.6040268456375839 0.1233103448275862 0
0.6040268456375839 0.1335862068965517 0
0.6040268456375839 0.1438620689655172 0
0.6040268456375839 0.1541379310344828 0
0.6040268456375839 0.1644137931034483 0
0.6040268456375839 0.1746896551724137 0
0.6040268456375839 0.1849655172413792 0
0.6040268456375839 0.1952413793103448 0
0.6040268456375839 0.2055172413793103 0
0.6040268456375839 0.2157931034482758 0
0.6040268456375839 0.2260689655172413 0
0.6040268456375839 0.2363448275862068 0
0.6040268456375839 0.2466206896551723 0
0.6040268456375839 0.2568965517241379 0
0.6040268456375839 0.2671724137931034 0
0.6040268456375839 0.277448275862069 0
0.6040268456375839 0.2877241379310345 0
0.6107382550335571 0.01027586206896547 0
0.6107382550335571 0.02055172413793108 0
0.6107382550335571 0.03082758620689655 0
0.6107382550335571 0.04110344827586207 0
0.6107382550335571 0.05137931034482762 0
0.6107382550335571 0.06165517241379312 0
0.6107382550335571 0.07193103448275864 0
0.6107382550335571 0.08220689655172414 0
0.6107382550335571 0.09248275862068964 0
0.6107382550335571 0.1027586206896552 0
0.6107382550335571 0.1130344827586207 0
0.6107382550335571 0.1233103448275862 0
0.6107382550335571 0.1335862068965517 0
0.6107382550335571 0.1438620689655172 0
0.6107382550335571 0.1541379310344828 0
0.6107382550335571 0.1644137931034482 0
0.6107382550335571 0.1746896551724137 0
0.6107382550335571 0.1849655172413792 0
0.6107382550335571 0.1952413793103448 0
0.6107382550335571 0.2055172413793103 0
0.6107382550335571 0.2157931034482758 0
0.6107382550335572 0.2260689655172413 0
0.6107382550335571 0.2363448275862068 0
0.6107382550335571 0.2466206896551723 0
0.6107382550335571 0.2568965517241378 0
0.6107382550335571 0.2671724137931034 0
0.6107382550335571 0.2774482758620689 0
0.6107382550335571 0.2877241379310346 0
0.6174496644295302 0.01027586206896547 0
0.6174496644295302 0.02055172413793108 0
0.6174496644295302 0.03082758620689653 0
0.6174496644295302 0.04110344827586207 0
0.6174496644295302 0.05137931034482764 0
0.6174496644295302 0.06165517241379311 0
0.6174496644295302 0.07193103448275866 0
0.6174496644295302 0.08220689655172414 0
0.6174496644295302 0.09248275862068965 0
0.6174496644295302 0.1027586206896552 0
0.6174496644295302 0.1130344827586207 0
0.6174496644295302 0.1233103448275862 0
0.6174496644295302 0.1335862068965517 0
0.6174496644295302 0.1438620689655172 0
0.6174496644295302 0.1541379310344828 0
0.6174496644295302 0.1644137931034482 0
0.6174496644295302 0.1746896551724137 0
0.6174496644295302 0.1849655172413793 0
0.6174496644295302 0.1952413793103448 0
0.6174496644295302 0.2055172413793103 0
0.6174496644295302 0.2157931034482758 0
0.6174496644295302 0.2260689655172413 0
0.6174496644295302 0.2363448275862068 0
0.6174496644295302 0.2466206896551723 0
0.6174496644295302 0.2568965517241379 0
0.6174496644295302 0.2671724137931034 0
0.6174496644295302 0.277448275862069 0
0.6174496644295302 0.2877241379310346 0
0.6241610738255033 0.0102758620689655 0
0.6241610738255033 0.02055172413793108 0
0.6241610738255033 0.03082758620689655 0
0.6241610738255033 0.0411034482758621 0
0.6241610738255033 0.05137931034482759 0
0.6241610738255033 0.06165517241379312 0
0.6241610738255033 0.07193103448275864 0
0.6241610738255033 0.08220689655172414 0
0.6241610738255033 0.09248275862068964 0
0.6241610738255033 0.1027586206896552 0
0.6241610738255033 0.1130344827586207 0
0.6241610738255033 0.1233103448275862 0
0.6241610738255033 0.1335862068965517 0
0.6241610738255033 0.1438620689655172 0
0.6241610738255033 0.1541379310344827 0
0.6241610738255033 0.1644137931034482 0
0.6241610738255033 0.1746896551724137 0
0.6241610738255033 0.1849655172413793 0
0.6241610738255033 0.1952413793103448 0
0.6241610738255033 0.2055172413793103 0
0.6241610738255033 0.2157931034482758 0
0.6241610738255033 0.2260689655172413 0
0.6241610738255033 0.2363448275862068 0
0.6241610738255033 0.2466206896551723 0
0.6241610738255032 0.2568965517241379 0
0.6241610738255033 0.2671724137931034 0
0.6241610738255033 0.277448275862069 0
0.6241610738255033 0.2877241379310345 0
0.6308724832214765 0.01027586206896547 0
0.6308724832214765 0.0205517241379311 0
0.6308724832214765 0.03082758620689653 0
0.6308724832214765 0.04110344827586207 0
0.6308724832214765 0.05137931034482762 0
0.6308724832214765 0.06165517241379311 0
0.6308724832214765 0.07193103448275864 0
0.6308724832214765 0.08220689655172414 0
0.6308724832214765 0.09248275862068965 0
0.6308724832214765 0.1027586206896552 0
0.6308724832214765 0.1130344827586207 0
0.6308724832214765 0.1233103448275862 0
0.6308724832214765 0.1335862068965517 0
0.6308724832214765 0.1438620689655172 0
0.6308724832214765 0.1541379310344828 0
0.6308724832214765 0.1644137931034483 0
0.6308724832214765 0.1746896551724137 0
0.6308724832214765 0.1849655172413793 0
0.6308724832214765 0.1952413793103448 0
0.6308724832214765 0.2055172413793103 0
0.6308724832214765 0.2157931034482758 0
0.6308724832214765 0.2260689655172413 0
0.6308724832214766 0.2363448275862068 0
0.6308724832214765 0.2466206896551723 0
0.6308724832214765 0.2568965517241379 0
0.6308724832214765 0.2671724137931034 0
0.6308724832214765 0.2774482758620689 0
0.6308724832214765 0.2877241379310345 0
0.6375838926174497 0.01027586206896544 0
0.6375838926174496 0.02055172413793108 0
0.6375838926174496 0.03082758620689653 0
0.6375838926174496 0.04110344827586208 0
0.6375838926174496 0.05137931034482762 0
0.6375838926174496 0.06165517241379309 0
0.6375838926174496 0.07193103448275866 0
0.6375838926174496 0.08220689655172415 0
0.6375838926174496 0.09248275862068965 0
0.6375838926174496 0.1027586206896552 0
0.6375838926174497 0.1130344827586207 0
0.6375838926174497 0.1233103448275862 0
0.6375838926174496 0.1335862068965517 0
0.6375838926174496 0.1438620689655172 0
0.6375838926174496 0.1541379310344827 0
0.6375838926174497 0.1644137931034482 0
0.6375838926174496 0.1746896551724137 0
0.6375838926174497 0.1849655172413793 0
0.6375838926174497 0.1952413793103448 0
0.6375838926174496 0.2055172413793103 0
0.6375838926174496 0.2157931034482758 0
0.6375838926174496 0.2260689655172413 0
0.6375838926174497 0.2363448275862068 0
0.6375838926174497 0.2466206896551723 0
0.6375838926174497 0.2568965517241379 0
0.6375838926174496 0.2671724137931034 0
0.6375838926174497 0.2774482758620689 0
0.6375838926174497 0.2877241379310345 0
0.6442953020134228 0.01027586206896547 0
0.6442953020134228 0.02055172413793108 0
0.6442953020134228 0.03082758620689653 0
0.6442953020134228 0.04110344827586208 0
0.6442953020134228 0.05137931034482762 0
0.6442953020134228 0.06165517241379309 0
0.6442953020134228 0.07193103448275864 0
0.6442953020134228 0.08220689655172414 0
0.6442953020134228 0.09248275862068964 0
0.6442953020134228 0.1027586206896552 0
0.6442953020134228 0.1130344827586207 0
0.6442953020134228 0.1233103448275862 0
0.6442953020134228 0.1335862068965517 0
0.6442953020134228 0.1438620689655172 0
0.6442953020134228 0.1541379310344828 0
0.6442953020134228 0.1644137931034482 0
0.6442953020134228 0.1746896551724137 0
0.6442953020134228 0.1849655172413793 0
0.6442953020134228 0.1952413793103448 0
0.6442953020134228 0.2055172413793103 0
0.6442953020134228 0.2157931034482758 0
0.6442953020134228 0.2260689655172413 0
0.6442953020134228 0.2363448275862068 0
0.6442953020134228 0.2466206896551723 0
0.6442953020134228 0.2568965517241379 0
0.6442953020134229 0.2671724137931034 0
0.6442953020134229 0.277448275862069 0
0.6442953020134228 0.2877241379310345 0
0.651006711409396 0.01027586206896547 0
0.6510067114093959 0.02055172413793105 0
0.651006711409396 0.03082758620689653 0
0.6510067114093959 0.04110344827586206 0
0.6510067114093959 0.05137931034482759 0
0.6510067114093959 0.06165517241379311 0
0.6510067114093959 0.07193103448275866 0
0.6510067114093959 0.08220689655172414 0
0.6510067114093959 0.09248275862068964 0
0.6510067114093959 0.1027586206896552 0
0.6510067114093959 0.1130344827586207 0
0.651006711409396 0.1233103448275862 0
0.6510067114093959 0.1335862068965517 0
0.6510067114093959 0.1438620689655172 0
0.6510067114093959 0.1541379310344827 0
0.6510067114093959 0.1644137931034482 0
0.651006711409396 0.1746896551724137 0
0.651006711409396 0.1849655172413792 0
0.6510067114093959 0.1952413793103448 0
0.651006711409396 0.2055172413793103 0
0.6510067114093959 0.2157931034482758 0
0.651006711409396 0.2260689655172413 0
0.6510067114093959 0.2363448275862068 0
0.651006711409396 0.2466206896551723 0
0.6510067114093959 0.2568965517241378 0
0.6510067114093959 0.2671724137931034 0
0.651006711409396 0.277448275862069 0
0.651006711409396 0.2877241379310346 0
0.6577181208053691 0.01027586206896547 0
0.6577181208053691 0.0205517241379311 0
0.6577181208053691 0.03082758620689655 0
0.6577181208053691 0.04110344827586206 0
0.6577181208053691 0.05137931034482762 0
0.6577181208053691 0.06165517241379311 0
0.6577181208053691 0.07193103448275864 0
0.6577181208053691 0.08220689655172414 0
0.6577181208053691 0.09248275862068966 0
0.6577181208053691 0.1027586206896552 0
0.6577181208053691 0.1130344827586207 0
0.6577181208053691 0.1233103448275862 0
0.6577181208053691 0.1335862068965517 0
0.6577181208053691 0.1438620689655172 0
0.6577181208053691 0.1541379310344827 0
0.6577181208053691 0.1644137931034483 0
0.6577181208053691 0.1746896551724137 0
0.6577181208053691 0.1849655172413792 0
0.6577181208053691 0.1952413793103448 0
0.6577181208053691 0.2055172413793103 0
0.6577181208053691 0.2157931034482758 0
0.6577181208053692 0.2260689655172413 0
0.6577181208053691 0.2363448275862068 0
0.6577181208053691 0.2466206896551723 0
0.6577181208053691 0.2568965517241378 0
0.6577181208053692 0.2671724137931034 0
0.6577181208053692 0.277448275862069 0
0.6577181208053691 0.2877241379310345 0
0.6644295302013423 0.01027586206896547 0
0.6644295302013423 0.02055172413793108 0
0.6644295302013423 0.03082758620689653 0
0.6644295302013423 0.04110344827586208 0
0.6644295302013423 0.05137931034482762 0
0.6644295302013423 0.06165517241379311 0
0.6644295302013423 0.07193103448275862 0
0.6644295302013423 0.08220689655172414 0
0.6644295302013423 0.09248275862068966 0
0.6644295302013423 0.1027586206896552 0
0.6644295302013423 0.1130344827586207 0
0.6644295302013423 0.1233103448275862 0
0.6644295302013423 0.1335862068965517 0
0.6644295302013423 0.1438620689655172 0
0.6644295302013423 0.1541379310344827 0
0.6644295302013423 0.1644137931034483 0
0.6644295302013423 0.1746896551724137 0
0.6644295302013423 0.1849655172413792 0
0.6644295302013423 0.1952413793103448 0
0.6644295302013423 0.2055172413793103 0
0.6644295302013423 0.2157931034482758 0
0.6644295302013423 0.2260689655172413 0
0.6644295302013423 0.2363448275862068 0
0.6644295302013422 0.2466206896551723 0
0.6644295302013423 0.2568965517241379 0
0.6644295302013423 0.2671724137931034 0
0.6644295302013423 0.277448275862069 0
0.6644295302013422 0.2877241379310345 0
0.6711409395973155 0.01027586206896547 0
0.6711409395973155 0.02055172413793108 0
0.6711409395973155 0.03082758620689655 0
0.6711409395973155 0.04110344827586206 0
0.6711409395973155 0.05137931034482762 0
0.6711409395973154 0.06165517241379312 0
0.6711409395973155 0.07193103448275864 0
0.6711409395973155 0.08220689655172414 0
0.6711409395973155 0.09248275862068965 0
0.6711409395973155 0.1027586206896552 0
0.6711409395973155 0.1130344827586206 0
0.6711409395973155 0.1233103448275862 0
0.6711409395973155 0.1335862068965517 0
0.6711409395973155 0.1438620689655172 0
0.6711409395973155 0.1541379310344827 0
0.6711409395973155 0.1644137931034482 0
0.6711409395973155 0.1746896551724137 0
0.6711409395973155 0.1849655172413792 0
0.6711409395973155 0.1952413793103448 0
0.6711409395973155 0.2055172413793103 0
0.6711409395973155 0.2157931034482758 0
0.6711409395973155 0.2260689655172413 0
0.6711409395973155 0.2363448275862068 0
0.6711409395973155 0.2466206896551723 0
0.6711409395973155 0.2568965517241379 0
0.6711409395973155 0.2671724137931034 0
0.6711409395973155 0.277448275862069 0
0.6711409395973155 0.2877241379310345 0
0.6778523489932886 0.01027586206896547 0
0.6778523489932886 0.02055172413793105 0
0.6778523489932886 0.03082758620689653 0
0.6778523489932886 0.04110344827586203 0
0.6778523489932886 0.05137931034482762 0
0.6778523489932886 0.06165517241379311 0
0.6778523489932886 0.07193103448275866 0
0.6778523489932886 0.08220689655172414 0
0.6778523489932886 0.09248275862068964 0
0.6778523489932886 0.1027586206896552 0
0.6778523489932886 0.1130344827586207 0
0.6778523489932886 0.1233103448275862 0
0.6778523489932886 0.1335862068965517 0
0.6778523489932886 0.1438620689655172 0
0.6778523489932886 0.1541379310344827 0
0.6778523489932886 0.1644137931034483 0
0.6778523489932886 0.1746896551724137 0
0.6778523489932886 0.1849655172413792 0
0.6778523489932886 0.1952413793103448 0
0.6778523489932886 0.2055172413793103 0
0.6778523489932886 0.2157931034482758 0
0.6778523489932886 0.2260689655172413 0
0.6778523489932886 0.2363448275862068 0
0.6778523489932886 0.2466206896551723 0
0.6778523489932886 0.2568965517241378 0
0.6778523489932886 0.2671724137931034 0
0.6778523489932886 0.277448275862069 0
0.6778523489932886 0.2877241379310345 0
0.6845637583892618 0.01027586206896547 0
0.6845637583892618 0.02055172413793105 0
0.6845637583892618 0.03082758620689655 0
0.6845637583892616 0.04110344827586208 0
0.6845637583892618 0.05137931034482764 0
0.6845637583892618 0.06165517241379312 0
0.6845637583892619 0.07193103448275862 0
0.6845637583892618 0.08220689655172413 0
0.6845637583892616 0.09248275862068966 0
0.6845637583892618 0.1027586206896552 0
0.6845637583892618 0.1130344827586207 0
0.6845637583892618 0.1233103448275862 0
0.6845637583892618 0.1335862068965517 0
0.6845637583892618 0.1438620689655172 0
0.6845637583892618 0.1541379310344828 0
0.6845637583892618 0.1644137931034482 0
0.6845637583892618 0.1746896551724137 0
0.6845637583892618 0.1849655172413792 0
0.6845637583892618 0.1952413793103447 0
0.6845637583892618 0.2055172413793103 0
0.6845637583892618 0.2157931034482758 0
0.6845637583892618 0.2260689655172413 0
0.6845637583892618 0.2363448275862068 0
0.6845637583892618 0.2466206896551723 0
0.6845637583892618 0.2568965517241379 0
0.6845637583892618 0.2671724137931034 0
0.6845637583892618 0.277448275862069 0
0.6845637583892618 0.2877241379310346 0
0.6912751677852349 0.01027586206896547 0
0.6912751677852349 0.02055172413793105 0
0.6912751677852349 0.03082758620689653 0
0.6912751677852349 0.04110344827586207 0
0.6912751677852349 0.05137931034482762 0
0.6912751677852349 0.06165517241379311 0
0.6912751677852349 0.07193103448275862 0
0.6912751677852349 0.08220689655172414 0
0.6912751677852349 0.09248275862068966 0
0.6912751677852349 0.1027586206896552 0
0.6912751677852349 0.1130344827586206 0
0.6912751677852349 0.1233103448275862 0
0.6912751677852349 0.1335862068965517 0
0.6912751677852349 0.1438620689655172 0
0.6912751677852349 0.1541379310344827 0
0.6912751677852349 0.1644137931034483 0
0.6912751677852349 0.1746896551724137 0
0.6912751677852349 0.1849655172413792 0
0.6912751677852349 0.1952413793103447 0
0.6912751677852349 0.2055172413793103 0
0.6912751677852349 0.2157931034482758 0
0.6912751677852349 0.2260689655172413 0
0.6912751677852349 0.2363448275862068 0
0.6912751677852349 0.2466206896551723 0
0.6912751677852349 0.2568965517241379 0
0.6912751677852349 0.2671724137931034 0
0.6912751677852349 0.277448275862069 0
0.6912751677852349 0.2877241379310345 0
0.697986577181208 0.01027586206896547 0
0.6979865771812079 0.02055172413793105 0
0.6979865771812079 0.03082758620689653 0
0.697986577181208 0.04110344827586204 0
0.6979865771812079 0.05137931034482761 0
0.6979865771812082 0.06165517241379309 0
0.6979865771812079 0.07193103448275862 0
0.697986577181208 0.08220689655172414 0
0.697986577181208 0.09248275862068966 0
0.697986577181208 0.1027586206896552 0
0.697986577181208 0.1130344827586207 0
0.697986577181208 0.1233103448275862 0
0.697986577181208 0.1335862068965517 0
0.697986577181208 0.1438620689655172 0
0.697986577181208 0.1541379310344828 0
0.697986577181208 0.1644137931034482 0
0.697986577181208 0.1746896551724137 0
0.697986577181208 0.1849655172413792 0
0.697986577181208 0.1952413793103448 0
0.697986577181208 0.2055172413793103 0
0.697986577181208 0.2157931034482758 0
0.697986577181208 0.2260689655172413 0
0.6979865771812082 0.2363448275862068 0
0.697986577181208 0.2466206896551723 0
0.697986577181208 0.2568965517241378 0
0.697986577181208 0.2671724137931034 0
0.697986577181208 0.2774482758620689 0
0.697986577181208 0.2877241379310345 0
0.7046979865771812 0.01027586206896547 0
0.7046979865771812 0.02055172413793105 0
0.7046979865771812 0.03082758620689653 0
0.7046979865771812 0.04110344827586204 0
0.7046979865771812 0.05137931034482764 0
0.7046979865771812 0.06165517241379311 0
0.7046979865771812 0.07193103448275862 0
0.7046979865771812 0.08220689655172414 0
0.7046979865771812 0.09248275862068965 0
0.7046979865771812 0.1027586206896552 0
0.7046979865771812 0.1130344827586207 0
0.7046979865771812 0.1233103448275862 0
0.7046979865771812 0.1335862068965517 0
0.7046979865771812 0.1438620689655172 0
0.7046979865771812 0.1541379310344827 0
0.7046979865771812 0.1644137931034482 0
0.7046979865771812 0.1746896551724137 0
0.7046979865771812 0.1849655172413792 0
0.7046979865771812 0.1952413793103448 0
0.7046979865771812 0.2055172413793103 0
0.7046979865771812 0.2157931034482758 0
0.7046979865771812 0.2260689655172413 0
0.7046979865771812 0.2363448275862068 0
0.7046979865771812 0.2466206896551723 0
0.7046979865771812 0.2568965517241378 0
0.7046979865771812 0.2671724137931034 0
0.7046979865771812 0.2774482758620689 0
0.7046979865771812 0.2877241379310345 0
0.7114093959731543 0.01027586206896547 0
0.7114093959731542 0.02055172413793105 0
0.7114093959731543 0.03082758620689653 0
0.7114093959731543 0.04110344827586206 0
0.7114093959731543 0.05137931034482762 0
0.7114093959731543 0.06165517241379311 0
0.7114093959731542 0.07193103448275863 0
0.7114093959731543 0.08220689655172414 0
0.7114093959731543 0.09248275862068965 0
0.7114093959731543 0.1027586206896552 0
0.7114093959731543 0.1130344827586207 0
0.7114093959731543 0.1233103448275862 0
0.7114093959731543 0.1335862068965517 0
0.7114093959731543 0.1438620689655172 0
0.7114093959731544 0.1541379310344827 0
0.7114093959731543 0.1644137931034482 0
0.7114093959731544 0.1746896551724137 0
0.7114093959731543 0.1849655172413792 0
0.7114093959731544 0.1952413793103448 0
0.7114093959731544 0.2055172413793103 0
0.7114093959731543 0.2157931034482758 0
0.7114093959731544 0.2260689655172413 0
0.7114093959731543 0.2363448275862068 0
0.7114093959731543 0.2466206896551723 0
0.7114093959731543 0.2568965517241379 0
0.7114093959731543 0.2671724137931034 0
0.7114093959731543 0.2774482758620689 0
0.7114093959731544 0.2877241379310345 0
0.7181208053691275 0.01027586206896547 0
0.7181208053691275 0.02055172413793105 0
0.7181208053691275 0.03082758620689655 0
0.7181208053691275 0.04110344827586207 0
0.7181208053691275 0.05137931034482764 0
0.7181208053691275 0.06165517241379306 0
0.7181208053691275 0.07193103448275862 0
0.7181208053691275 0.08220689655172414 0
0.7181208053691275 0.09248275862068966 0
0.7181208053691275 0.1027586206896552 0
0.7181208053691275 0.1130344827586207 0
0.7181208053691275 0.1233103448275862 0
0.7181208053691275 0.1335862068965517 0
0.7181208053691275 0.1438620689655172 0
0.7181208053691275 0.1541379310344827 0
0.7181208053691275 0.1644137931034482 0
0.7181208053691275 0.1746896551724137 0
0.7181208053691276 0.1849655172413792 0
0.7181208053691275 0.1952413793103447 0
0.7181208053691275 0.2055172413793103 0
0.7181208053691275 0.2157931034482758 0
0.7181208053691275 0.2260689655172413 0
0.7181208053691275 0.2363448275862068 0
0.7181208053691276 0.2466206896551723 0
0.7181208053691275 0.2568965517241378 0
0.7181208053691276 0.2671724137931034 0
0.7181208053691275 0.2774482758620689 0
0.7181208053691275 0.2877241379310345 0
0.7248322147651006 0.01027586206896547 0
0.7248322147651006 0.02055172413793105 0
0.7248322147651006 0.03082758620689653 0
0.7248322147651007 0.04110344827586203 0
0.7248322147651006 0.05137931034482762 0
0.7248322147651006 0.06165517241379309 0
0.7248322147651007 0.07193103448275862 0
0.7248322147651006 0.08220689655172414 0
0.7248322147651007 0.09248275862068965 0
0.7248322147651006 0.1027586206896552 0
0.7248322147651007 0.1130344827586207 0
0.7248322147651006 0.1233103448275862 0
0.7248322147651007 0.1335862068965517 0
0.7248322147651006 0.1438620689655172 0
0.7248322147651007 0.1541379310344827 0
0.7248322147651006 0.1644137931034482 0
0.7248322147651006 0.1746896551724137 0
0.7248322147651006 0.1849655172413792 0
0.7248322147651007 0.1952413793103447 0
0.7248322147651006 0.2055172413793103 0
0.7248322147651007 0.2157931034482758 0
0.7248322147651007 0.2260689655172413 0
0.7248322147651006 0.2363448275862068 0
0.7248322147651006 0.2466206896551723 0
0.7248322147651006 0.2568965517241378 0
0.7248322147651007 0.2671724137931034 0
0.7248322147651006 0.2774482758620689 0
0.7248322147651007 0.2877241379310345 0
0.7315436241610738 0.01027586206896547 0
0.7315436241610738 0.02055172413793108 0
0.7315436241610738 0.03082758620689655 0
0.7315436241610739 0.04110344827586203 0
0.7315436241610738 0.05137931034482762 0
0.7315436241610738 0.06165517241379308 0
0.7315436241610738 0.07193103448275863 0
0.7315436241610738 0.08220689655172413 0
0.7315436241610738 0.09248275862068966 0
0.7315436241610738 0.1027586206896552 0
0.7315436241610738 0.1130344827586207 0
0.7315436241610738 0.1233103448275862 0
0.7315436241610738 0.1335862068965517 0
0.7315436241610738 0.1438620689655172 0
0.7315436241610738 0.1541379310344827 0
0.7315436241610738 0.1644137931034482 0
0.7315436241610738 0.1746896551724137 0
0.7315436241610738 0.1849655172413792 0
0.7315436241610738 0.1952413793103447 0
0.7315436241610738 0.2055172413793103 0
0.7315436241610739 0.2157931034482758 0
0.7315436241610738 0.2260689655172413 0
0.7315436241610738 0.2363448275862068 0
0.7315436241610738 0.2466206896551723 0
0.7315436241610738 0.2568965517241379 0
0.7315436241610738 0.2671724137931034 0
0.7315436241610738 0.2774482758620689 0
0.7315436241610738 0.2877241379310345 0
0.7382550335570469 0.01027586206896547 0
0.7382550335570469 0.02055172413793105 0
0.7382550335570469 0.03082758620689653 0
0.738255033557047 0.04110344827586203 0
0.7382550335570469 0.05137931034482762 0
0.7382550335570469 0.06165517241379311 0
0.7382550335570469 0.07193103448275862 0
0.738255033557047 0.08220689655172414 0
0.7382550335570469 0.09248275862068964 0
0.7382550335570469 0.1027586206896552 0
0.7382550335570469 0.1130344827586207 0
0.7382550335570469 0.1233103448275862 0
0.7382550335570469 0.1335862068965517 0
0.7382550335570469 0.1438620689655172 0
0.738255033557047 0.1541379310344828 0
0.7382550335570469 0.1644137931034482 0
0.7382550335570469 0.1746896551724137 0
0.7382550335570469 0.1849655172413792 0
0.7382550335570469 0.1952413793103447 0
0.7382550335570469 0.2055172413793103 0
0.7382550335570469 0.2157931034482758 0
0.7382550335570469 0.2260689655172413 0
0.7382550335570468 0.2363448275862068 0
0.7382550335570469 0.2466206896551723 0
0.738255033557047 0.2568965517241378 0
0.7382550335570469 0.2671724137931034 0
0.738255033557047 0.2774482758620689 0
0.738255033557047 0.2877241379310345 0
0.7449664429530202 0.01027586206896547 0
0.7449664429530202 0.02055172413793105 0
0.7449664429530201 0.03082758620689653 0
0.7449664429530202 0.04110344827586206 0
0.7449664429530203 0.05137931034482762 0
0.7449664429530202 0.06165517241379306 0
0.7449664429530202 0.07193103448275863 0
0.7449664429530202 0.08220689655172414 0
0.7449664429530202 0.09248275862068965 0
0.7449664429530201 0.1027586206896552 0
0.7449664429530202 0.1130344827586207 0
0.7449664429530202 0.1233103448275862 0
0.7449664429530202 0.1335862068965517 0
0.7449664429530202 0.1438620689655172 0
0.7449664429530202 0.1541379310344827 0
0.7449664429530202 0.1644137931034482 0
0.7449664429530202 0.1746896551724137 0
0.7449664429530202 0.1849655172413792 0
0.7449664429530201 0.1952413793103447 0
0.7449664429530202 0.2055172413793103 0
0.7449664429530201 0.2157931034482758 0
0.7449664429530202 0.2260689655172413 0
0.7449664429530201 0.2363448275862068 0
0.7449664429530201 0.2466206896551723 0
0.7449664429530202 0.2568965517241378 0
0.7449664429530201 0.2671724137931034 0
0.7449664429530201 0.277448275862069 0
0.7449664429530201 0.2877241379310345 0
0.7516778523489933 0.01027586206896547 0
0.7516778523489933 0.02055172413793105 0
0.7516778523489933 0.03082758620689653 0
0.7516778523489933 0.04110344827586203 0
0.7516778523489933 0.05137931034482764 0
0.7516778523489933 0.06165517241379308 0
0.7516778523489933 0.07193103448275862 0
0.7516778523489933 0.08220689655172413 0
0.7516778523489933 0.09248275862068965 0
0.7516778523489933 0.1027586206896552 0
0.7516778523489933 0.1130344827586206 0
0.7516778523489933 0.1233103448275862 0
0.7516778523489933 0.1335862068965517 0
0.7516778523489933 0.1438620689655172 0
0.7516778523489933 0.1541379310344828 0
0.7516778523489933 0.1644137931034482 0
0.7516778523489933 0.1746896551724137 0
0.7516778523489933 0.1849655172413792 0
0.7516778523489933 0.1952413793103447 0
0.7516778523489933 0.2055172413793103 0
0.7516778523489933 0.2157931034482758 0
0.7516778523489933 0.2260689655172413 0
0.7516778523489933 0.2363448275862068 0
0.7516778523489933 0.2466206896551723 0
0.7516778523489933 0.2568965517241378 0
0.7516778523489933 0.2671724137931034 0
0.7516778523489933 0.277448275862069 0
0.7516778523489933 0.2877241379310345 0
0.7583892617449665 0.01027586206896547 0
0.7583892617449665 0.02055172413793105 0
0.7583892617449663 0.03082758620689655 0
0.7583892617449665 0.04110344827586203 0
0.7583892617449666 0.05137931034482761 0
0.7583892617449665 0.06165517241379308 0
0.7583892617449665 0.07193103448275862 0
0.7583892617449665 0.08220689655172414 0
0.7583892617449665 0.09248275862068966 0
0.7583892617449663 0.1027586206896552 0
0.7583892617449665 0.1130344827586206 0
0.7583892617449665 0.1233103448275862 0
0.7583892617449665 0.1335862068965517 0
0.7583892617449665 0.1438620689655172 0
0.7583892617449665 0.1541379310344827 0
0.7583892617449665 0.1644137931034482 0
0.7583892617449665 0.1746896551724137 0
0.7583892617449665 0.1849655172413792 0
0.7583892617449665 0.1952413793103447 0
0.7583892617449666 0.2055172413793103 0
0.7583892617449665 0.2157931034482758 0
0.7583892617449665 0.2260689655172413 0
0.7583892617449665 0.2363448275862068 0
0.7583892617449665 0.2466206896551723 0
0.7583892617449665 0.2568965517241378 0
0.7583892617449665 0.2671724137931034 0
0.7583892617449665 0.2774482758620689 0
0.7583892617449663 0.2877241379310345 0
0.7651006711409396 0.01027586206896547 0
0.7651006711409396 0.02055172413793105 0
0.7651006711409396 0.03082758620689653 0
0.7651006711409396 0.04110344827586203 0
0.7651006711409396 0.05137931034482759 0
0.7651006711409396 0.06165517241379308 0
0.7651006711409396 0.07193103448275863 0
0.7651006711409396 0.08220689655172414 0
0.7651006711409396 0.09248275862068964 0
0.7651006711409396 0.1027586206896552 0
0.7651006711409396 0.1130344827586207 0
0.7651006711409396 0.1233103448275862 0
0.7651006711409396 0.1335862068965517 0
0.7651006711409396 0.1438620689655172 0
0.7651006711409396 0.1541379310344827 0
0.7651006711409396 0.1644137931034482 0
0.7651006711409396 0.1746896551724137 0
0.7651006711409396 0.1849655172413792 0
0.7651006711409396 0.1952413793103447 0
0.7651006711409396 0.2055172413793103 0
0.7651006711409396 0.2157931034482758 0
0.7651006711409396 0.2260689655172413 0
0.7651006711409396 0.2363448275862068 0
0.7651006711409396 0.2466206896551723 0
0.7651006711409396 0.2568965517241378 0
0.7651006711409396 0.2671724137931034 0
0.7651006711409396 0.277448275862069 0
0.7651006711409396 0.2877241379310345 0
0.7718120805369126 0.01027586206896547 0
0.7718120805369126 0.02055172413793105 0
0.7718120805369127 0.03082758620689653 0
0.7718120805369127 0.04110344827586206 0
0.7718120805369127 0.05137931034482762 0
0.7718120805369127 0.06165517241379308 0
0.7718120805369127 0.07193103448275862 0
0.7718120805369127 0.08220689655172413 0
0.7718120805369127 0.09248275862068964 0
0.7718120805369127 0.1027586206896551 0
0.7718120805369127 0.1130344827586206 0
0.7718120805369127 0.1233103448275862 0
0.7718120805369126 0.1335862068965517 0
0.7718120805369127 0.1438620689655172 0
0.7718120805369129 0.1541379310344827 0
0.7718120805369127 0.1644137931034482 0
0.7718120805369127 0.1746896551724137 0
0.7718120805369127 0.1849655172413792 0
0.7718120805369129 0.1952413793103447 0
0.7718120805369126 0.2055172413793103 0
0.7718120805369127 0.2157931034482758 0
0.7718120805369127 0.2260689655172413 0
0.7718120805369129 0.2363448275862068 0
0.7718120805369126 0.2466206896551723 0
0.7718120805369127 0.2568965517241378 0
0.7718120805369127 0.2671724137931034 0
0.7718120805369127 0.277448275862069 0
0.7718120805369126 0.2877241379310345 0
0.7785234899328859 0.01027586206896547 0
0.7785234899328859 0.02055172413793105 0
0.7785234899328859 0.03082758620689655 0
0.7785234899328859 0.04110344827586206 0
0.7785234899328859 0.05137931034482762 0
0.7785234899328859 0.06165517241379308 0
0.7785234899328859 0.0719310344827586 0
0.7785234899328859 0.08220689655172413 0
0.7785234899328859 0.09248275862068962 0
0.7785234899328859 0.1027586206896552 0
0.7785234899328859 0.1130344827586206 0
0.7785234899328859 0.1233103448275862 0
0.7785234899328859 0.1335862068965517 0
0.7785234899328859 0.1438620689655172 0
0.7785234899328859 0.1541379310344827 0
0.7785234899328859 0.1644137931034482 0
0.7785234899328859 0.1746896551724137 0
0.7785234899328859 0.1849655172413792 0
0.7785234899328859 0.1952413793103447 0
0.7785234899328859 0.2055172413793103 0
0.7785234899328859 0.2157931034482758 0
0.7785234899328859 0.2260689655172413 0
0.7785234899328859 0.2363448275862068 0
0.7785234899328859 0.2466206896551723 0
0.7785234899328859 0.2568965517241379 0
0.7785234899328859 0.2671724137931034 0
0.7785234899328859 0.2774482758620689 0
0.7785234899328859 0.2877241379310345 0
0.785234899328859 0.01027586206896547 0
0.7852348993288589 0.02055172413793105 0
0.7852348993288591 0.03082758620689653 0
0.785234899328859 0.04110344827586204 0
0.7852348993288589 0.05137931034482761 0
0.785234899328859 0.06165517241379308 0
0.785234899328859 0.07193103448275859 0
0.785234899328859 0.0822068965517241 0
0.785234899328859 0.09248275862068962 0
0.785234899328859 0.1027586206896552 0
0.785234899328859 0.1130344827586206 0
0.7852348993288589 0.1233103448275862 0
0.785234899328859 0.1335862068965517 0
0.785234899328859 0.1438620689655172 0
0.785234899328859 0.1541379310344827 0
0.785234899328859 0.1644137931034482 0
0.785234899328859 0.1746896551724137 0
0.785234899328859 0.1849655172413792 0
0.7852348993288589 0.1952413793103447 0
0.785234899328859 0.2055172413793103 0
0.785234899328859 0.2157931034482758 0
0.785234899328859 0.2260689655172413 0
0.785234899328859 0.2363448275862068 0
0.785234899328859 0.2466206896551723 0
0.785234899328859 0.2568965517241379 0
0.7852348993288589 0.2671724137931034 0
0.785234899328859 0.277448275862069 0
0.7852348993288589 0.2877241379310345 0
0.7919463087248322 0.01027586206896547 0
0.7919463087248322 0.02055172413793105 0
0.7919463087248322 0.03082758620689655 0
0.7919463087248322 0.04110344827586207 0
0.7919463087248322 0.05137931034482762 0
0.7919463087248322 0.06165517241379308 0
0.7919463087248322 0.07193103448275862 0
0.7919463087248323 0.0822068965517241 0
0.7919463087248322 0.09248275862068961 0
0.7919463087248322 0.1027586206896552 0
0.7919463087248322 0.1130344827586206 0
0.7919463087248322 0.1233103448275862 0
0.7919463087248322 0.1335862068965517 0
0.7919463087248322 0.1438620689655172 0
0.7919463087248322 0.1541379310344827 0
0.7919463087248322 0.1644137931034482 0
0.7919463087248322 0.1746896551724137 0
0.7919463087248322 0.1849655172413792 0
0.7919463087248322 0.1952413793103447 0
0.7919463087248322 0.2055172413793103 0
0.7919463087248322 0.2157931034482757 0
0.7919463087248322 0.2260689655172413 0
0.7919463087248322 0.2363448275862068 0
0.7919463087248322 0.2466206896551723 0
0.7919463087248322 0.2568965517241378 0
0.7919463087248322 0.2671724137931034 0
0.7919463087248322 0.2774482758620689 0
0.7919463087248322 0.2877241379310345 0
0.7986577181208053 0.01027586206896547 0
0.7986577181208053 0.02055172413793108 0
0.7986577181208054 0.03082758620689653 0
0.7986577181208053 0.04110344827586207 0
0.7986577181208052 0.05137931034482759 0
0.7986577181208053 0.06165517241379309 0
0.7986577181208053 0.07193103448275859 0
0.7986577181208053 0.0822068965517241 0
0.7986577181208053 0.09248275862068964 0
0.7986577181208053 0.1027586206896552 0
0.7986577181208053 0.1130344827586206 0
0.7986577181208052 0.1233103448275862 0
0.7986577181208053 0.1335862068965517 0
0.7986577181208053 0.1438620689655172 0
0.7986577181208053 0.1541379310344827 0
0.7986577181208053 0.1644137931034482 0
0.7986577181208053 0.1746896551724137 0
0.7986577181208053 0.1849655172413792 0
0.7986577181208052 0.1952413793103447 0
0.7986577181208053 0.2055172413793103 0
0.7986577181208053 0.2157931034482758 0
0.7986577181208053 0.2260689655172413 0
0.7986577181208053 0.2363448275862068 0
0.7986577181208053 0.2466206896551723 0
0.7986577181208054 0.2568965517241378 0
0.7986577181208052 0.2671724137931034 0
0.7986577181208053 0.277448275862069 0
0.7986577181208052 0.2877241379310345 0
0.8053691275167785 0.01027586206896547 0
0.8053691275167785 0.02055172413793105 0
0.8053691275167785 0.03082758620689655 0
0.8053691275167785 0.04110344827586204 0
0.8053691275167785 0.05137931034482758 0
0.8053691275167785 0.06165517241379308 0
0.8053691275167786 0.07193103448275859 0
0.8053691275167785 0.08220689655172411 0
0.8053691275167785 0.09248275862068964 0
0.8053691275167784 0.1027586206896551 0
0.8053691275167785 0.1130344827586207 0
0.8053691275167785 0.1233103448275862 0
0.8053691275167785 0.1335862068965517 0
0.8053691275167785 0.1438620689655172 0
0.8053691275167785 0.1541379310344827 0
0.8053691275167785 0.1644137931034482 0
0.8053691275167786 0.1746896551724137 0
0.8053691275167785 0.1849655172413792 0
0.8053691275167785 0.1952413793103448 0
0.8053691275167786 0.2055172413793103 0
0.8053691275167786 0.2157931034482757 0
0.8053691275167785 0.2260689655172413 0
0.8053691275167786 0.2363448275862068 0
0.8053691275167785 0.2466206896551723 0
0.8053691275167785 0.2568965517241378 0
0.8053691275167785 0.2671724137931034 0
0.8053691275167786 0.277448275862069 0
0.8053691275167786 0.2877241379310345 0
0.8120805369127515 0.01027586206896547 0
0.8120805369127516 0.02055172413793108 0
0.8120805369127516 0.03082758620689653 0
0.8120805369127517 0.04110344827586207 0
0.8120805369127516 0.05137931034482762 0
0.8120805369127516 0.06165517241379308 0
0.8120805369127516 0.0719310344827586 0
0.8120805369127516 0.08220689655172411 0
0.8120805369127516 0.09248275862068962 0
0.8120805369127515 0.1027586206896552 0
0.8120805369127516 0.1130344827586206 0
0.8120805369127516 0.1233103448275862 0
0.8120805369127515 0.1335862068965517 0
0.8120805369127517 0.1438620689655172 0
0.8120805369127516 0.1541379310344827 0
0.8120805369127516 0.1644137931034482 0
0.8120805369127517 0.1746896551724137 0
0.8120805369127515 0.1849655172413792 0
0.8120805369127516 0.1952413793103447 0
0.8120805369127517 0.2055172413793103 0
0.8120805369127516 0.2157931034482758 0
0.8120805369127516 0.2260689655172413 0
0.8120805369127515 0.2363448275862068 0
0.8120805369127516 0.2466206896551723 0
0.8120805369127516 0.2568965517241379 0
0.8120805369127516 0.2671724137931034 0
0.8120805369127516 0.277448275862069 0
0.8120805369127515 0.2877241379310345 0
0.818791946308725 0.0102758620689655 0
0.8187919463087248 0.02055172413793105 0
0.8187919463087248 0.03082758620689653 0
0.8187919463087249 0.04110344827586207 0
0.8187919463087248 0.05137931034482761 0
0.8187919463087248 0.06165517241379306 0
0.8187919463087249 0.07193103448275862 0
0.8187919463087248 0.0822068965517241 0
0.8187919463087248 0.09248275862068964 0
0.8187919463087248 0.1027586206896551 0
0.8187919463087248 0.1130344827586206 0
0.8187919463087248 0.1233103448275862 0
0.8187919463087248 0.1335862068965517 0
0.8187919463087248 0.1438620689655172 0
0.8187919463087248 0.1541379310344827 0
0.8187919463087249 0.1644137931034482 0
0.8187919463087249 0.1746896551724137 0
0.818791946308725 0.1849655172413792 0
0.8187919463087248 0.1952413793103447 0
0.8187919463087249 0.2055172413793103 0
0.8187919463087249 0.2157931034482757 0
0.8187919463087248 0.2260689655172413 0
0.8187919463087248 0.2363448275862068 0
0.8187919463087248 0.2466206896551723 0
0.8187919463087249 0.2568965517241379 0
0.8187919463087249 0.2671724137931034 0
0.8187919463087249 0.277448275862069 0
0.8187919463087249 0.2877241379310345 0
0.8255033557046979 0.01027586206896547 0
0.825503355704698 0.02055172413793108 0
0.825503355704698 0.03082758620689653 0
0.825503355704698 0.041103448275862 0
0.825503355704698 0.05137931034482759 0
0.825503355704698 0.06165517241379306 0
0.825503355704698 0.0719310344827586 0
0.825503355704698 0.08220689655172411 0
0.825503355704698 0.09248275862068962 0
0.825503355704698 0.1027586206896551 0
0.825503355704698 0.1130344827586206 0
0.825503355704698 0.1233103448275862 0
0.825503355704698 0.1335862068965517 0
0.825503355704698 0.1438620689655172 0
0.825503355704698 0.1541379310344827 0
0.825503355704698 0.1644137931034482 0
0.825503355704698 0.1746896551724137 0
0.825503355704698 0.1849655172413792 0
0.825503355704698 0.1952413793103447 0
0.825503355704698 0.2055172413793103 0
0.825503355704698 0.2157931034482758 0
0.825503355704698 0.2260689655172413 0
0.825503355704698 0.2363448275862068 0
0.825503355704698 0.2466206896551723 0
0.825503355704698 0.2568965517241378 0
0.825503355704698 0.2671724137931034 0
0.825503355704698 0.277448275862069 0
0.825503355704698 0.2877241379310345 0
0.8322147651006713 0.01027586206896547 0
0.8322147651006711 0.02055172413793105 0
0.8322147651006711 0.03082758620689653 0
0.8322147651006712 0.04110344827586203 0
0.8322147651006713 0.05137931034482758 0
0.8322147651006712 0.06165517241379308 0
0.8322147651006712 0.07193103448275859 0
0.8322147651006712 0.08220689655172411 0
0.8322147651006711 0.09248275862068964 0
0.8322147651006712 0.1027586206896551 0
0.8322147651006712 0.1130344827586206 0
0.8322147651006712 0.1233103448275862 0
0.8322147651006711 0.1335862068965517 0
0.8322147651006713 0.1438620689655172 0
0.8322147651006712 0.1541379310344827 0
0.8322147651006712 0.1644137931034482 0
0.8322147651006712 0.1746896551724137 0
0.8322147651006711 0.1849655172413792 0
0.8322147651006711 0.1952413793103447 0
0.8322147651006713 0.2055172413793103 0
0.8322147651006713 0.2157931034482757 0
0.8322147651006712 0.2260689655172413 0
0.8322147651006712 0.2363448275862068 0
0.8322147651006712 0.2466206896551723 0
0.8322147651006712 0.2568965517241378 0
0.8322147651006712 0.2671724137931034 0
0.8322147651006712 0.2774482758620689 0
0.8322147651006713 0.2877241379310345 0
0.8389261744966443 0.01027586206896547 0
0.8389261744966443 0.02055172413793108 0
0.8389261744966444 0.03082758620689655 0
0.8389261744966443 0.04110344827586206 0
0.8389261744966443 0.05137931034482759 0
0.8389261744966443 0.06165517241379306 0
0.8389261744966444 0.07193103448275859 0
0.8389261744966443 0.08220689655172411 0
0.8389261744966443 0.09248275862068961 0
0.8389261744966443 0.1027586206896551 0
0.8389261744966443 0.1130344827586206 0
0.8389261744966443 0.1233103448275862 0
0.8389261744966443 0.1335862068965517 0
0.8389261744966442 0.1438620689655172 0
0.8389261744966443 0.1541379310344827 0
0.8389261744966443 0.1644137931034482 0
0.8389261744966443 0.1746896551724137 0
0.8389261744966443 0.1849655172413792 0
0.8389261744966443 0.1952413793103447 0
0.8389261744966443 0.2055172413793103 0
0.8389261744966443 0.2157931034482757 0
0.8389261744966443 0.2260689655172413 0
0.8389261744966443 0.2363448275862068 0
0.8389261744966443 0.2466206896551723 0
0.8389261744966443 0.2568965517241378 0
0.8389261744966443 0.2671724137931034 0
0.8389261744966443 0.277448275862069 0
0.8389261744966443 0.2877241379310345 0
0.8456375838926176 0.01027586206896547 0
0.8456375838926173 0.02055172413793105 0
0.8456375838926173 0.03082758620689653 0
0.8456375838926175 0.04110344827586203 0
0.8456375838926176 0.05137931034482761 0
0.8456375838926176 0.06165517241379308 0
0.8456375838926175 0.07193103448275862 0
0.8456375838926175 0.08220689655172413 0
0.8456375838926175 0.09248275862068961 0
0.8456375838926175 0.1027586206896551 0
0.8456375838926175 0.1130344827586207 0
0.8456375838926176 0.1233103448275862 0
0.8456375838926175 0.1335862068965517 0
0.8456375838926175 0.1438620689655172 0
0.8456375838926173 0.1541379310344827 0
0.8456375838926173 0.1644137931034482 0
0.8456375838926175 0.1746896551724137 0
0.8456375838926175 0.1849655172413792 0
0.8456375838926175 0.1952413793103447 0
0.8456375838926173 0.2055172413793103 0
0.8456375838926175 0.2157931034482758 0
0.8456375838926176 0.2260689655172413 0
0.8456375838926176 0.2363448275862068 0
0.8456375838926175 0.2466206896551723 0
0.8456375838926173 0.2568965517241378 0
0.8456375838926175 0.2671724137931034 0
0.8456375838926176 0.277448275862069 0
0.8456375838926176 0.2877241379310345 0
0.8523489932885906 0.01027586206896547 0
0.8523489932885906 0.02055172413793108 0
0.8523489932885905 0.03082758620689655 0
0.8523489932885905 0.04110344827586203 0
0.8523489932885906 0.05137931034482758 0
0.8523489932885906 0.06165517241379308 0
0.8523489932885905 0.07193103448275859 0
0.8523489932885906 0.08220689655172411 0
0.8523489932885905 0.09248275862068964 0
0.8523489932885906 0.1027586206896552 0
0.8523489932885906 0.1130344827586206 0
0.8523489932885905 0.1233103448275862 0
0.8523489932885905 0.1335862068965517 0
0.8523489932885906 0.1438620689655172 0
0.8523489932885905 0.1541379310344827 0
0.8523489932885906 0.1644137931034482 0
0.8523489932885906 0.1746896551724137 0
0.8523489932885906 0.1849655172413792 0
0.8523489932885906 0.1952413793103447 0
0.8523489932885906 0.2055172413793103 0
0.8523489932885906 0.2157931034482757 0
0.8523489932885906 0.2260689655172413 0
0.8523489932885906 0.2363448275862068 0
0.8523489932885906 0.2466206896551723 0
0.8523489932885906 0.2568965517241378 0
0.8523489932885906 0.2671724137931034 0
0.8523489932885906 0.277448275862069 0
0.8523489932885906 0.2877241379310345 0
0.8590604026845639 0.01027586206896547 0
0.8590604026845639 0.02055172413793108 0
0.8590604026845637 0.03082758620689653 0
0.8590604026845636 0.04110344827586203 0
0.8590604026845636 0.05137931034482759 0
0.8590604026845639 0.06165517241379309 0
0.8590604026845637 0.0719310344827586 0
0.8590604026845637 0.08220689655172411 0
0.8590604026845637 0.09248275862068962 0
0.8590604026845639 0.1027586206896551 0
0.8590604026845637 0.1130344827586206 0
0.8590604026845637 0.1233103448275861 0
0.8590604026845637 0.1335862068965517 0
0.8590604026845636 0.1438620689655172 0
0.8590604026845637 0.1541379310344827 0
0.8590604026845637 0.1644137931034482 0
0.8590604026845639 0.1746896551724137 0
0.8590604026845637 0.1849655172413792 0
0.8590604026845639 0.1952413793103447 0
0.8590604026845637 0.2055172413793103 0
0.8590604026845637 0.2157931034482758 0
0.8590604026845636 0.2260689655172413 0
0.8590604026845639 0.2363448275862068 0
0.8590604026845637 0.2466206896551723 0
0.8590604026845639 0.2568965517241378 0
0.8590604026845637 0.2671724137931034 0
0.8590604026845637 0.277448275862069 0
0.8590604026845639 0.2877241379310345 0
0.8657718120805369 0.01027586206896547 0
0.8657718120805369 0.02055172413793108 0
0.8657718120805369 0.03082758620689655 0
0.8657718120805368 0.04110344827586206 0
0.8657718120805369 0.05137931034482759 0
0.8657718120805367 0.06165517241379309 0
0.8657718120805369 0.07193103448275859 0
0.8657718120805368 0.0822068965517241 0
0.8657718120805369 0.09248275862068964 0
0.8657718120805368 0.1027586206896551 0
0.8657718120805369 0.1130344827586206 0
0.8657718120805369 0.1233103448275862 0
0.8657718120805369 0.1335862068965517 0
0.8657718120805371 0.1438620689655172 0
0.8657718120805369 0.1541379310344827 0
0.8657718120805369 0.1644137931034482 0
0.8657718120805368 0.1746896551724137 0
0.8657718120805369 0.1849655172413792 0
0.8657718120805369 0.1952413793103447 0
0.8657718120805369 0.2055172413793103 0
0.8657718120805369 0.2157931034482757 0
0.8657718120805369 0.2260689655172413 0
0.865771812080537 0.2363448275862068 0
0.8657718120805369 0.2466206896551723 0
0.8657718120805369 0.2568965517241378 0
0.8657718120805369 0.2671724137931034 0
0.8657718120805369 0.277448275862069 0
0.8657718120805369 0.2877241379310345 0
0.8724832214765099 0.0102758620689655 0
0.87248322147651 0.02055172413793105 0
0.8724832214765101 0.03082758620689653 0
0.8724832214765099 0.041103448275862 0
0.87248322147651 0.05137931034482757 0
0.87248322147651 0.06165517241379309 0
0.8724832214765101 0.07193103448275859 0
0.8724832214765099 0.0822068965517241 0
0.8724832214765099 0.0924827586206896 0
0.8724832214765101 0.1027586206896551 0
0.8724832214765101 0.1130344827586206 0
0.87248322147651 0.1233103448275861 0
0.87248322147651 0.1335862068965517 0
0.87248322147651 0.1438620689655172 0
0.87248322147651 0.1541379310344827 0
0.8724832214765101 0.1644137931034482 0
0.87248322147651 0.1746896551724137 0
0.8724832214765099 0.1849655172413792 0
0.8724832214765099 0.1952413793103447 0
0.8724832214765101 0.2055172413793103 0
0.87248322147651 0.2157931034482757 0
0.87248322147651 0.2260689655172413 0
0.8724832214765099 0.2363448275862068 0
0.8724832214765099 0.2466206896551723 0
0.87248322147651 0.2568965517241378 0
0.8724832214765099 0.2671724137931033 0
0.87248322147651 0.277448275862069 0
0.8724832214765101 0.2877241379310345 0
0.8791946308724832 0.01027586206896547 0
0.8791946308724832 0.02055172413793105 0
0.8791946308724832 0.03082758620689655 0
0.8791946308724831 0.04110344827586201 0
0.8791946308724832 0.05137931034482755 0
0.8791946308724833 0.06165517241379306 0
0.8791946308724832 0.07193103448275859 0
0.8791946308724832 0.08220689655172407 0
0.8791946308724832 0.0924827586206896 0
0.8791946308724832 0.1027586206896551 0
0.8791946308724832 0.1130344827586206 0
0.8791946308724832 0.1233103448275862 0
0.8791946308724833 0.1335862068965517 0
0.8791946308724832 0.1438620689655172 0
0.8791946308724833 0.1541379310344827 0
0.8791946308724833 0.1644137931034482 0
0.8791946308724832 0.1746896551724137 0
0.8791946308724832 0.1849655172413792 0
0.8791946308724832 0.1952413793103447 0
0.8791946308724833 0.2055172413793103 0
0.8791946308724834 0.2157931034482758 0
0.8791946308724832 0.2260689655172413 0
0.8791946308724833 0.2363448275862068 0
0.8791946308724833 0.2466206896551723 0
0.8791946308724833 0.2568965517241378 0
0.8791946308724834 0.2671724137931034 0
0.8791946308724833 0.277448275862069 0
0.8791946308724833 0.2877241379310345 0
0.8859060402684562 0.01027586206896547 0
0.8859060402684563 0.02055172413793105 0
0.8859060402684564 0.03082758620689655 0
0.8859060402684563 0.04110344827586203 0
0.8859060402684563 0.05137931034482761 0
0.8859060402684563 0.06165517241379308 0
0.8859060402684564 0.07193103448275857 0
0.8859060402684563 0.08220689655172408 0
0.8859060402684563 0.0924827586206896 0
0.8859060402684564 0.1027586206896551 0
0.8859060402684563 0.1130344827586206 0
0.8859060402684563 0.1233103448275861 0
0.8859060402684564 0.1335862068965517 0
0.8859060402684563 0.1438620689655172 0
0.8859060402684562 0.1541379310344827 0
0.8859060402684563 0.1644137931034482 0
0.8859060402684563 0.1746896551724137 0
0.8859060402684563 0.1849655172413792 0
0.8859060402684562 0.1952413793103447 0
0.8859060402684564 0.2055172413793103 0
0.8859060402684563 0.2157931034482757 0
0.8859060402684563 0.2260689655172413 0
0.8859060402684562 0.2363448275862068 0
0.8859060402684564 0.2466206896551723 0
0.8859060402684563 0.2568965517241378 0
0.8859060402684562 0.2671724137931034 0
0.8859060402684563 0.277448275862069 0
0.8859060402684564 0.2877241379310345 0
0.8926174496644295 0.01027586206896547 0
0.8926174496644295 0.02055172413793108 0
0.8926174496644295 0.0308275862068965 0
0.8926174496644295 0.04110344827586204 0
0.8926174496644295 0.05137931034482755 0
0.8926174496644295 0.06165517241379308 0
0.8926174496644295 0.0719310344827586 0
0.8926174496644295 0.08220689655172411 0
0.8926174496644296 0.09248275862068962 0
0.8926174496644295 0.1027586206896551 0
0.8926174496644296 0.1130344827586206 0
0.8926174496644295 0.1233103448275862 0
0.8926174496644295 0.1335862068965517 0
0.8926174496644296 0.1438620689655172 0
0.8926174496644295 0.1541379310344827 0
0.8926174496644295 0.1644137931034482 0
0.8926174496644295 0.1746896551724137 0
0.8926174496644295 0.1849655172413792 0
0.8926174496644295 0.1952413793103447 0
0.8926174496644296 0.2055172413793103 0
0.8926174496644295 0.2157931034482758 0
0.8926174496644295 0.2260689655172413 0
0.8926174496644295 0.2363448275862068 0
0.8926174496644295 0.2466206896551723 0
0.8926174496644295 0.2568965517241378 0
0.8926174496644295 0.2671724137931034 0
0.8926174496644295 0.2774482758620689 0
0.8926174496644295 0.2877241379310345 0
0.8993288590604027 0.01027586206896547 0
0.8993288590604027 0.02055172413793105 0
0.8993288590604028 0.03082758620689655 0
0.8993288590604027 0.041103448275862 0
0.8993288590604027 0.05137931034482757 0
0.8993288590604027 0.06165517241379306 0
0.8993288590604028 0.0719310344827586 0
0.8993288590604027 0.0822068965517241 0
0.8993288590604026 0.09248275862068961 0
0.8993288590604027 0.1027586206896551 0
0.8993288590604027 0.1130344827586206 0
0.8993288590604028 0.1233103448275861 0
0.8993288590604027 0.1335862068965517 0
0.8993288590604027 0.1438620689655172 0
0.8993288590604027 0.1541379310344827 0
0.8993288590604027 0.1644137931034482 0
0.8993288590604027 0.1746896551724137 0
0.8993288590604027 0.1849655172413792 0
0.8993288590604027 0.1952413793103447 0
0.8993288590604027 0.2055172413793103 0
0.8993288590604027 0.2157931034482758 0
0.8993288590604027 0.2260689655172413 0
0.8993288590604027 0.2363448275862068 0
0.8993288590604027 0.2466206896551723 0
0.8993288590604027 0.2568965517241378 0
0.8993288590604027 0.2671724137931033 0
0.8993288590604027 0.2774482758620689 0
0.8993288590604027 0.2877241379310345 0
0.9060402684563759 0.01027586206896544 0
0.9060402684563759 0.02055172413793108 0
0.9060402684563758 0.03082758620689653 0
0.9060402684563758 0.041103448275862 0
0.9060402684563758 0.05137931034482757 0
0.9060402684563759 0.06165517241379306 0
0.9060402684563759 0.07193103448275859 0
0.9060402684563759 0.08220689655172408 0
0.906040268456376 0.09248275862068961 0
0.906040268456376 0.1027586206896551 0
0.906040268456376 0.1130344827586206 0
0.9060402684563759 0.1233103448275861 0
0.9060402684563759 0.1335862068965517 0
0.9060402684563758 0.1438620689655172 0
0.906040268456376 0.1541379310344827 0
0.9060402684563758 0.1644137931034482 0
0.9060402684563758 0.1746896551724137 0
0.9060402684563758 0.1849655172413792 0
0.906040268456376 0.1952413793103447 0
0.9060402684563758 0.2055172413793102 0
0.9060402684563759 0.2157931034482757 0
0.9060402684563759 0.2260689655172413 0
0.9060402684563758 0.2363448275862068 0
0.9060402684563759 0.2466206896551723 0
0.906040268456376 0.2568965517241378 0
0.9060402684563759 0.2671724137931034 0
0.9060402684563758 0.2774482758620689 0
0.9060402684563759 0.2877241379310345 0
0.912751677852349 0.01027586206896544 0
0.912751677852349 0.02055172413793105 0
0.912751677852349 0.03082758620689655 0
0.912751677852349 0.04110344827586203 0
0.912751677852349 0.05137931034482755 0
0.912751677852349 0.06165517241379308 0
0.912751677852349 0.0719310344827586 0
0.912751677852349 0.08220689655172408 0
0.912751677852349 0.09248275862068958 0
0.9127516778523489 0.1027586206896552 0
0.912751677852349 0.1130344827586206 0
0.912751677852349 0.1233103448275861 0
0.912751677852349 0.1335862068965517 0
0.912751677852349 0.1438620689655172 0
0.912751677852349 0.1541379310344827 0
0.912751677852349 0.1644137931034482 0
0.912751677852349 0.1746896551724137 0
0.912751677852349 0.1849655172413792 0
0.912751677852349 0.1952413793103447 0
0.912751677852349 0.2055172413793103 0
0.912751677852349 0.2157931034482757 0
0.9127516778523489 0.2260689655172413 0
0.912751677852349 0.2363448275862068 0
0.912751677852349 0.2466206896551723 0
0.912751677852349 0.2568965517241378 0
0.912751677852349 0.2671724137931034 0
0.912751677852349 0.2774482758620689 0
0.912751677852349 0.2877241379310345 0
0.9194630872483222 0.01027586206896547 0
0.9194630872483222 0.02055172413793105 0
0.919463087248322 0.03082758620689653 0
0.9194630872483222 0.04110344827586203 0
0.9194630872483222 0.05137931034482758 0
0.9194630872483222 0.06165517241379306 0
0.9194630872483222 0.07193103448275859 0
0.9194630872483223 0.08220689655172406 0
0.919463087248322 0.09248275862068961 0
0.9194630872483223 0.1027586206896551 0
0.919463087248322 0.1130344827586207 0
0.9194630872483222 0.1233103448275861 0
0.9194630872483222 0.1335862068965517 0
0.9194630872483222 0.1438620689655171 0
0.9194630872483223 0.1541379310344827 0
0.9194630872483222 0.1644137931034482 0
0.9194630872483223 0.1746896551724137 0
0.9194630872483223 0.1849655172413792 0
0.919463087248322 0.1952413793103447 0
0.919463087248322 0.2055172413793102 0
0.919463087248322 0.2157931034482757 0
0.9194630872483222 0.2260689655172413 0
0.9194630872483223 0.2363448275862068 0
0.9194630872483223 0.2466206896551723 0
0.9194630872483223 0.2568965517241378 0
0.919463087248322 0.2671724137931033 0
0.919463087248322 0.277448275862069 0
0.9194630872483222 0.2877241379310345 0
0.9261744966442953 0.01027586206896547 0
0.9261744966442953 0.02055172413793108 0
0.9261744966442954 0.03082758620689655 0
0.9261744966442953 0.04110344827586203 0
0.9261744966442953 0.05137931034482757 0
0.9261744966442953 0.06165517241379308 0
0.9261744966442953 0.07193103448275859 0
0.9261744966442954 0.08220689655172408 0
0.9261744966442953 0.09248275862068961 0
0.9261744966442952 0.1027586206896551 0
0.9261744966442952 0.1130344827586206 0
0.9261744966442953 0.1233103448275861 0
0.9261744966442953 0.1335862068965517 0
0.9261744966442953 0.1438620689655172 0
0.9261744966442953 0.1541379310344827 0
0.9261744966442953 0.1644137931034482 0
0.9261744966442953 0.1746896551724137 0
0.9261744966442952 0.1849655172413792 0
0.9261744966442953 0.1952413793103447 0
0.9261744966442955 0.2055172413793102 0
0.9261744966442952 0.2157931034482757 0
0.9261744966442953 0.2260689655172413 0
0.9261744966442953 0.2363448275862068 0
0.9261744966442953 0.2466206896551723 0
0.9261744966442953 0.2568965517241378 0
0.9261744966442953 0.2671724137931034 0
0.9261744966442953 0.2774482758620689 0
0.9261744966442953 0.2877241379310345 0
0.9328859060402684 0.01027586206896547 0
0.9328859060402684 0.02055172413793105 0
0.9328859060402683 0.03082758620689653 0
0.9328859060402684 0.04110344827586203 0
0.9328859060402683 0.05137931034482757 0
0.9328859060402686 0.06165517241379308 0
0.9328859060402686 0.07193103448275859 0
0.9328859060402686 0.08220689655172408 0
0.9328859060402684 0.09248275862068961 0
0.9328859060402686 0.1027586206896551 0
0.9328859060402684 0.1130344827586206 0
0.9328859060402683 0.1233103448275861 0
0.9328859060402684 0.1335862068965517 0
0.9328859060402686 0.1438620689655172 0
0.9328859060402684 0.1541379310344827 0
0.9328859060402683 0.1644137931034482 0
0.9328859060402686 0.1746896551724137 0
0.9328859060402686 0.1849655172413792 0
0.9328859060402684 0.1952413793103447 0
0.9328859060402684 0.2055172413793102 0
0.9328859060402684 0.2157931034482757 0
0.9328859060402683 0.2260689655172413 0
0.9328859060402686 0.2363448275862068 0
0.9328859060402684 0.2466206896551723 0
0.9328859060402683 0.2568965517241378 0
0.9328859060402683 0.2671724137931034 0
0.9328859060402684 0.2774482758620689 0
0.9328859060402684 0.2877241379310345 0
0.9395973154362416 0.01027586206896547 0
0.9395973154362416 0.02055172413793105 0
0.9395973154362415 0.03082758620689655 0
0.9395973154362416 0.04110344827586203 0
0.9395973154362416 0.05137931034482755 0
0.9395973154362416 0.06165517241379309 0
0.9395973154362416 0.07193103448275859 0
0.9395973154362416 0.08220689655172406 0
0.9395973154362415 0.09248275862068961 0
0.9395973154362416 0.1027586206896551 0
0.9395973154362416 0.1130344827586206 0
0.9395973154362415 0.1233103448275861 0
0.9395973154362417 0.1335862068965517 0
0.9395973154362416 0.1438620689655172 0
0.9395973154362416 0.1541379310344827 0
0.9395973154362416 0.1644137931034482 0
0.9395973154362415 0.1746896551724137 0
0.9395973154362416 0.1849655172413792 0
0.9395973154362416 0.1952413793103447 0
0.9395973154362416 0.2055172413793102 0
0.9395973154362416 0.2157931034482758 0
0.9395973154362416 0.2260689655172413 0
0.9395973154362418 0.2363448275862068 0
0.9395973154362417 0.2466206896551723 0
0.9395973154362416 0.2568965517241378 0
0.9395973154362416 0.2671724137931034 0
0.9395973154362416 0.2774482758620689 0
0.9395973154362416 0.2877241379310345 0
0.9463087248322147 0.01027586206896544 0
0.9463087248322148 0.02055172413793105 0
0.9463087248322147 0.03082758620689653 0
0.9463087248322147 0.04110344827586203 0
0.9463087248322147 0.05137931034482757 0
0.9463087248322148 0.06165517241379308 0
0.9463087248322146 0.0719310344827586 0
0.9463087248322147 0.08220689655172408 0
0.9463087248322148 0.0924827586206896 0
0.9463087248322148 0.1027586206896551 0
0.9463087248322148 0.1130344827586206 0
0.9463087248322148 0.1233103448275861 0
0.9463087248322147 0.1335862068965517 0
0.9463087248322147 0.1438620689655172 0
0.9463087248322147 0.1541379310344827 0
0.9463087248322148 0.1644137931034482 0
0.9463087248322147 0.1746896551724137 0
0.9463087248322147 0.1849655172413792 0
0.9463087248322148 0.1952413793103447 0
0.9463087248322148 0.2055172413793102 0
0.9463087248322148 0.2157931034482757 0
0.9463087248322147 0.2260689655172413 0
0.9463087248322148 0.2363448275862068 0
0.9463087248322148 0.2466206896551722 0
0.9463087248322148 0.2568965517241378 0
0.9463087248322148 0.2671724137931033 0
0.9463087248322147 0.277448275862069 0
0.9463087248322148 0.2877241379310345 0
0.9530201342281879 0.01027586206896544 0
0.9530201342281879 0.02055172413793105 0
0.9530201342281879 0.03082758620689653 0
0.9530201342281879 0.04110344827586203 0
0.9530201342281879 0.05137931034482758 0
0.9530201342281879 0.06165517241379305 0
0.9530201342281879 0.07193103448275859 0
0.9530201342281879 0.08220689655172408 0
0.9530201342281879 0.09248275862068958 0
0.9530201342281879 0.1027586206896551 0
0.9530201342281879 0.1130344827586206 0
0.9530201342281879 0.1233103448275861 0
0.9530201342281879 0.1335862068965517 0
0.9530201342281879 0.1438620689655172 0
0.9530201342281879 0.1541379310344827 0
0.9530201342281879 0.1644137931034482 0
0.9530201342281879 0.1746896551724137 0
0.953020134228188 0.1849655172413792 0
0.9530201342281881 0.1952413793103447 0
0.953020134228188 0.2055172413793102 0
0.9530201342281879 0.2157931034482757 0
0.953020134228188 0.2260689655172413 0
0.9530201342281879 0.2363448275862068 0
0.9530201342281879 0.2466206896551723 0
0.9530201342281879 0.2568965517241378 0
0.9530201342281881 0.2671724137931033 0
0.953020134228188 0.2774482758620689 0
0.953020134228188 0.2877241379310345 0
0.959731543624161 0.01027586206896547 0
0.959731543624161 0.02055172413793105 0
0.9597315436241609 0.03082758620689655 0
0.959731543624161 0.04110344827586203 0
0.959731543624161 0.05137931034482757 0
0.959731543624161 0.06165517241379308 0
0.9597315436241609 0.0719310344827586 0
0.959731543624161 0.08220689655172408 0
0.9597315436241611 0.09248275862068958 0
0.9597315436241611 0.1027586206896551 0
0.959731543624161 0.1130344827586206 0
0.959731543624161 0.1233103448275861 0
0.959731543624161 0.1335862068965517 0
0.9597315436241611 0.1438620689655172 0
0.959731543624161 0.1541379310344827 0
0.9597315436241611 0.1644137931034482 0
0.959731543624161 0.1746896551724137 0
0.959731543624161 0.1849655172413792 0
0.9597315436241611 0.1952413793103447 0
0.9597315436241611 0.2055172413793102 0
0.9597315436241611 0.2157931034482757 0
0.959731543624161 0.2260689655172413 0
0.9597315436241609 0.2363448275862068 0
0.959731543624161 0.2466206896551723 0
0.9597315436241609 0.2568965517241378 0
0.959731543624161 0.2671724137931034 0
0.959731543624161 0.2774482758620689 0
0.959731543624161 0.2877241379310345 0
0.9664429530201342 0.01027586206896544 0
0.9664429530201343 0.02055172413793108 0
0.9664429530201342 0.03082758620689653 0
0.9664429530201342 0.04110344827586204 0
0.9664429530201342 0.05137931034482755 0
0.9664429530201342 0.06165517241379305 0
0.9664429530201342 0.0719310344827586 0
0.9664429530201342 0.08220689655172407 0
0.9664429530201342 0.09248275862068961 0
0.9664429530201342 0.1027586206896551 0
0.9664429530201343 0.1130344827586206 0
0.9664429530201342 0.1233103448275861 0
0.9664429530201343 0.1335862068965517 0
0.9664429530201342 0.1438620689655172 0
0.9664429530201342 0.1541379310344827 0
0.9664429530201342 0.1644137931034482 0
0.9664429530201342 0.1746896551724137 0
0.9664429530201342 0.1849655172413792 0
0.9664429530201342 0.1952413793103447 0
0.9664429530201342 0.2055172413793102 0
0.9664429530201342 0.2157931034482757 0
0.9664429530201342 0.2260689655172413 0
0.9664429530201342 0.2363448275862067 0
0.9664429530201342 0.2466206896551723 0
0.9664429530201342 0.2568965517241378 0
0.9664429530201344 0.2671724137931033 0
0.9664429530201342 0.2774482758620689 0
0.9664429530201342 0.2877241379310345 0
0.9731543624161073 0.01027586206896547 0
0.9731543624161073 0.02055172413793105 0
0.9731543624161074 0.03082758620689655 0
0.9731543624161073 0.04110344827586204 0
0.9731543624161073 0.05137931034482757 0
0.9731543624161073 0.06165517241379308 0
0.9731543624161073 0.0719310344827586 0
0.9731543624161074 0.08220689655172408 0
0.9731543624161073 0.0924827586206896 0
0.9731543624161073 0.1027586206896552 0
0.9731543624161073 0.1130344827586206 0
0.9731543624161073 0.1233103448275861 0
0.9731543624161073 0.1335862068965517 0
0.9731543624161073 0.1438620689655171 0
0.9731543624161074 0.1541379310344827 0
0.9731543624161072 0.1644137931034482 0
0.9731543624161074 0.1746896551724137 0
0.9731543624161072 0.1849655172413792 0
0.9731543624161072 0.1952413793103447 0
0.9731543624161072 0.2055172413793102 0
0.9731543624161072 0.2157931034482757 0
0.9731543624161072 0.2260689655172413 0
0.9731543624161072 0.2363448275862068 0
0.9731543624161072 0.2466206896551723 0
0.9731543624161074 0.2568965517241378 0
0.9731543624161073 0.2671724137931034 0
0.9731543624161073 0.2774482758620689 0
0.9731543624161073 0.2877241379310345 0
0.9798657718120807 0.01027586206896544 0
0.9798657718120807 0.02055172413793105 0
0.9798657718120806 0.03082758620689653 0
0.9798657718120806 0.04110344827586204 0
0.9798657718120807 0.05137931034482757 0
0.9798657718120805 0.06165517241379305 0
0.9798657718120806 0.07193103448275859 0
0.9798657718120806 0.08220689655172408 0
0.9798657718120806 0.09248275862068961 0
0.9798657718120805 0.1027586206896552 0
0.9798657718120806 0.1130344827586206 0
0.9798657718120807 0.1233103448275861 0
0.9798657718120806 0.1335862068965517 0
0.9798657718120806 0.1438620689655171 0
0.9798657718120806 0.1541379310344827 0
0.9798657718120806 0.1644137931034482 0
0.9798657718120807 0.1746896551724137 0
0.9798657718120806 0.1849655172413792 0
0.9798657718120807 0.1952413793103447 0
0.9798657718120806 0.2055172413793102 0
0.9798657718120805 0.2157931034482757 0
0.9798657718120806 0.2260689655172413 0
0.9798657718120806 0.2363448275862068 0
0.9798657718120807 0.2466206896551723 0
0.9798657718120805 0.2568965517241378 0
0.9798657718120807 0.2671724137931034 0
0.9798657718120806 0.2774482758620689 0
0.9798657718120807 0.2877241379310345 0
0.9865771812080537 0.01027586206896544 0
0.9865771812080537 0.02055172413793105 0
0.9865771812080537 0.03082758620689653 0
0.9865771812080537 0.04110344827586204 0
0.9865771812080537 0.05137931034482755 0
0.9865771812080537 0.06165517241379306 0
0.9865771812080537 0.07193103448275859 0
0.9865771812080538 0.08220689655172408 0
0.9865771812080537 0.09248275862068961 0
0.9865771812080537 0.1027586206896551 0
0.9865771812080537 0.1130344827586206 0
0.9865771812080537 0.1233103448275861 0
0.9865771812080537 0.1335862068965517 0
0.9865771812080537 0.1438620689655171 0
0.9865771812080537 0.1541379310344827 0
0.9865771812080537 0.1644137931034482 0
0.9865771812080537 0.1746896551724137 0
0.9865771812080537 0.1849655172413792 0
0.9865771812080537 0.1952413793103447 0
0.9865771812080537 0.2055172413793102 0
0.9865771812080537 0.2157931034482757 0
0.9865771812080537 0.2260689655172413 0
0.9865771812080537 0.2363448275862067 0
0.9865771812080537 0.2466206896551723 0
0.9865771812080537 0.2568965517241378 0
0.9865771812080537 0.2671724137931034 0
0.9865771812080537 0.2774482758620689 0
0.9865771812080537 0.2877241379310345 0
0.9932885906040267 0.01027586206896544 0
0.993288590604027 0.02055172413793105 0
0.9932885906040269 0.03082758620689653 0
0.9932885906040269 0.04110344827586204 0
0.9932885906040267 0.05137931034482755 0
0.9932885906040269 0.06165517241379305 0
0.9932885906040269 0.07193103448275859 0
0.9932885906040269 0.08220689655172408 0
0.993288590604027 0.0924827586206896 0
0.993288590604027 0.1027586206896552 0
0.9932885906040269 0.1130344827586206 0
0.9932885906040269 0.1233103448275861 0
0.993288590604027 0.1335862068965517 0
0.993288590604027 0.1438620689655172 0
0.9932885906040267 0.1541379310344827 0
0.993288590604027 0.1644137931034482 0
0.9932885906040269 0.1746896551724136 0
0.993288590604027 0.1849655172413792 0
0.9932885906040269 0.1952413793103447 0
0.993288590604027 0.2055172413793102 0
0.9932885906040269 0.2157931034482757 0
0.993288590604027 0.2260689655172413 0
0.9932885906040269 0.2363448275862068 0
0.993288590604027 0.2466206896551723 0
0.9932885906040269 0.2568965517241378 0
0.993288590604027 0.2671724137931033 0
0.9932885906040269 0.277448275862069 0
0.993288590604027 0.2877241379310345 0
2 2 0 148
4653
4654
4655
4656
4657
4658
4659
4660
4661
4662
4663
4664
4665
4666
4667
4668
4669
4670
4671
4672
4673
4674
4675
4676
4677
4678
4679
4680
4681
4682
4683
4684
4685
4686
4687
4688
4689
4690
4691
4692
4693
4694
4695
4696
4697
4698
4699
4700
4701
4702
4703
4704
4705
4706
4707
4708
4709
4710
4711
4712
4713
4714
4715
4716
4717
4718
4719
4720
4721
4722
4723
4724
4725
4726
4727
4728
4729
4730
4731
4732
4733
4734
4735
4736
4737
4738
4739
4740
4741
4742
4743
4744
4745
4746
4747
4748
4749
4750
4751
4752
4753
4754
4755
4756
4757
4758
4759
4760
4761
4762
4763
4764
4765
4766
4767
4768
4769
4770
4771
4772
4773
4774
4775
4776
4777
4778
4779
4780
4781
4782
4783
4784
4785
4786
4787
4788
4789
4790
4791
4792
4793
4794
4795
4796
4797
4798
4799
4800
0.993288590604027 0.299 0
0.9865771812080537 0.299 0
0.9798657718120805 0.299 0
0.9731543624161072 0.299 0
0.9664429530201342 0.299 0
0.9597315436241611 0.299 0
0.9530201342281879 0.299 0
0.9463087248322146 0.299 0
0.9395973154362416 0.299 0
0.9328859060402686 0.299 0
0.9261744966442953 0.299 0
0.919463087248322 0.299 0
0.912751677852349 0.299 0
0.906040268456376 0.299 0
0.8993288590604027 0.299 0
0.8926174496644295 0.299 0
0.8859060402684563 0.299 0
0.8791946308724832 0.299 0
0.87248322147651 0.299 0
0.8657718120805369 0.299 0
0.8590604026845637 0.299 0
0.8523489932885906 0.299 0
0.8456375838926175 0.299 0
0.8389261744966443 0.299 0
0.8322147651006712 0.299 0
0.825503355704698 0.299 0
0.8187919463087248 0.299 0
0.8120805369127517 0.299 0
0.8053691275167785 0.299 0
0.7986577181208052 0.299 0
0.7919463087248322 0.299 0
0.785234899328859 0.299 0
0.7785234899328858 0.299 0
0.7718120805369127 0.299 0
0.7651006711409397 0.299 0
0.7583892617449665 0.299 0
0.7516778523489932 0.299 0
0.7449664429530202 0.299 0
0.7382550335570469 0.299 0
0.7315436241610739 0.299 0
0.7248322147651006 0.299 0
0.7181208053691275 0.299 0
0.7114093959731543 0.299 0
0.7046979865771813 0.299 0
0.697986577181208 0.299 0
0.6912751677852348 0.299 0
0.6845637583892618 0.299 0
0.6778523489932886 0.299 0
0.6711409395973155 0.299 0
0.6644295302013423 0.299 0
0.6577181208053691 0.299 0
0.6510067114093959 0.299 0
0.6442953020134228 0.299 0
0.6375838926174496 0.299 0
0.6308724832214765 0.299 0
0.6241610738255033 0.299 0
0.6174496644295302 0.299 0
0.6107382550335571 0.299 0
0.6040268456375839 0.299 0
0.5973154362416108 0.299 0
0.5906040268456376 0.299 0
0.5838926174496644 0.299 0
0.5771812080536912 0.299 0
0.5704697986577181 0.299 0
0.5637583892617449 0.299 0
0.5570469798657718 0.299 0
0.5503355704697986 0.299 0
0.5436241610738255 0.299 0
0.5369127516778524 0.299 0
0.5302013422818792 0.299 0
0.5234899328859061 0.299 0
0.5167785234899329 0.299 0
0.5100671140939598 0.299 0
0.5033557046979865 0.299 0
0.4966442953020135 0.299 0
0.4899328859060402 0.299 0
0.4832214765100671 0.299 0
0.4765100671140939 0.299 0
0.4697986577181208 0.299 0
0.4630872483221476 0.299 0
0.4563758389261745 0.299 0
0.4496644295302014 0.299 0
0.4429530201342282 0.299 0
0.4362416107382551 0.299 0
0.4295302013422819 0.299 0
0.4228187919463088 0.299 0
0.4161073825503356 0.299 0
0.4093959731543624 0.299 0
0.4026845637583892 0.299 0
0.3959731543624161 0.299 0
0.3892617449664429 0.299 0
0.3825503355704698 0.299 0
0.3758389261744967 0.299 0
0.3691275167785235 0.299 0
0.3624161073825504 0.299 0
0.3557046979865772 0.299 0
0.3489932885906041 0.299 0
0.3422818791946309 0.299 0
0.3355704697986577 0.299 0
0.3288590604026845 0.299 0
0.3221476510067114 0.299 0
0.3154362416107382 0.299 0
0.3087248322147651 0.299 0
0.302013422818792 0.299 0
0.2953020134228188 0.299 0
0.2885906040268457 0.299 0
0.2818791946308725 0.299 0
0.2751677852348994 0.299 0
0.2684563758389262 0.299 0
0.2617449664429531 0.299 0
0.2550335570469798 0.299 0
0.2483221476510067 0.299 0
0.2416107382550335 0.299 0
0.2348993288590604 0.299 0
0.2281879194630873 0.299 0
0.2214765100671141 0.299 0
0.214765100671141 0.299 0
0.2080536912751678 0.299 0
0.2013422818791947 0.299 0
0.1946308724832215 0.299 0
0.1879194630872484 0.299 0
0.1812080536912752 0.299 0
0.174496644295302 0.299 0
0.1677852348993288 0.299 0
0.1610738255033557 0.299 0
0.1543624161073825 0.299 0
0.1476510067114094 0.299 0
0.1409395973154363 0.299 0
0.1342281879194631 0.299 0
0.12751677852349 0.299 0
0.1208053691275168 0.299 0
0.1140939597315437 0.299 0
0.1073825503355705 0.299 0
0.1006711409395973 0.299 0
0.09395973154362414 0.299 0
0.08724832214765099 0.299 0
0.08053691275167785 0.299 0
0.0738255033557047 0.299 0
0.06711409395973156 0.299 0
0.06040268456375841 0.299 0
0.05369127516778527 0.299 0
0.04697986577181212 0.299 0
0.04026845637583898 0.299 0
0.03355704697986583 0.299 0
0.02684563758389269 0.299 0
0.02013422818791943 0.299 0
0.01342281879194629 0.299 0
0.006711409395973145 0.299 0
$EndNodes
$Elements
6 9300 1 9300
1 2 1 29
1 2 155 
2 155 156 
3 156 157 
4 157 158 
5 158 159 
6 159 160 
7 160 161 
8 161 162 
9 162 163 
10 163 164 
11 164 165 
12 165 166 
13 166 167 
14 167 168 
15 168 169 
16 169 170 
17 170 171 
18 171 172 
19 172 173 
20 173 174 
21 174 175 
22 175 176 
23 176 177 
24 177 178 
25 178 179 
26 179 180 
27 180 181 
28 181 182 
29 182 3 
1 4 1 29
30 4 331 
31 331 332 
32 332 333 
33 333 334 
34 334 335 
35 335 336 
36 336 337 
37 337 338 
38 338 339 
39 339 340 
40 340 341 
41 341 342 
42 342 343 
43 343 344 
44 344 345 
45 345 346 
46 346 347 
47 347 348 
48 348 349 
49 349 350 
50 350 351 
51 351 352 
52 352 353 
53 353 354 
54 354 355 
55 355 356 
56 356 357 
57 357 358 
58 358 1 
1 5 1 2
59 3 359 
60 359 5 
1 6 1 2
61 4 360 
62 360 6 
2 1 2 8642
63 1 7 358 
64 358 7 509 
65 358 509 357 
66 357 509 510 
67 357 510 356 
68 356 510 511 
69 356 511 355 
70 355 511 512 
71 355 512 354 
72 354 512 513 
73 354 513 353 
74 353 513 514 
75 353 514 352 
76 352 514 515 
77 352 515 351 
78 351 515 516 
79 351 516 350 
80 350 516 517 
81 350 517 349 
82 349 517 518 
83 349 518 348 
84 348 518 519 
85 348 519 347 
86 347 519 520 
87 347 520 346 
88 346 520 521 
89 346 521 345 
90 345 521 522 
91 345 522 344 
92 344 522 523 
93 344 523 343 
94 343 523 524 
95 343 524 342 
96 342 524 525 
97 342 525 341 
98 341 525 526 
99 341 526 340 
100 340 526 527 
101 340 527 339 
102 339 527 528 
103 339 528 338 
104 338 528 529 
105 338 529 337 
106 337 529 530 
107 337 530 336 
108 336 530 531 
109 336 531 335 
110 335 531 532 
111 335 532 334 
112 334 532 533 
113 334 533 333 
114 333 533 534 
115 333 534 332 
116 332 534 535 
117 332 535 331 
118 331 535 536 
119 331 536 4 
120 4 536 330 
121 7 8 509 
122 509 8 537 
123 509 537 510 
124 510 537 538 
125 510 538 511 
126 511 538 539 
127 511 539 512 
128 512 539 540 
129 512 540 513 
130 513 540 541 
131 513 541 514 
132 514 541 542 
133 514 542 515 
134 515 542 543 
135 515 543 516 
136 516 543 544 
137 516 544 517 
138 517 544 545 
139 517 545 518 
140 518 545 546 
141 518 546 519 
142 519 546 547 
143 519 547 520 
144 520 547 548 
145 520 548 521 
146 521 548 549 
147 521 549 522 
148 522 549 550 
149 522 550 523 
150 523 550 551 
151 523 551 524 
152 524 551 552 
153 524 552 525 
154 525 552 553 
155 525 553 526 
156 526 553 554 
157 526 554 527 
158 527 554 555 
159 527 555 528 
160 528 555 556 
161 528 556 529 
162 529 556 557 
163 529 557 530 
164 530 557 558 
165 530 558 531 
166 531 558 559 
167 531 559 532 
168 532 559 560 
169 532 560 533 
170 533 560 561 
171 533 561 534 
172 534 561 562 
173 534 562 535 
174 535 562 563 
175 535 563 536 
176 536 563 564 
177 536 564 330 
178 330 564 329 
179 8 9 537 
180 537 9 565 
181 537 565 538 
182 538 565 566 
183 538 566 539 
184 539 566 567 
185 539 567 540 
186 540 567 568 
187 540 568 541 
188 541 568 569 
189 541 569 542 
190 542 569 570 
191 542 570 543 
192 543 570 571 
193 543 571 544 
194 544 571 572 
195 544 572 545 
196 545 572 573 
197 545 573 546 
198 546 573 574 
199 546 574 547 
200 547 574 575 
201 547 575 548 
202 548 575 576 
203 548 576 549 
204 549 576 577 
205 549 577 550 
206 550 577 578 
207 550 578 551 
208 551 578 579 
209 551 579 552 
210 552 579 580 
211 552 580 553 
212 553 580 581 
213 553 581 554 
214 554 581 582 
215 554 582 555 
216 555 582 583 
217 555 583 556 
218 556 583 584 
219 556 584 557 
220 557 584 585 
221 557 585 558 
222 558 585 586 
223 558 586 559 
224 559 586 587 
225 559 587 560 
226 560 587 588 
227 560 588 561 
228 561 588 589 
229 561 589 562 
230 562 589 590 
231 562 590 563 
232 563 590 591 
233 563 591 564 
234 564 591 592 
235 564 592 329 
236 329 592 328 
237 9 10 565 
238 565 10 593 
239 565 593 566 
240 566 593 594 
241 566 594 567 
242 567 594 595 
243 567 595 568 
244 568 595 596 
245 568 596 569 
246 569 596 597 
247 569 597 570 
248 570 597 598 
249 570 598 571 
250 571 598 599 
251 571 599 572 
252 572 599 600 
253 572 600 573 
254 573 600 601 
255 573 601 574 
256 574 601 602 
257 574 602 575 
258 575 602 603 
259 575 603 576 
260 576 603 604 
261 576 604 577 
262 577 604 605 
263 577 605 578 
264 578 605 606 
265 578 606 579 
266 579 606 607 
267 579 607 580 
268 580 607 608 
269 580 608 581 
270 581 608 609 
271 581 609 582 
272 582 609 610 
273 582 610 583 
274 583 610 611 
275 583 611 584 
276 584 611 612 
277 584 612 585 
278 585 612 613 
279 585 613 586 
280 586 613 614 
281 586 614 587 
282 587 614 615 
283 587 615 588 
284 588 615 616 
285 588 616 589 
286 589 616 617 
287 589 617 590 
288 590 617 618 
289 590 618 591 
290 591 618 619 
291 591 619 592 
292 592 619 620 
293 592 620 328 
294 328 620 327 
295 10 11 593 
296 593 11 621 
297 593 621 594 
298 594 621 622 
299 594 622 595 
300 595 622 623 
301 595 623 596 
302 596 623 624 
303 596 624 597 
304 597 624 625 
305 597 625 598 
306 598 625 626 
307 598 626 599 
308 599 626 627 
309 599 627 600 
310 600 627 628 
311 600 628 601 
312 601 628 629 
313 601 629 602 
314 602 629 630 
315 602 630 603 
316 603 630 631 
317 603 631 604 
318 604 631 632 
319 604 632 605 
320 605 632 633 
321 605 633 606 
322 606 633 634 
323 606 634 607 
324 607 634 635 
325 607 635 608 
326 608 635 636 
327 608 636 609 
328 609 636 637 
329 609 637 610 
330 610 637 638 
331 610 638 611 
332 611 638 639 
333 611 639 612 
334 612 639 640 
335 612 640 613 
336 613 640 641 
337 613 641 614 
338 614 641 642 
339 614 642 615 
340 615 642 643 
341 615 643 616 
342 616 643 644 
343 616 644 617 
344 617 644 645 
345 617 645 618 
346 618 645 646 
347 618 646 619 
348 619 646 647 
349 619 647 620 
350 620 647 648 
351 620 648 327 
352 327 648 326 
353 11 12 621 
354 621 12 649 
355 621 649 622 
356 622 649 650 
357 622 650 623 
358 623 650 651 
359 623 651 624 
360 624 651 652 
361 624 652 625 
362 625 652 653 
363 625 653 626 
364 626 653 654 
365 626 654 627 
366 627 654 655 
367 627 655 628 
368 628 655 656 
369 628 656 629 
370 629 656 657 
371 629 657 630 
372 630 657 658 
373 630 658 631 
374 631 658 659 
375 631 659 632 
376 632 659 660 
377 632 660 633 
378 633 660 661 
379 633 661 634 
380 634 661 662 
381 634 662 635 
382 635 662 663 
383 635 663 636 
384 636 663 664 
385 636 664 637 
386 637 664 665 
387 637 665 638 
388 638 665 666 
389 638 666 639 
390 639 666 667 
391 639 667 640 
392 640 667 668 
393 640 668 641 
394 641 668 669 
395 641 669 642 
396 642 669 670 
397 642 670 643 
398 643 670 671 
399 643 671 644 
400 644 671 672 
401 644 672 645 
402 645 672 673 
403 645 673 646 
404 646 673 674 
405 646 674 647 
406 647 674 675 
407 647 675 648 
408 648 675 676 
409 648 676 326 
410 326 676 325 
411 12 13 649 
412 649 13 677 
413 649 677 650 
414 650 677 678 
415 650 678 651 
416 651 678 679 
417 651 679 652 
418 652 679 680 
419 652 680 653 
420 653 680 681 
421 653 681 654 
422 654 681 682 
423 654 682 655 
424 655 682 683 
425 655 683 656 
426 656 683 684 
427 656 684 657 
428 657 684 685 
429 657 685 658 
430 658 685 686 
431 658 686 659 
432 659 686 687 
433 659 687 660 
434 660 687 688 
435 660 688 661 
436 661 688 689 
437 661 689 662 
438 662 689 690 
439 662 690 663 
440 663 690 691 
441 663 691 664 
442 664 691 692 
443 664 692 665 
444 665 692 693 
445 665 693 666 
446 666 693 694 
447 666 694 667 
448 667 694 695 
449 667 695 668 
450 668 695 696 
451 668 696 669 
452 669 696 697 
453 669 697 670 
454 670 697 698 
455 670 698 671 
456 671 698 699 
457 671 699 672 
458 672 699 700 
459 672 700 673 
460 673 700 701 
461 673 701 674 
462 674 701 702 
463 674 702 675 
464 675 702 703 
465 675 703 676 
466 676 703 704 
467 676 704 325 
468 325 704 324 
469 13 14 677 
470 677 14 705 
471 677 705 678 
472 678 705 706 
473 678 706 679 
474 679 706 707 
475 679 707 680 
476 680 707 708 
477 680 708 681 
478 681 708 709 
479 681 709 682 
480 682 709 710 
481 682 710 683 
482 683 710 711 
483 683 711 684 
484 684 711 712 
485 684 712 685 
486 685 712 713 
487 685 713 686 
488 686 713 714 
489 686 714 687 
490 687 714 715 
491 687 715 688 
492 688 715 716 
493 688 716 689 
494 689 716 717 
495 689 717 690 
496 690 717 718 
497 690 718 691 
498 691 718 719 
499 691 719 692 
500 692 719 720 
501 692 720 693 
502 693 720 721 
503 693 721 694 
504 694 721 722 
505 694 722 695 
506 695 722 723 
507 695 723 696 
508 696 723 724 
509 696 724 697 
510 697 724 725 
511 697 725 698 
512 698 725 726 
513 698 726 699 
514 699 726 727 
515 699 727 700 
516 700 727 728 
517 700 728 701 
518 701 728 729 
519 701 729 702 
520 702 729 730 
521 702 730 703 
522 703 730 731 
523 703 731 704 
524 704 731 732 
525 704 732 324 
526 324 732 323 
527 14 15 705 
528 705 15 733 
529 705 733 706 
530 706 733 734 
531 706 734 707 
532 707 734 735 
533 707 735 708 
534 708 735 736 
535 708 736 709 
536 709 736 737 
537 709 737 710 
538 710 737 738 
539 710 738 711 
540 711 738 739 
541 711 739 712 
542 712 739 740 
543 712 740 713 
544 713 740 741 
545 713 741 714 
546 714 741 742 
547 714 742 715 
548 715 742 743 
549 715 743 716 
550 716 743 744 
551 716 744 717 
552 717 744 745 
553 717 745 718 
554 718 745 746 
555 718 746 719 
556 719 746 747 
557 719 747 720 
558 720 747 748 
559 720 748 721 
560 721 748 749 
561 721 749 722 
562 722 749 750 
563 722 750 723 
564 723 750 751 
565 723 751 724 
566 724 751 752 
567 724 752 725 
568 725 752 753 
569 725 753 726 
570 726 753 754 
571 726 754 727 
572 727 754 755 
573 727 755 728 
574 728 755 756 
575 728 756 729 
576 729 756 757 
577 729 757 730 
578 730 757 758 
579 730 758 731 
580 731 758 759 
581 731 759 732 
582 732 759 760 
583 732 760 323 
584 323 760 322 
585 15 16 733 
586 733 16 761 
587 733 761 734 
588 734 761 762 
589 734 762 735 
590 735 762 763 
591 735 763 736 
592 736 763 764 
593 736 764 737 
594 737 764 765 
595 737 765 738 
596 738 765 766 
597 738 766 739 
598 739 766 767 
599 739 767 740 
600 740 767 768 
601 740 768 741 
602 741 768 769 
603 741 769 742 
604 742 769 770 
605 742 770 743 
606 743 770 771 
607 743 771 744 
608 744 771 772 
609 744 772 745 
610 745 772 773 
611 745 773 746 
612 746 773 774 
613 746 774 747 
614 747 774 775 
615 747 775 748 
616 748 775 776 
617 748 776 749 
618 749 776 777 
619 749 777 750 
620 750 777 778 
621 750 778 751 
622 751 778 779 
623 751 779 752 
624 752 779 780 
625 752 780 753 
626 753 780 781 
627 753 781 754 
628 754 781 782 
629 754 782 755 
630 755 782 783 
631 755 783 756 
632 756 783 784 
633 756 784 757 
634 757 784 785 
635 757 785 758 
636 758 785 786 
637 758 786 759 
638 759 786 787 
639 759 787 760 
640 760 787 788 
641 760 788 322 
642 322 788 321 
643 16 17 761 
644 761 17 789 
645 761 789 762 
646 762 789 790 
647 762 790 763 
648 763 790 791 
649 763 791 764 
650 764 791 792 
651 764 792 765 
652 765 792 793 
653 765 793 766 
654 766 793 794 
655 766 794 767 
656 767 794 795 
657 767 795 768 
658 768 795 796 
659 768 796 769 
660 769 796 797 
661 769 797 770 
662 770 797 798 
663 770 798 771 
664 771 798 799 
665 771 799 772 
666 772 799 800 
667 772 800 773 
668 773 800 801 
669 773 801 774 
670 774 801 802 
671 774 802 775 
672 775 802 803 
673 775 803 776 
674 776 803 804 
675 776 804 777 
676 777 804 805 
677 777 805 778 
678 778 805 806 
679 778 806 779 
680 779 806 807 
681 779 807 780 
682 780 807 808 
683 780 808 781 
684 781 808 809 
685 781 809 782 
686 782 809 810 
687 782 810 783 
688 783 810 811 
689 783 811 784 
690 784 811 812 
691 784 812 785 
692 785 812 813 
693 785 813 786 
694 786 813 814 
695 786 814 787 
696 787 814 815 
697 787 815 788 
698 788 815 816 
699 788 816 321 
700 321 816 320 
701 17 18 789 
702 789 18 817 
703 789 817 790 
704 790 817 818 
705 790 818 791 
706 791 818 819 
707 791 819 792 
708 792 819 820 
709 792 820 793 
710 793 820 821 
711 793 821 794 
712 794 821 822 
713 794 822 795 
714 795 822 823 
715 795 823 796 
716 796 823 824 
717 796 824 797 
718 797 824 825 
719 797 825 798 
720 798 825 826 
721 798 826 799 
722 799 826 827 
723 799 827 800 
724 800 827 828 
725 800 828 801 
726 801 828 829 
727 801 829 802 
728 802 829 830 
729 802 830 803 
730 803 830 831 
731 803 831 804 
732 804 831 832 
733 804 832 805 
734 805 832 833 
735 805 833 806 
736 806 833 834 
737 806 834 807 
738 807 834 835 
739 807 835 808 
740 808 835 836 
741 808 836 809 
742 809 836 837 
743 809 837 810 
744 810 837 838 
745 810 838 811 
746 811 838 839 
747 811 839 812 
748 812 839 840 
749 812 840 813 
750 813 840 841 
751 813 841 814 
752 814 841 842 
753 814 842 815 
754 815 842 843 
755 815 843 816 
756 816 843 844 
757 816 844 320 
758 320 844 319 
759 18 19 817 
760 817 19 845 
761 817 845 818 
762 818 845 846 
763 818 846 819 
764 819 846 847 
765 819 847 820 
766 820 847 848 
767 820 848 821 
768 821 848 849 
769 821 849 822 
770 822 849 850 
771 822 850 823 
772 823 850 851 
773 823 851 824 
774 824 851 852 
775 824 852 825 
776 825 852 853 
777 825 853 826 
778 826 853 854 
779 826 854 827 
780 827 854 855 
781 827 855 828 
782 828 855 856 
783 828 856 829 
784 829 856 857 
785 829 857 830 
786 830 857 858 
787 830 858 831 
788 831 858 859 
789 831 859 832 
790 832 859 860 
791 832 860 833 
792 833 860 861 
793 833 861 834 
794 834 861 862 
795 834 862 835 
796 835 862 863 
797 835 863 836 
798 836 863 864 
799 836 864 837 
800 837 864 865 
801 837 865 838 
802 838 865 866 
803 838 866 839 
804 839 866 867 
805 839 867 840 
806 840 867 868 
807 840 868 841 
808 841 868 869 
809 841 869 842 
810 842 869 870 
811 842 870 843 
812 843 870 871 
813 843 871 844 
814 844 871 872 
815 844 872 319 
816 319 872 318 
817 19 20 845 
818 845 20 873 
819 845 873 846 
820 846 873 874 
821 846 874 847 
822 847 874 875 
823 847 875 848 
824 848 875 876 
825 848 876 849 
826 849 876 877 
827 849 877 850 
828 850 877 878 
829 850 878 851 
830 851 878 879 
831 851 879 852 
832 852 879 880 
833 852 880 853 
834 853 880 881 
835 853 881 854 
836 854 881 882 
837 854 882 855 
838 855 882 883 
839 855 883 856 
840 856 883 884 
841 856 884 857 
842 857 884 885 
843 857 885 858 
844 858 885 886 
845 858 886 859 
846 859 886 887 
847 859 887 860 
848 860 887 888 
849 860 888 861 
850 861 888 889 
851 861 889 862 
852 862 889 890 
853 862 890 863 
854 863 890 891 
855 863 891 864 
856 864 891 892 
857 864 892 865 
858 865 892 893 
859 865 893 866 
860 866 893 894 
861 866 894 867 
862 867 894 895 
863 867 895 868 
864 868 895 896 
865 868 896 869 
866 869 896 897 
867 869 897 870 
868 870 897 898 
869 870 898 871 
870 871 898 899 
871 871 899 872 
872 872 899 900 
873 872 900 318 
874 318 900 317 
875 20 21 873 
876 873 21 901 
877 873 901 874 
878 874 901 902 
879 874 902 875 
880 875 902 903 
881 875 903 876 
882 876 903 904 
883 876 904 877 
884 877 904 905 
885 877 905 878 
886 878 905 906 
887 878 906 879 
888 879 906 907 
889 879 907 880 
890 880 907 908 
891 880 908 881 
892 881 908 909 
893 881 909 882 
894 882 909 910 
895 882 910 883 
896 883 910 911 
897 883 911 884 
898 884 911 912 
899 884 912 885 
900 885 912 913 
901 885 913 886 
902 886 913 914 
903 886 914 887 
904 887 914 915 
905 887 915 888 
906 888 915 916 
907 888 916 889 
908 889 916 917 
909 889 917 890 
910 890 917 918 
911 890 918 891 
912 891 918 919 
913 891 919 892 
914 892 919 920 
915 892 920 893 
916 893 920 921 
917 893 921 894 
918 894 921 922 
919 894 922 895 
920 895 922 923 
921 895 923 896 
922 896 923 924 
923 896 924 897 
924 897 924 925 
925 897 925 898 
926 898 925 926 
927 898 926 899 
928 899 926 927 
929 899 927 900 
930 900 927 928 
931 900 928 317 
932 317 928 316 
933 21 22 901 
934 901 22 929 
935 901 929 902 
936 902 929 930 
937 902 930 903 
938 903 930 931 
939 903 931 904 
940 904 931 932 
941 904 932 905 
942 905 932 933 
943 905 933 906 
944 906 933 934 
945 906 934 907 
946 907 934 935 
947 907 935 908 
948 908 935 936 
949 908 936 909 
950 909 936 937 
951 909 937 910 
952 910 937 938 
953 910 938 911 
954 911 938 939 
955 911 939 912 
956 912 939 940 
957 912 940 913 
958 913 940 941 
959 913 941 914 
960 914 941 942 
961 914 942 915 
962 915 942 943 
963 915 943 916 
964 916 943 944 
965 916 944 917 
966 917 944 945 
967 917 945 918 
968 918 945 946 
969 918 946 919 
970 919 946 947 
971 919 947 920 
972 920 947 948 
973 920 948 921 
974 921 948 949 
975 921 949 922 
976 922 949 950 
977 922 950 923 
978 923 950 951 
979 923 951 924 
980 924 951 952 
981 924 952 925 
982 925 952 953 
983 925 953 926 
984 926 953 954 
985 926 954 927 
986 927 954 955 
987 927 955 928 
988 928 955 956 
989 928 956 316 
990 316 956 315 
991 22 23 929 
992 929 23 957 
993 929 957 930 
994 930 957 958 
995 930 958 931 
996 931 958 959 
997 931 959 932 
998 932 959 960 
999 932 960 933 
1000 933 960 961 
1001 933 961 934 
1002 934 961 962 
1003 934 962 935 
1004 935 962 963 
1005 935 963 936 
1006 936 963 964 
1007 936 964 937 
1008 937 964 965 
1009 937 965 938 
1010 938 965 966 
1011 938 966 939 
1012 939 966 967 
1013 939 967 940 
1014 940 967 968 
1015 940 968 941 
1016 941 968 969 
1017 941 969 942 
1018 942 969 970 
1019 942 970 943 
1020 943 970 971 
1021 943 971 944 
1022 944 971 972 
1023 944 972 945 
1024 945 972 973 
1025 945 973 946 
1026 946 973 974 
1027 946 974 947 
1028 947 974 975 
1029 947 975 948 
1030 948 975 976 
1031 948 976 949 
1032 949 976 977 
1033 949 977 950 
1034 950 977 978 
1035 950 978 951 
1036 951 978 979 
1037 951 979 952 
1038 952 979 980 
1039 952 980 953 
1040 953 980 981 
1041 953 981 954 
1042 954 981 982 
1043 954 982 955 
1044 955 982 983 
1045 955 983 956 
1046 956 983 984 
1047 956 984 315 
1048 315 984 314 
1049 23 24 957 
1050 957 24 985 
1051 957 985 958 
1052 958 985 986 
1053 958 986 959 
1054 959 986 987 
1055 959 987 960 
1056 960 987 988 
1057 960 988 961 
1058 961 988 989 
1059 961 989 962 
1060 962 989 990 
1061 962 990 963 
1062 963 990 991 
1063 963 991 964 
1064 964 991 992 
1065 964 992 965 
1066 965 992 993 
1067 965 993 966 
1068 966 993 994 
1069 966 994 967 
1070 967 994 995 
1071 967 995 968 
1072 968 995 996 
1073 968 996 969 
1074 969 996 997 
1075 969 997 970 
1076 970 997 998 
1077 970 998 971 
1078 971 998 999 
1079 971 999 972 
1080 972 999 1000 
1081 972 1000 973 
1082 973 1000 1001 
1083 973 1001 974 
1084 974 1001 1002 
1085 974 1002 975 
1086 975 1002 1003 
1087 975 1003 976 
1088 976 1003 1004 
1089 976 1004 977 
1090 977 1004 1005 
1091 977 1005 978 
1092 978 1005 1006 
1093 978 1006 979 
1094 979 1006 1007 
1095 979 1007 980 
1096 980 1007 1008 
1097 980 1008 981 
1098 981 1008 1009 
1099 981 1009 982 
1100 982 1009 1010 
1101 982 1010 983 
1102 983 1010 1011 
1103 983 1011 984 
1104 984 1011 1012 
1105 984 1012 314 
1106 314 1012 313 
1107 24 25 985 
1108 985 25 1013 
1109 985 1013 986 
1110 986 1013 1014 
1111 986 1014 987 
1112 987 1014 1015 
1113 987 1015 988 
1114 988 1015 1016 
1115 988 1016 989 
1116 989 1016 1017 
1117 989 1017 990 
1118 990 1017 1018 
1119 990 1018 991 
1120 991 1018 1019 
1121 991 1019 992 
1122 992 1019 1020 
1123 992 1020 993 
1124 993 1020 1021 
1125 993 1021 994 
1126 994 1021 1022 
1127 994 1022 995 
1128 995 1022 1023 
1129 995 1023 996 
1130 996 1023 1024 
1131 996 1024 997 
1132 997 1024 1025 
1133 997 1025 998 
1134 998 1025 1026 
1135 998 1026 999 
1136 999 1026 1027 
1137 999 1027 1000 
1138 1000 1027 1028 
1139 1000 1028 1001 
1140 1001 1028 1029 
1141 1001 1029 1002 
1142 1002 1029 1030 
1143 1002 1030 1003 
1144 1003 1030 1031 
1145 1003 1031 1004 
1146 1004 1031 1032 
1147 1004 1032 1005 
1148 1005 1032 1033 
1149 1005 1033 1006 
1150 1006 1033 1034 
1151 1006 1034 1007 
1152 1007 1034 1035 
1153 1007 1035 1008 
1154 1008 1035 1036 
1155 1008 1036 1009 
1156 1009 1036 1037 
1157 1009 1037 1010 
1158 1010 1037 1038 
1159 1010 1038 1011 
1160 1011 1038 1039 
1161 1011 1039 1012 
1162 1012 1039 1040 
1163 1012 1040 313 
1164 313 1040 312 
1165 25 26 1013 
1166 1013 26 1041 
1167 1013 1041 1014 
1168 1014 1041 1042 
1169 1014 1042 1015 
1170 1015 1042 1043 
1171 1015 1043 1016 
1172 1016 1043 1044 
1173 1016 1044 1017 
1174 1017 1044 1045 
1175 1017 1045 1018 
1176 1018 1045 1046 
1177 1018 1046 1019 
1178 1019 1046 1047 
1179 1019 1047 1020 
1180 1020 1047 1048 
1181 1020 1048 1021 
1182 1021 1048 1049 
1183 1021 1049 1022 
1184 1022 1049 1050 
1185 1022 1050 1023 
1186 1023 1050 1051 
1187 1023 1051 1024 
1188 1024 1051 1052 
1189 1024 1052 1025 
1190 1025 1052 1053 
1191 1025 1053 1026 
1192 1026 1053 1054 
1193 1026 1054 1027 
1194 1027 1054 1055 
1195 1027 1055 1028 
1196 1028 1055 1056 
1197 1028 1056 1029 
1198 1029 1056 1057 
1199 1029 1057 1030 
1200 1030 1057 1058 
1201 1030 1058 1031 
1202 1031 1058 1059 
1203 1031 1059 1032 
1204 1032 1059 1060 
1205 1032 1060 1033 
1206 1033 1060 1061 
1207 1033 1061 1034 
1208 1034 1061 1062 
1209 1034 1062 1035 
1210 1035 1062 1063 
1211 1035 1063 1036 
1212 1036 1063 1064 
1213 1036 1064 1037 
1214 1037 1064 1065 
1215 1037 1065 1038 
1216 1038 1065 1066 
1217 1038 1066 1039 
1218 1039 1066 1067 
1219 1039 1067 1040 
1220 1040 1067 1068 
1221 1040 1068 312 
1222 312 1068 311 
1223 26 27 1041 
1224 1041 27 1069 
1225 1041 1069 1042 
1226 1042 1069 1070 
1227 1042 1070 1043 
1228 1043 1070 1071 
1229 1043 1071 1044 
1230 1044 1071 1072 
1231 1044 1072 1045 
1232 1045 1072 1073 
1233 1045 1073 1046 
1234 1046 1073 1074 
1235 1046 1074 1047 
1236 1047 1074 1075 
1237 1047 1075 1048 
1238 1048 1075 1076 
1239 1048 1076 1049 
1240 1049 1076 1077 
1241 1049 1077 1050 
1242 1050 1077 1078 
1243 1050 1078 1051 
1244 1051 1078 1079 
1245 1051 1079 1052 
1246 1052 1079 1080 
1247 1052 1080 1053 
1248 1053 1080 1081 
1249 1053 1081 1054 
1250 1054 1081 1082 
1251 1054 1082 1055 
1252 1055 1082 1083 
1253 1055 1083 1056 
1254 1056 1083 1084 
1255 1056 1084 1057 
1256 1057 1084 1085 
1257 1057 1085 1058 
1258 1058 1085 1086 
1259 1058 1086 1059 
1260 1059 1086 1087 
1261 1059 1087 1060 
1262 1060 1087 1088 
1263 1060 1088 1061 
1264 1061 1088 1089 
1265 1061 1089 1062 
1266 1062 1089 1090 
1267 1062 1090 1063 
1268 1063 1090 1091 
1269 1063 1091 1064 
1270 1064 1091 1092 
1271 1064 1092 1065 
1272 1065 1092 1093 
1273 1065 1093 1066 
1274 1066 1093 1094 
1275 1066 1094 1067 
1276 1067 1094 1095 
1277 1067 1095 1068 
1278 1068 1095 1096 
1279 1068 1096 311 
1280 311 1096 310 
1281 27 28 1069 
1282 1069 28 1097 
1283 1069 1097 1070 
1284 1070 1097 1098 
1285 1070 1098 1071 
1286 1071 1098 1099 
1287 1071 1099 1072 
1288 1072 1099 1100 
1289 1072 1100 1073 
1290 1073 1100 1101 
1291 1073 1101 1074 
1292 1074 1101 1102 
1293 1074 1102 1075 
1294 1075 1102 1103 
1295 1075 1103 1076 
1296 1076 1103 1104 
1297 1076 1104 1077 
1298 1077 1104 1105 
1299 1077 1105 1078 
1300 1078 1105 1106 
1301 1078 1106 1079 
1302 1079 1106 1107 
1303 1079 1107 1080 
1304 1080 1107 1108 
1305 1080 1108 1081 
1306 1081 1108 1109 
1307 1081 1109 1082 
1308 1082 1109 1110 
1309 1082 1110 1083 
1310 1083 1110 1111 
1311 1083 1111 1084 
1312 1084 1111 1112 
1313 1084 1112 1085 
1314 1085 1112 1113 
1315 1085 1113 1086 
1316 1086 1113 1114 
1317 1086 1114 1087 
1318 1087 1114 1115 
1319 1087 1115 1088 
1320 1088 1115 1116 
1321 1088 1116 1089 
1322 1089 1116 1117 
1323 1089 1117 1090 
1324 1090 1117 1118 
1325 1090 1118 1091 
1326 1091 1118 1119 
1327 1091 1119 1092 
1328 1092 1119 1120 
1329 1092 1120 1093 
1330 1093 1120 1121 
1331 1093 1121 1094 
1332 1094 1121 1122 
1333 1094 1122 1095 
1334 1095 1122 1123 
1335 1095 1123 1096 
1336 1096 1123 1124 
1337 1096 1124 310 
1338 310 1124 309 
1339 28 29 1097 
1340 1097 29 1125 
1341 1097 1125 1098 
1342 1098 1125 1126 
1343 1098 1126 1099 
1344 1099 1126 1127 
1345 1099 1127 1100 
1346 1100 1127 1128 
1347 1100 1128 1101 
1348 1101 1128 1129 
1349 1101 1129 1102 
1350 1102 1129 1130 
1351 1102 1130 1103 
1352 1103 1130 1131 
1353 1103 1131 1104 
1354 1104 1131 1132 
1355 1104 1132 1105 
1356 1105 1132 1133 
1357 1105 1133 1106 
1358 1106 1133 1134 
1359 1106 1134 1107 
1360 1107 1134 1135 
1361 1107 1135 1108 
1362 1108 1135 1136 
1363 1108 1136 1109 
1364 1109 1136 1137 
1365 1109 1137 1110 
1366 1110 1137 1138 
1367 1110 1138 1111 
1368 1111 1138 1139 
1369 1111 1139 1112 
1370 1112 1139 1140 
1371 1112 1140 1113 
1372 1113 1140 1141 
1373 1113 1141 1114 
1374 1114 1141 1142 
1375 1114 1142 1115 
1376 1115 1142 1143 
1377 1115 1143 1116 
1378 1116 1143 1144 
1379 1116 1144 1117 
1380 1117 1144 1145 
1381 1117 1145 1118 
1382 1118 1145 1146 
1383 1118 1146 1119 
1384 1119 1146 1147 
1385 1119 1147 1120 
1386 1120 1147 1148 
1387 1120 1148 1121 
1388 1121 1148 1149 
1389 1121 1149 1122 
1390 1122 1149 1150 
1391 1122 1150 1123 
1392 1123 1150 1151 
1393 1123 1151 1124 
1394 1124 1151 1152 
1395 1124 1152 309 
1396 309 1152 308 
1397 29 30 1125 
1398 1125 30 1153 
1399 1125 1153 1126 
1400 1126 1153 1154 
1401 1126 1154 1127 
1402 1127 1154 1155 
1403 1127 1155 1128 
1404 1128 1155 1156 
1405 1128 1156 1129 
1406 1129 1156 1157 
1407 1129 1157 1130 
1408 1130 1157 1158 
1409 1130 1158 1131 
1410 1131 1158 1159 
1411 1131 1159 1132 
1412 1132 1159 1160 
1413 1132 1160 1133 
1414 1133 1160 1161 
1415 1133 1161 1134 
1416 1134 1161 1162 
1417 1134 1162 1135 
1418 1135 1162 1163 
1419 1135 1163 1136 
1420 1136 1163 1164 
1421 1136 1164 1137 
1422 1137 1164 1165 
1423 1137 1165 1138 
1424 1138 1165 1166 
1425 1138 1166 1139 
1426 1139 1166 1167 
1427 1139 1167 1140 
1428 1140 1167 1168 
1429 1140 1168 1141 
1430 1141 1168 1169 
1431 1141 1169 1142 
1432 1142 1169 1170 
1433 1142 1170 1143 
1434 1143 1170 1171 
1435 1143 1171 1144 
1436 1144 1171 1172 
1437 1144 1172 1145 
1438 1145 1172 1173 
1439 1145 1173 1146 
1440 1146 1173 1174 
1441 1146 1174 1147 
1442 1147 1174 1175 
1443 1147 1175 1148 
1444 1148 1175 1176 
1445 1148 1176 1149 
1446 1149 1176 1177 
1447 1149 1177 1150 
1448 1150 1177 1178 
1449 1150 1178 1151 
1450 1151 1178 1179 
1451 1151 1179 1152 
1452 1152 1179 1180 
1453 1152 1180 308 
1454 308 1180 307 
1455 30 31 1153 
1456 1153 31 1181 
1457 1153 1181 1154 
1458 1154 1181 1182 
1459 1154 1182 1155 
1460 1155 1182 1183 
1461 1155 1183 1156 
1462 1156 1183 1184 
1463 1156 1184 1157 
1464 1157 1184 1185 
1465 1157 1185 1158 
1466 1158 1185 1186 
1467 1158 1186 1159 
1468 1159 1186 1187 
1469 1159 1187 1160 
1470 1160 1187 1188 
1471 1160 1188 1161 
1472 1161 1188 1189 
1473 1161 1189 1162 
1474 1162 1189 1190 
1475 1162 1190 1163 
1476 1163 1190 1191 
1477 1163 1191 1164 
1478 1164 1191 1192 
1479 1164 1192 1165 
1480 1165 1192 1193 
1481 1165 1193 1166 
1482 1166 1193 1194 
1483 1166 1194 1167 
1484 1167 1194 1195 
1485 1167 1195 1168 
1486 1168 1195 1196 
1487 1168 1196 1169 
1488 1169 1196 1197 
1489 1169 1197 1170 
1490 1170 1197 1198 
1491 1170 1198 1171 
1492 1171 1198 1199 
1493 1171 1199 1172 
1494 1172 1199 1200 
1495 1172 1200 1173 
1496 1173 1200 1201 
1497 1173 1201 1174 
1498 1174 1201 1202 
1499 1174 1202 1175 
1500 1175 1202 1203 
1501 1175 1203 1176 
1502 1176 1203 1204 
1503 1176 1204 1177 
1504 1177 1204 1205 
1505 1177 1205 1178 
1506 1178 1205 1206 
1507 1178 1206 1179 
1508 1179 1206 1207 
1509 1179 1207 1180 
1510 1180 1207 1208 
1511 1180 1208 307 
1512 307 1208 306 
1513 31 32 1181 
1514 1181 32 1209 
1515 1181 1209 1182 
1516 1182 1209 1210 
1517 1182 1210 1183 
1518 1183 1210 1211 
1519 1183 1211 1184 
1520 1184 1211 1212 
1521 1184 1212 1185 
1522 1185 1212 1213 
1523 1185 1213 1186 
1524 1186 1213 1214 
1525 1186 1214 1187 
1526 1187 1214 1215 
1527 1187 1215 1188 
1528 1188 1215 1216 
1529 1188 1216 1189 
1530 1189 1216 1217 
1531 1189 1217 1190 
1532 1190 1217 1218 
1533 1190 1218 1191 
1534 1191 1218 1219 
1535 1191 1219 1192 
1536 1192 1219 1220 
1537 1192 1220 1193 
1538 1193 1220 1221 
1539 1193 1221 1194 
1540 1194 1221 1222 
1541 1194 1222 1195 
1542 1195 1222 1223 
1543 1195 1223 1196 
1544 1196 1223 1224 
1545 1196 1224 1197 
1546 1197 1224 1225 
1547 1197 1225 1198 
1548 1198 1225 1226 
1549 1198 1226 1199 
1550 1199 1226 1227 
1551 1199 1227 1200 
1552 1200 1227 1228 
1553 1200 1228 1201 
1554 1201 1228 1229 
1555 1201 1229 1202 
1556 1202 1229 1230 
1557 1202 1230 1203 
1558 1203 1230 1231 
1559 1203 1231 1204 
1560 1204 1231 1232 
1561 1204 1232 1205 
1562 1205 1232 1233 
1563 1205 1233 1206 
1564 1206 1233 1234 
1565 1206 1234 1207 
1566 1207 1234 1235 
1567 1207 1235 1208 
1568 1208 1235 1236 
1569 1208 1236 306 
1570 306 1236 305 
1571 32 33 1209 
1572 1209 33 1237 
1573 1209 1237 1210 
1574 1210 1237 1238 
1575 1210 1238 1211 
1576 1211 1238 1239 
1577 1211 1239 1212 
1578 1212 1239 1240 
1579 1212 1240 1213 
1580 1213 1240 1241 
1581 1213 1241 1214 
1582 1214 1241 1242 
1583 1214 1242 1215 
1584 1215 1242 1243 
1585 1215 1243 1216 
1586 1216 1243 1244 
1587 1216 1244 1217 
1588 1217 1244 1245 
1589 1217 1245 1218 
1590 1218 1245 1246 
1591 1218 1246 1219 
1592 1219 1246 1247 
1593 1219 1247 1220 
1594 1220 1247 1248 
1595 1220 1248 1221 
1596 1221 1248 1249 
1597 1221 1249 1222 
1598 1222 1249 1250 
1599 1222 1250 1223 
1600 1223 1250 1251 
1601 1223 1251 1224 
1602 1224 1251 1252 
1603 1224 1252 1225 
1604 1225 1252 1253 
1605 1225 1253 1226 
1606 1226 1253 1254 
1607 1226 1254 1227 
1608 1227 1254 1255 
1609 1227 1255 1228 
1610 1228 1255 1256 
1611 1228 1256 1229 
1612 1229 1256 1257 
1613 1229 1257 1230 
1614 1230 1257 1258 
1615 1230 1258 1231 
1616 1231 1258 1259 
1617 1231 1259 1232 
1618 1232 1259 1260 
1619 1232 1260 1233 
1620 1233 1260 1261 
1621 1233 1261 1234 
1622 1234 1261 1262 
1623 1234 1262 1235 
1624 1235 1262 1263 
1625 1235 1263 1236 
1626 1236 1263 1264 
1627 1236 1264 305 
1628 305 1264 304 
1629 33 34 1237 
1630 1237 34 1265 
1631 1237 1265 1238 
1632 1238 1265 1266 
1633 1238 1266 1239 
1634 1239 1266 1267 
1635 1239 1267 1240 
1636 1240 1267 1268 
1637 1240 1268 1241 
1638 1241 1268 1269 
1639 1241 1269 1242 
1640 1242 1269 1270 
1641 1242 1270 1243 
1642 1243 1270 1271 
1643 1243 1271 1244 
1644 1244 1271 1272 
1645 1244 1272 1245 
1646 1245 1272 1273 
1647 1245 1273 1246 
1648 1246 1273 1274 
1649 1246 1274 1247 
1650 1247 1274 1275 
1651 1247 1275 1248 
1652 1248 1275 1276 
1653 1248 1276 1249 
1654 1249 1276 1277 
1655 1249 1277 1250 
1656 1250 1277 1278 
1657 1250 1278 1251 
1658 1251 1278 1279 
1659 1251 1279 1252 
1660 1252 1279 1280 
1661 1252 1280 1253 
1662 1253 1280 1281 
1663 1253 1281 1254 
1664 1254 1281 1282 
1665 1254 1282 1255 
1666 1255 1282 1283 
1667 1255 1283 1256 
1668 1256 1283 1284 
1669 1256 1284 1257 
1670 1257 1284 1285 
1671 1257 1285 1258 
1672 1258 1285 1286 
1673 1258 1286 1259 
1674 1259 1286 1287 
1675 1259 1287 1260 
1676 1260 1287 1288 
1677 1260 1288 1261 
1678 1261 1288 1289 
1679 1261 1289 1262 
1680 1262 1289 1290 
1681 1262 1290 1263 
1682 1263 1290 1291 
1683 1263 1291 1264 
1684 1264 1291 1292 
1685 1264 1292 304 
1686 304 1292 303 
1687 34 35 1265 
1688 1265 35 1293 
1689 1265 1293 1266 
1690 1266 1293 1294 
1691 1266 1294 1267 
1692 1267 1294 1295 
1693 1267 1295 1268 
1694 1268 1295 1296 
1695 1268 1296 1269 
1696 1269 1296 1297 
1697 1269 1297 1270 
1698 1270 1297 1298 
1699 1270 1298 1271 
1700 1271 1298 1299 
1701 1271 1299 1272 
1702 1272 1299 1300 
1703 1272 1300 1273 
1704 1273 1300 1301 
1705 1273 1301 1274 
1706 1274 1301 1302 
1707 1274 1302 1275 
1708 1275 1302 1303 
1709 1275 1303 1276 
1710 1276 1303 1304 
1711 1276 1304 1277 
1712 1277 1304 1305 
1713 1277 1305 1278 
1714 1278 1305 1306 
1715 1278 1306 1279 
1716 1279 1306 1307 
1717 1279 1307 1280 
1718 1280 1307 1308 
1719 1280 1308 1281 
1720 1281 1308 1309 
1721 1281 1309 1282 
1722 1282 1309 1310 
1723 1282 1310 1283 
1724 1283 1310 1311 
1725 1283 1311 1284 
1726 1284 1311 1312 
1727 1284 1312 1285 
1728 1285 1312 1313 
1729 1285 1313 1286 
1730 1286 1313 1314 
1731 1286 1314 1287 
1732 1287 1314 1315 
1733 1287 1315 1288 
1734 1288 1315 1316 
1735 1288 1316 1289 
1736 1289 1316 1317 
1737 1289 1317 1290 
1738 1290 1317 1318 
1739 1290 1318 1291 
1740 1291 1318 1319 
1741 1291 1319 1292 
1742 1292 1319 1320 
1743 1292 1320 303 
1744 303 1320 302 
1745 35 36 1293 
1746 1293 36 1321 
1747 1293 1321 1294 
1748 1294 1321 1322 
1749 1294 1322 1295 
1750 1295 1322 1323 
1751 1295 1323 1296 
1752 1296 1323 1324 
1753 1296 1324 1297 
1754 1297 1324 1325 
1755 1297 1325 1298 
1756 1298 1325 1326 
1757 1298 1326 1299 
1758 1299 1326 1327 
1759 1299 1327 1300 
1760 1300 1327 1328 
1761 1300 1328 1301 
1762 1301 1328 1329 
1763 1301 1329 1302 
1764 1302 1329 1330 
1765 1302 1330 1303 
1766 1303 1330 1331 
1767 1303 1331 1304 
1768 1304 1331 1332 
1769 1304 1332 1305 
1770 1305 1332 1333 
1771 1305 1333 1306 
1772 1306 1333 1334 
1773 1306 1334 1307 
1774 1307 1334 1335 
1775 1307 1335 1308 
1776 1308 1335 1336 
1777 1308 1336 1309 
1778 1309 1336 1337 
1779 1309 1337 1310 
1780 1310 1337 1338 
1781 1310 1338 1311 
1782 1311 1338 1339 
1783 1311 1339 1312 
1784 1312 1339 1340 
1785 1312 1340 1313 
1786 1313 1340 1341 
1787 1313 1341 1314 
1788 1314 1341 1342 
1789 1314 1342 1315 
1790 1315 1342 1343 
1791 1315 1343 1316 
1792 1316 1343 1344 
1793 1316 1344 1317 
1794 1317 1344 1345 
1795 1317 1345 1318 
1796 1318 1345 1346 
1797 1318 1346 1319 
1798 1319 1346 1347 
1799 1319 1347 1320 
1800 1320 1347 1348 
1801 1320 1348 302 
1802 302 1348 301 
1803 36 37 1321 
1804 1321 37 1349 
1805 1321 1349 1322 
1806 1322 1349 1350 
1807 1322 1350 1323 
1808 1323 1350 1351 
1809 1323 1351 1324 
1810 1324 1351 1352 
1811 1324 1352 1325 
1812 1325 1352 1353 
1813 1325 1353 1326 
1814 1326 1353 1354 
1815 1326 1354 1327 
1816 1327 1354 1355 
1817 1327 1355 1328 
1818 1328 1355 1356 
1819 1328 1356 1329 
1820 1329 1356 1357 
1821 1329 1357 1330 
1822 1330 1357 1358 
1823 1330 1358 1331 
1824 1331 1358 1359 
1825 1331 1359 1332 
1826 1332 1359 1360 
1827 1332 1360 1333 
1828 1333 1360 1361 
1829 1333 1361 1334 
1830 1334 1361 1362 
1831 1334 1362 1335 
1832 1335 1362 1363 
1833 1335 1363 1336 
1834 1336 1363 1364 
1835 1336 1364 1337 
1836 1337 1364 1365 
1837 1337 1365 1338 
1838 1338 1365 1366 
1839 1338 1366 1339 
1840 1339 1366 1367 
1841 1339 1367 1340 
1842 1340 1367 1368 
1843 1340 1368 1341 
1844 1341 1368 1369 
1845 1341 1369 1342 
1846 1342 1369 1370 
1847 1342 1370 1343 
1848 1343 1370 1371 
1849 1343 1371 1344 
1850 1344 1371 1372 
1851 1344 1372 1345 
1852 1345 1372 1373 
1853 1345 1373 1346 
1854 1346 1373 1374 
1855 1346 1374 1347 
1856 1347 1374 1375 
1857 1347 1375 1348 
1858 1348 1375 1376 
1859 1348 1376 301 
1860 301 1376 300 
1861 37 38 1349 
1862 1349 38 1377 
1863 1349 1377 1350 
1864 1350 1377 1378 
1865 1350 1378 1351 
1866 1351 1378 1379 
1867 1351 1379 1352 
1868 1352 1379 1380 
1869 1352 1380 1353 
1870 1353 1380 1381 
1871 1353 1381 1354 
1872 1354 1381 1382 
1873 1354 1382 1355 
1874 1355 1382 1383 
1875 1355 1383 1356 
1876 1356 1383 1384 
1877 1356 1384 1357 
1878 1357 1384 1385 
1879 1357 1385 1358 
1880 1358 1385 1386 
1881 1358 1386 1359 
1882 1359 1386 1387 
1883 1359 1387 1360 
1884 1360 1387 1388 
1885 1360 1388 1361 
1886 1361 1388 1389 
1887 1361 1389 1362 
1888 1362 1389 1390 
1889 1362 1390 1363 
1890 1363 1390 1391 
1891 1363 1391 1364 
1892 1364 1391 1392 
1893 1364 1392 1365 
1894 1365 1392 1393 
1895 1365 1393 1366 
1896 1366 1393 1394 
1897 1366 1394 1367 
1898 1367 1394 1395 
1899 1367 1395 1368 
1900 1368 1395 1396 
1901 1368 1396 1369 
1902 1369 1396 1397 
1903 1369 1397 1370 
1904 1370 1397 1398 
1905 1370 1398 1371 
1906 1371 1398 1399 
1907 1371 1399 1372 
1908 1372 1399 1400 
1909 1372 1400 1373 
1910 1373 1400 1401 
1911 1373 1401 1374 
1912 1374 1401 1402 
1913 1374 1402 1375 
1914 1375 1402 1403 
1915 1375 1403 1376 
1916 1376 1403 1404 
1917 1376 1404 300 
1918 300 1404 299 
1919 38 39 1377 
1920 1377 39 1405 
1921 1377 1405 1378 
1922 1378 1405 1406 
1923 1378 1406 1379 
1924 1379 1406 1407 
1925 1379 1407 1380 
1926 1380 1407 1408 
1927 1380 1408 1381 
1928 1381 1408 1409 
1929 1381 1409 1382 
1930 1382 1409 1410 
1931 1382 1410 1383 
1932 1383 1410 1411 
1933 1383 1411 1384 
1934 1384 1411 1412 
1935 1384 1412 1385 
1936 1385 1412 1413 
1937 1385 1413 1386 
1938 1386 1413 1414 
1939 1386 1414 1387 
1940 1387 1414 1415 
1941 1387 1415 1388 
1942 1388 1415 1416 
1943 1388 1416 1389 
1944 1389 1416 1417 
1945 1389 1417 1390 
1946 1390 1417 1418 
1947 1390 1418 1391 
1948 1391 1418 1419 
1949 1391 1419 1392 
1950 1392 1419 1420 
1951 1392 1420 1393 
1952 1393 1420 1421 
1953 1393 1421 1394 
1954 1394 1421 1422 
1955 1394 1422 1395 
1956 1395 1422 1423 
1957 1395 1423 1396 
1958 1396 1423 1424 
1959 1396 1424 1397 
1960 1397 1424 1425 
1961 1397 1425 1398 
1962 1398 1425 1426 
1963 1398 1426 1399 
1964 1399 1426 1427 
1965 1399 1427 1400 
1966 1400 1427 1428 
1967 1400 1428 1401 
1968 1401 1428 1429 
1969 1401 1429 1402 
1970 1402 1429 1430 
1971 1402 1430 1403 
1972 1403 1430 1431 
1973 1403 1431 1404 
1974 1404 1431 1432 
1975 1404 1432 299 
1976 299 1432 298 
1977 39 40 1405 
1978 1405 40 1433 
1979 1405 1433 1406 
1980 1406 1433 1434 
1981 1406 1434 1407 
1982 1407 1434 1435 
1983 1407 1435 1408 
1984 1408 1435 1436 
1985 1408 1436 1409 
1986 1409 1436 1437 
1987 1409 1437 1410 
1988 1410 1437 1438 
1989 1410 1438 1411 
1990 1411 1438 1439 
1991 1411 1439 1412 
1992 1412 1439 1440 
1993 1412 1440 1413 
1994 1413 1440 1441 
1995 1413 1441 1414 
1996 1414 1441 1442 
1997 1414 1442 1415 
1998 1415 1442 1443 
1999 1415 1443 1416 
2000 1416 1443 1444 
2001 1416 1444 1417 
2002 1417 1444 1445 
2003 1417 1445 1418 
2004 1418 1445 1446 
2005 1418 1446 1419 
2006 1419 1446 1447 
2007 1419 1447 1420 
2008 1420 1447 1448 
2009 1420 1448 1421 
2010 1421 1448 1449 
2011 1421 1449 1422 
2012 1422 1449 1450 
2013 1422 1450 1423 
2014 1423 1450 1451 
2015 1423 1451 1424 
2016 1424 1451 1452 
2017 1424 1452 1425 
2018 1425 1452 1453 
2019 1425 1453 1426 
2020 1426 1453 1454 
2021 1426 1454 1427 
2022 1427 1454 1455 
2023 1427 1455 1428 
2024 1428 1455 1456 
2025 1428 1456 1429 
2026 1429 1456 1457 
2027 1429 1457 1430 
2028 1430 1457 1458 
2029 1430 1458 1431 
2030 1431 1458 1459 
2031 1431 1459 1432 
2032 1432 1459 1460 
2033 1432 1460 298 
2034 298 1460 297 
2035 40 41 1433 
2036 1433 41 1461 
2037 1433 1461 1434 
2038 1434 1461 1462 
2039 1434 1462 1435 
2040 1435 1462 1463 
2041 1435 1463 1436 
2042 1436 1463 1464 
2043 1436 1464 1437 
2044 1437 1464 1465 
2045 1437 1465 1438 
2046 1438 1465 1466 
2047 1438 1466 1439 
2048 1439 1466 1467 
2049 1439 1467 1440 
2050 1440 1467 1468 
2051 1440 1468 1441 
2052 1441 1468 1469 
2053 1441 1469 1442 
2054 1442 1469 1470 
2055 1442 1470 1443 
2056 1443 1470 1471 
2057 1443 1471 1444 
2058 1444 1471 1472 
2059 1444 1472 1445 
2060 1445 1472 1473 
2061 1445 1473 1446 
2062 1446 1473 1474 
2063 1446 1474 1447 
2064 1447 1474 1475 
2065 1447 1475 1448 
2066 1448 1475 1476 
2067 1448 1476 1449 
2068 1449 1476 1477 
2069 1449 1477 1450 
2070 1450 1477 1478 
2071 1450 1478 1451 
2072 1451 1478 1479 
2073 1451 1479 1452 
2074 1452 1479 1480 
2075 1452 1480 1453 
2076 1453 1480 1481 
2077 1453 1481 1454 
2078 1454 1481 1482 
2079 1454 1482 1455 
2080 1455 1482 1483 
2081 1455 1483 1456 
2082 1456 1483 1484 
2083 1456 1484 1457 
2084 1457 1484 1485 
2085 1457 1485 1458 
2086 1458 1485 1486 
2087 1458 1486 1459 
2088 1459 1486 1487 
2089 1459 1487 1460 
2090 1460 1487 1488 
2091 1460 1488 297 
2092 297 1488 296 
2093 41 42 1461 
2094 1461 42 1489 
2095 1461 1489 1462 
2096 1462 1489 1490 
2097 1462 1490 1463 
2098 1463 1490 1491 
2099 1463 1491 1464 
2100 1464 1491 1492 
2101 1464 1492 1465 
2102 1465 1492 1493 
2103 1465 1493 1466 
2104 1466 1493 1494 
2105 1466 1494 1467 
2106 1467 1494 1495 
2107 1467 1495 1468 
2108 1468 1495 1496 
2109 1468 1496 1469 
2110 1469 1496 1497 
2111 1469 1497 1470 
2112 1470 1497 1498 
2113 1470 1498 1471 
2114 1471 1498 1499 
2115 1471 1499 1472 
2116 1472 1499 1500 
2117 1472 1500 1473 
2118 1473 1500 1501 
2119 1473 1501 1474 
2120 1474 1501 1502 
2121 1474 1502 1475 
2122 1475 1502 1503 
2123 1475 1503 1476 
2124 1476 1503 1504 
2125 1476 1504 1477 
2126 1477 1504 1505 
2127 1477 1505 1478 
2128 1478 1505 1506 
2129 1478 1506 1479 
2130 1479 1506 1507 
2131 1479 1507 1480 
2132 1480 1507 1508 
2133 1480 1508 1481 
2134 1481 1508 1509 
2135 1481 1509 1482 
2136 1482 1509 1510 
2137 1482 1510 1483 
2138 1483 1510 1511 
2139 1483 1511 1484 
2140 1484 1511 1512 
2141 1484 1512 1485 
2142 1485 1512 1513 
2143 1485 1513 1486 
2144 1486 1513 1514 
2145 1486 1514 1487 
2146 1487 1514 1515 
2147 1487 1515 1488 
2148 1488 1515 1516 
2149 1488 1516 296 
2150 296 1516 295 
2151 42 43 1489 
2152 1489 43 1517 
2153 1489 1517 1490 
2154 1490 1517 1518 
2155 1490 1518 1491 
2156 1491 1518 1519 
2157 1491 1519 1492 
2158 1492 1519 1520 
2159 1492 1520 1493 
2160 1493 1520 1521 
2161 1493 1521 1494 
2162 1494 1521 1522 
2163 1494 1522 1495 
2164 1495 1522 1523 
2165 1495 1523 1496 
2166 1496 1523 1524 
2167 1496 1524 1497 
2168 1497 1524 1525 
2169 1497 1525 1498 
2170 1498 1525 1526 
2171 1498 1526 1499 
2172 1499 1526 1527 
2173 1499 1527 1500 
2174 1500 1527 1528 
2175 1500 1528 1501 
2176 1501 1528 1529 
2177 1501 1529 1502 
2178 1502 1529 1530 
2179 1502 1530 1503 
2180 1503 1530 1531 
2181 1503 1531 1504 
2182 1504 1531 1532 
2183 1504 1532 1505 
2184 1505 1532 1533 
2185 1505 1533 1506 
2186 1506 1533 1534 
2187 1506 1534 1507 
2188 1507 1534 1535 
2189 1507 1535 1508 
2190 1508 1535 1536 
2191 1508 1536 1509 
2192 1509 1536 1537 
2193 1509 1537 1510 
2194 1510 1537 1538 
2195 1510 1538 1511 
2196 1511 1538 1539 
2197 1511 1539 1512 
2198 1512 1539 1540 
2199 1512 1540 1513 
2200 1513 1540 1541 
2201 1513 1541 1514 
2202 1514 1541 1542 
2203 1514 1542 1515 
2204 1515 1542 1543 
2205 1515 1543 1516 
2206 1516 1543 1544 
2207 1516 1544 295 
2208 295 1544 294 
2209 43 44 1517 
2210 1517 44 1545 
2211 1517 1545 1518 
2212 1518 1545 1546 
2213 1518 1546 1519 
2214 1519 1546 1547 
2215 1519 1547 1520 
2216 1520 1547 1548 
2217 1520 1548 1521 
2218 1521 1548 1549 
2219 1521 1549 1522 
2220 1522 1549 1550 
2221 1522 1550 1523 
2222 1523 1550 1551 
2223 1523 1551 1524 
2224 1524 1551 1552 
2225 1524 1552 1525 
2226 1525 1552 1553 
2227 1525 1553 1526 
2228 1526 1553 1554 
2229 1526 1554 1527 
2230 1527 1554 1555 
2231 1527 1555 1528 
2232 1528 1555 1556 
2233 1528 1556 1529 
2234 1529 1556 1557 
2235 1529 1557 1530 
2236 1530 1557 1558 
2237 1530 1558 1531 
2238 1531 1558 1559 
2239 1531 1559 1532 
2240 1532 1559 1560 
2241 1532 1560 1533 
2242 1533 1560 1561 
2243 1533 1561 1534 
2244 1534 1561 1562 
2245 1534 1562 1535 
2246 1535 1562 1563 
2247 1535 1563 1536 
2248 1536 1563 1564 
2249 1536 1564 1537 
2250 1537 1564 1565 
2251 1537 1565 1538 
2252 1538 1565 1566 
2253 1538 1566 1539 
2254 1539 1566 1567 
2255 1539 1567 1540 
2256 1540 1567 1568 
2257 1540 1568 1541 
2258 1541 1568 1569 
2259 1541 1569 1542 
2260 1542 1569 1570 
2261 1542 1570 1543 
2262 1543 1570 1571 
2263 1543 1571 1544 
2264 1544 1571 1572 
2265 1544 1572 294 
2266 294 1572 293 
2267 44 45 1545 
2268 1545 45 1573 
2269 1545 1573 1546 
2270 1546 1573 1574 
2271 1546 1574 1547 
2272 1547 1574 1575 
2273 1547 1575 1548 
2274 1548 1575 1576 
2275 1548 1576 1549 
2276 1549 1576 1577 
2277 1549 1577 1550 
2278 1550 1577 1578 
2279 1550 1578 1551 
2280 1551 1578 1579 
2281 1551 1579 1552 
2282 1552 1579 1580 
2283 1552 1580 1553 
2284 1553 1580 1581 
2285 1553 1581 1554 
2286 1554 1581 1582 
2287 1554 1582 1555 
2288 1555 1582 1583 
2289 1555 1583 1556 
2290 1556 1583 1584 
2291 1556 1584 1557 
2292 1557 1584 1585 
2293 1557 1585 1558 
2294 1558 1585 1586 
2295 1558 1586 1559 
2296 1559 1586 1587 
2297 1559 1587 1560 
2298 1560 1587 1588 
2299 1560 1588 1561 
2300 1561 1588 1589 
2301 1561 1589 1562 
2302 1562 1589 1590 
2303 1562 1590 1563 
2304 1563 1590 1591 
2305 1563 1591 1564 
2306 1564 1591 1592 
2307 1564 1592 1565 
2308 1565 1592 1593 
2309 1565 1593 1566 
2310 1566 1593 1594 
2311 1566 1594 1567 
2312 1567 1594 1595 
2313 1567 1595 1568 
2314 1568 1595 1596 
2315 1568 1596 1569 
2316 1569 1596 1597 
2317 1569 1597 1570 
2318 1570 1597 1598 
2319 1570 1598 1571 
2320 1571 1598 1599 
2321 1571 1599 1572 
2322 1572 1599 1600 
2323 1572 1600 293 
2324 293 1600 292 
2325 45 46 1573 
2326 1573 46 1601 
2327 1573 1601 1574 
2328 1574 1601 1602 
2329 1574 1602 1575 
2330 1575 1602 1603 
2331 1575 1603 1576 
2332 1576 1603 1604 
2333 1576 1604 1577 
2334 1577 1604 1605 
2335 1577 1605 1578 
2336 1578 1605 1606 
2337 1578 1606 1579 
2338 1579 1606 1607 
2339 1579 1607 1580 
2340 1580 1607 1608 
2341 1580 1608 1581 
2342 1581 1608 1609 
2343 1581 1609 1582 
2344 1582 1609 1610 
2345 1582 1610 1583 
2346 1583 1610 1611 
2347 1583 1611 1584 
2348 1584 1611 1612 
2349 1584 1612 1585 
2350 1585 1612 1613 
2351 1585 1613 1586 
2352 1586 1613 1614 
2353 1586 1614 1587 
2354 1587 1614 1615 
2355 1587 1615 1588 
2356 1588 1615 1616 
2357 1588 1616 1589 
2358 1589 1616 1617 
2359 1589 1617 1590 
2360 1590 1617 1618 
2361 1590 1618 1591 
2362 1591 1618 1619 
2363 1591 1619 1592 
2364 1592 1619 1620 
2365 1592 1620 1593 
2366 1593 1620 1621 
2367 1593 1621 1594 
2368 1594 1621 1622 
2369 1594 1622 1595 
2370 1595 1622 1623 
2371 1595 1623 1596 
2372 1596 1623 1624 
2373 1596 1624 1597 
2374 1597 1624 1625 
2375 1597 1625 1598 
2376 1598 1625 1626 
2377 1598 1626 1599 
2378 1599 1626 1627 
2379 1599 1627 1600 
2380 1600 1627 1628 
2381 1600 1628 292 
2382 292 1628 291 
2383 46 47 1601 
2384 1601 47 1629 
2385 1601 1629 1602 
2386 1602 1629 1630 
2387 1602 1630 1603 
2388 1603 1630 1631 
2389 1603 1631 1604 
2390 1604 1631 1632 
2391 1604 1632 1605 
2392 1605 1632 1633 
2393 1605 1633 1606 
2394 1606 1633 1634 
2395 1606 1634 1607 
2396 1607 1634 1635 
2397 1607 1635 1608 
2398 1608 1635 1636 
2399 1608 1636 1609 
2400 1609 1636 1637 
2401 1609 1637 1610 
2402 1610 1637 1638 
2403 1610 1638 1611 
2404 1611 1638 1639 
2405 1611 1639 1612 
2406 1612 1639 1640 
2407 1612 1640 1613 
2408 1613 1640 1641 
2409 1613 1641 1614 
2410 1614 1641 1642 
2411 1614 1642 1615 
2412 1615 1642 1643 
2413 1615 1643 1616 
2414 1616 1643 1644 
2415 1616 1644 1617 
2416 1617 1644 1645 
2417 1617 1645 1618 
2418 1618 1645 1646 
2419 1618 1646 1619 
2420 1619 1646 1647 
2421 1619 1647 1620 
2422 1620 1647 1648 
2423 1620 1648 1621 
2424 1621 1648 1649 
2425 1621 1649 1622 
2426 1622 1649 1650 
2427 1622 1650 1623 
2428 1623 1650 1651 
2429 1623 1651 1624 
2430 1624 1651 1652 
2431 1624 1652 1625 
2432 1625 1652 1653 
2433 1625 1653 1626 
2434 1626 1653 1654 
2435 1626 1654 1627 
2436 1627 1654 1655 
2437 1627 1655 1628 
2438 1628 1655 1656 
2439 1628 1656 291 
2440 291 1656 290 
2441 47 48 1629 
2442 1629 48 1657 
2443 1629 1657 1630 
2444 1630 1657 1658 
2445 1630 1658 1631 
2446 1631 1658 1659 
2447 1631 1659 1632 
2448 1632 1659 1660 
2449 1632 1660 1633 
2450 1633 1660 1661 
2451 1633 1661 1634 
2452 1634 1661 1662 
2453 1634 1662 1635 
2454 1635 1662 1663 
2455 1635 1663 1636 
2456 1636 1663 1664 
2457 1636 1664 1637 
2458 1637 1664 1665 
2459 1637 1665 1638 
2460 1638 1665 1666 
2461 1638 1666 1639 
2462 1639 1666 1667 
2463 1639 1667 1640 
2464 1640 1667 1668 
2465 1640 1668 1641 
2466 1641 1668 1669 
2467 1641 1669 1642 
2468 1642 1669 1670 
2469 1642 1670 1643 
2470 1643 1670 1671 
2471 1643 1671 1644 
2472 1644 1671 1672 
2473 1644 1672 1645 
2474 1645 1672 1673 
2475 1645 1673 1646 
2476 1646 1673 1674 
2477 1646 1674 1647 
2478 1647 1674 1675 
2479 1647 1675 1648 
2480 1648 1675 1676 
2481 1648 1676 1649 
2482 1649 1676 1677 
2483 1649 1677 1650 
2484 1650 1677 1678 
2485 1650 1678 1651 
2486 1651 1678 1679 
2487 1651 1679 1652 
2488 1652 1679 1680 
2489 1652 1680 1653 
2490 1653 1680 1681 
2491 1653 1681 1654 
2492 1654 1681 1682 
2493 1654 1682 1655 
2494 1655 1682 1683 
2495 1655 1683 1656 
2496 1656 1683 1684 
2497 1656 1684 290 
2498 290 1684 289 
2499 48 49 1657 
2500 1657 49 1685 
2501 1657 1685 1658 
2502 1658 1685 1686 
2503 1658 1686 1659 
2504 1659 1686 1687 
2505 1659 1687 1660 
2506 1660 1687 1688 
2507 1660 1688 1661 
2508 1661 1688 1689 
2509 1661 1689 1662 
2510 1662 1689 1690 
2511 1662 1690 1663 
2512 1663 1690 1691 
2513 1663 1691 1664 
2514 1664 1691 1692 
2515 1664 1692 1665 
2516 1665 1692 1693 
2517 1665 1693 1666 
2518 1666 1693 1694 
2519 1666 1694 1667 
2520 1667 1694 1695 
2521 1667 1695 1668 
2522 1668 1695 1696 
2523 1668 1696 1669 
2524 1669 1696 1697 
2525 1669 1697 1670 
2526 1670 1697 1698 
2527 1670 1698 1671 
2528 1671 1698 1699 
2529 1671 1699 1672 
2530 1672 1699 1700 
2531 1672 1700 1673 
2532 1673 1700 1701 
2533 1673 1701 1674 
2534 1674 1701 1702 
2535 1674 1702 1675 
2536 1675 1702 1703 
2537 1675 1703 1676 
2538 1676 1703 1704 
2539 1676 1704 1677 
2540 1677 1704 1705 
2541 1677 1705 1678 
2542 1678 1705 1706 
2543 1678 1706 1679 
2544 1679 1706 1707 
2545 1679 1707 1680 
2546 1680 1707 1708 
2547 1680 1708 1681 
2548 1681 1708 1709 
2549 1681 1709 1682 
2550 1682 1709 1710 
2551 1682 1710 1683 
2552 1683 1710 1711 
2553 1683 1711 1684 
2554 1684 1711 1712 
2555 1684 1712 289 
2556 289 1712 288 
2557 49 50 1685 
2558 1685 50 1713 
2559 1685 1713 1686 
2560 1686 1713 1714 
2561 1686 1714 1687 
2562 1687 1714 1715 
2563 1687 1715 1688 
2564 1688 1715 1716 
2565 1688 1716 1689 
2566 1689 1716 1717 
2567 1689 1717 1690 
2568 1690 1717 1718 
2569 1690 1718 1691 
2570 1691 1718 1719 
2571 1691 1719 1692 
2572 1692 1719 1720 
2573 1692 1720 1693 
2574 1693 1720 1721 
2575 1693 1721 1694 
2576 1694 1721 1722 
2577 1694 1722 1695 
2578 1695 1722 1723 
2579 1695 1723 1696 
2580 1696 1723 1724 
2581 1696 1724 1697 
2582 1697 1724 1725 
2583 1697 1725 1698 
2584 1698 1725 1726 
2585 1698 1726 1699 
2586 1699 1726 1727 
2587 1699 1727 1700 
2588 1700 1727 1728 
2589 1700 1728 1701 
2590 1701 1728 1729 
2591 1701 1729 1702 
2592 1702 1729 1730 
2593 1702 1730 1703 
2594 1703 1730 1731 
2595 1703 1731 1704 
2596 1704 1731 1732 
2597 1704 1732 1705 
2598 1705 1732 1733 
2599 1705 1733 1706 
2600 1706 1733 1734 
2601 1706 1734 1707 
2602 1707 1734 1735 
2603 1707 1735 1708 
2604 1708 1735 1736 
2605 1708 1736 1709 
2606 1709 1736 1737 
2607 1709 1737 1710 
2608 1710 1737 1738 
2609 1710 1738 1711 
2610 1711 1738 1739 
2611 1711 1739 1712 
2612 1712 1739 1740 
2613 1712 1740 288 
2614 288 1740 287 
2615 50 51 1713 
2616 1713 51 1741 
2617 1713 1741 1714 
2618 1714 1741 1742 
2619 1714 1742 1715 
2620 1715 1742 1743 
2621 1715 1743 1716 
2622 1716 1743 1744 
2623 1716 1744 1717 
2624 1717 1744 1745 
2625 1717 1745 1718 
2626 1718 1745 1746 
2627 1718 1746 1719 
2628 1719 1746 1747 
2629 1719 1747 1720 
2630 1720 1747 1748 
2631 1720 1748 1721 
2632 1721 1748 1749 
2633 1721 1749 1722 
2634 1722 1749 1750 
2635 1722 1750 1723 
2636 1723 1750 1751 
2637 1723 1751 1724 
2638 1724 1751 1752 
2639 1724 1752 1725 
2640 1725 1752 1753 
2641 1725 1753 1726 
2642 1726 1753 1754 
2643 1726 1754 1727 
2644 1727 1754 1755 
2645 1727 1755 1728 
2646 1728 1755 1756 
2647 1728 1756 1729 
2648 1729 1756 1757 
2649 1729 1757 1730 
2650 1730 1757 1758 
2651 1730 1758 1731 
2652 1731 1758 1759 
2653 1731 1759 1732 
2654 1732 1759 1760 
2655 1732 1760 1733 
2656 1733 1760 1761 
2657 1733 1761 1734 
2658 1734 1761 1762 
2659 1734 1762 1735 
2660 1735 1762 1763 
2661 1735 1763 1736 
2662 1736 1763 1764 
2663 1736 1764 1737 
2664 1737 1764 1765 
2665 1737 1765 1738 
2666 1738 1765 1766 
2667 1738 1766 1739 
2668 1739 1766 1767 
2669 1739 1767 1740 
2670 1740 1767 1768 
2671 1740 1768 287 
2672 287 1768 286 
2673 51 52 1741 
2674 1741 52 1769 
2675 1741 1769 1742 
2676 1742 1769 1770 
2677 1742 1770 1743 
2678 1743 1770 1771 
2679 1743 1771 1744 
2680 1744 1771 1772 
2681 1744 1772 1745 
2682 1745 1772 1773 
2683 1745 1773 1746 
2684 1746 1773 1774 
2685 1746 1774 1747 
2686 1747 1774 1775 
2687 1747 1775 1748 
2688 1748 1775 1776 
2689 1748 1776 1749 
2690 1749 1776 1777 
2691 1749 1777 1750 
2692 1750 1777 1778 
2693 1750 1778 1751 
2694 1751 1778 1779 
2695 1751 1779 1752 
2696 1752 1779 1780 
2697 1752 1780 1753 
2698 1753 1780 1781 
2699 1753 1781 1754 
2700 1754 1781 1782 
2701 1754 1782 1755 
2702 1755 1782 1783 
2703 1755 1783 1756 
2704 1756 1783 1784 
2705 1756 1784 1757 
2706 1757 1784 1785 
2707 1757 1785 1758 
2708 1758 1785 1786 
2709 1758 1786 1759 
2710 1759 1786 1787 
2711 1759 1787 1760 
2712 1760 1787 1788 
2713 1760 1788 1761 
2714 1761 1788 1789 
2715 1761 1789 1762 
2716 1762 1789 1790 
2717 1762 1790 1763 
2718 1763 1790 1791 
2719 1763 1791 1764 
2720 1764 1791 1792 
2721 1764 1792 1765 
2722 1765 1792 1793 
2723 1765 1793 1766 
2724 1766 1793 1794 
2725 1766 1794 1767 
2726 1767 1794 1795 
2727 1767 1795 1768 
2728 1768 1795 1796 
2729 1768 1796 286 
2730 286 1796 285 
2731 52 53 1769 
2732 1769 53 1797 
2733 1769 1797 1770 
2734 1770 1797 1798 
2735 1770 1798 1771 
2736 1771 1798 1799 
2737 1771 1799 1772 
2738 1772 1799 1800 
2739 1772 1800 1773 
2740 1773 1800 1801 
2741 1773 1801 1774 
2742 1774 1801 1802 
2743 1774 1802 1775 
2744 1775 1802 1803 
2745 1775 1803 1776 
2746 1776 1803 1804 
2747 1776 1804 1777 
2748 1777 1804 1805 
2749 1777 1805 1778 
2750 1778 1805 1806 
2751 1778 1806 1779 
2752 1779 1806 1807 
2753 1779 1807 1780 
2754 1780 1807 1808 
2755 1780 1808 1781 
2756 1781 1808 1809 
2757 1781 1809 1782 
2758 1782 1809 1810 
2759 1782 1810 1783 
2760 1783 1810 1811 
2761 1783 1811 1784 
2762 1784 1811 1812 
2763 1784 1812 1785 
2764 1785 1812 1813 
2765 1785 1813 1786 
2766 1786 1813 1814 
2767 1786 1814 1787 
2768 1787 1814 1815 
2769 1787 1815 1788 
2770 1788 1815 1816 
2771 1788 1816 1789 
2772 1789 1816 1817 
2773 1789 1817 1790 
2774 1790 1817 1818 
2775 1790 1818 1791 
2776 1791 1818 1819 
2777 1791 1819 1792 
2778 1792 1819 1820 
2779 1792 1820 1793 
2780 1793 1820 1821 
2781 1793 1821 1794 
2782 1794 1821 1822 
2783 1794 1822 1795 
2784 1795 1822 1823 
2785 1795 1823 1796 
2786 1796 1823 1824 
2787 1796 1824 285 
2788 285 1824 284 
2789 53 54 1797 
2790 1797 54 1825 
2791 1797 1825 1798 
2792 1798 1825 1826 
2793 1798 1826 1799 
2794 1799 1826 1827 
2795 1799 1827 1800 
2796 1800 1827 1828 
2797 1800 1828 1801 
2798 1801 1828 1829 
2799 1801 1829 1802 
2800 1802 1829 1830 
2801 1802 1830 1803 
2802 1803 1830 1831 
2803 1803 1831 1804 
2804 1804 1831 1832 
2805 1804 1832 1805 
2806 1805 1832 1833 
2807 1805 1833 1806 
2808 1806 1833 1834 
2809 1806 1834 1807 
2810 1807 1834 1835 
2811 1807 1835 1808 
2812 1808 1835 1836 
2813 1808 1836 1809 
2814 1809 1836 1837 
2815 1809 1837 1810 
2816 1810 1837 1838 
2817 1810 1838 1811 
2818 1811 1838 1839 
2819 1811 1839 1812 
2820 1812 1839 1840 
2821 1812 1840 1813 
2822 1813 1840 1841 
2823 1813 1841 1814 
2824 1814 1841 1842 
2825 1814 1842 1815 
2826 1815 1842 1843 
2827 1815 1843 1816 
2828 1816 1843 1844 
2829 1816 1844 1817 
2830 1817 1844 1845 
2831 1817 1845 1818 
2832 1818 1845 1846 
2833 1818 1846 1819 
2834 1819 1846 1847 
2835 1819 1847 1820 
2836 1820 1847 1848 
2837 1820 1848 1821 
2838 1821 1848 1849 
2839 1821 1849 1822 
2840 1822 1849 1850 
2841 1822 1850 1823 
2842 1823 1850 1851 
2843 1823 1851 1824 
2844 1824 1851 1852 
2845 1824 1852 284 
2846 284 1852 283 
2847 54 55 1825 
2848 1825 55 1853 
2849 1825 1853 1826 
2850 1826 1853 1854 
2851 1826 1854 1827 
2852 1827 1854 1855 
2853 1827 1855 1828 
2854 1828 1855 1856 
2855 1828 1856 1829 
2856 1829 1856 1857 
2857 1829 1857 1830 
2858 1830 1857 1858 
2859 1830 1858 1831 
2860 1831 1858 1859 
2861 1831 1859 1832 
2862 1832 1859 1860 
2863 1832 1860 1833 
2864 1833 1860 1861 
2865 1833 1861 1834 
2866 1834 1861 1862 
2867 1834 1862 1835 
2868 1835 1862 1863 
2869 1835 1863 1836 
2870 1836 1863 1864 
2871 1836 1864 1837 
2872 1837 1864 1865 
2873 1837 1865 1838 
2874 1838 1865 1866 
2875 1838 1866 1839 
2876 1839 1866 1867 
2877 1839 1867 1840 
2878 1840 1867 1868 
2879 1840 1868 1841 
2880 1841 1868 1869 
2881 1841 1869 1842 
2882 1842 1869 1870 
2883 1842 1870 1843 
2884 1843 1870 1871 
2885 1843 1871 1844 
2886 1844 1871 1872 
2887 1844 1872 1845 
2888 1845 1872 1873 
2889 1845 1873 1846 
2890 1846 1873 1874 
2891 1846 1874 1847 
2892 1847 1874 1875 
2893 1847 1875 1848 
2894 1848 1875 1876 
2895 1848 1876 1849 
2896 1849 1876 1877 
2897 1849 1877 1850 
2898 1850 1877 1878 
2899 1850 1878 1851 
2900 1851 1878 1879 
2901 1851 1879 1852 
2902 1852 1879 1880 
2903 1852 1880 283 
2904 283 1880 282 
2905 55 56 1853 
2906 1853 56 1881 
2907 1853 1881 1854 
2908 1854 1881 1882 
2909 1854 1882 1855 
2910 1855 1882 1883 
2911 1855 1883 1856 
2912 1856 1883 1884 
2913 1856 1884 1857 
2914 1857 1884 1885 
2915 1857 1885 1858 
2916 1858 1885 1886 
2917 1858 1886 1859 
2918 1859 1886 1887 
2919 1859 1887 1860 
2920 1860 1887 1888 
2921 1860 1888 1861 
2922 1861 1888 1889 
2923 1861 1889 1862 
2924 1862 1889 1890 
2925 1862 1890 1863 
2926 1863 1890 1891 
2927 1863 1891 1864 
2928 1864 1891 1892 
2929 1864 1892 1865 
2930 1865 1892 1893 
2931 1865 1893 1866 
2932 1866 1893 1894 
2933 1866 1894 1867 
2934 1867 1894 1895 
2935 1867 1895 1868 
2936 1868 1895 1896 
2937 1868 1896 1869 
2938 1869 1896 1897 
2939 1869 1897 1870 
2940 1870 1897 1898 
2941 1870 1898 1871 
2942 1871 1898 1899 
2943 1871 1899 1872 
2944 1872 1899 1900 
2945 1872 1900 1873 
2946 1873 1900 1901 
2947 1873 1901 1874 
2948 1874 1901 1902 
2949 1874 1902 1875 
2950 1875 1902 1903 
2951 1875 1903 1876 
2952 1876 1903 1904 
2953 1876 1904 1877 
2954 1877 1904 1905 
2955 1877 1905 1878 
2956 1878 1905 1906 
2957 1878 1906 1879 
2958 1879 1906 1907 
2959 1879 1907 1880 
2960 1880 1907 1908 
2961 1880 1908 282 
2962 282 1908 281 
2963 56 57 1881 
2964 1881 57 1909 
2965 1881 1909 1882 
2966 1882 1909 1910 
2967 1882 1910 1883 
2968 1883 1910 1911 
2969 1883 1911 1884 
2970 1884 1911 1912 
2971 1884 1912 1885 
2972 1885 1912 1913 
2973 1885 1913 1886 
2974 1886 1913 1914 
2975 1886 1914 1887 
2976 1887 1914 1915 
2977 1887 1915 1888 
2978 1888 1915 1916 
2979 1888 1916 1889 
2980 1889 1916 1917 
2981 1889 1917 1890 
2982 1890 1917 1918 
2983 1890 1918 1891 
2984 1891 1918 1919 
2985 1891 1919 1892 
2986 1892 1919 1920 
2987 1892 1920 1893 
2988 1893 1920 1921 
2989 1893 1921 1894 
2990 1894 1921 1922 
2991 1894 1922 1895 
2992 1895 1922 1923 
2993 1895 1923 1896 
2994 1896 1923 1924 
2995 1896 1924 1897 
2996 1897 1924 1925 
2997 1897 1925 1898 
2998 1898 1925 1926 
2999 1898 1926 1899 
3000 1899 1926 1927 
3001 1899 1927 1900 
3002 1900 1927 1928 
3003 1900 1928 1901 
3004 1901 1928 1929 
3005 1901 1929 1902 
3006 1902 1929 1930 
3007 1902 1930 1903 
3008 1903 1930 1931 
3009 1903 1931 1904 
3010 1904 1931 1932 
3011 1904 1932 1905 
3012 1905 1932 1933 
3013 1905 1933 1906 
3014 1906 1933 1934 
3015 1906 1934 1907 
3016 1907 1934 1935 
3017 1907 1935 1908 
3018 1908 1935 1936 
3019 1908 1936 281 
3020 281 1936 280 
3021 57 58 1909 
3022 1909 58 1937 
3023 1909 1937 1910 
3024 1910 1937 1938 
3025 1910 1938 1911 
3026 1911 1938 1939 
3027 1911 1939 1912 
3028 1912 1939 1940 
3029 1912 1940 1913 
3030 1913 1940 1941 
3031 1913 1941 1914 
3032 1914 1941 1942 
3033 1914 1942 1915 
3034 1915 1942 1943 
3035 1915 1943 1916 
3036 1916 1943 1944 
3037 1916 1944 1917 
3038 1917 1944 1945 
3039 1917 1945 1918 
3040 1918 1945 1946 
3041 1918 1946 1919 
3042 1919 1946 1947 
3043 1919 1947 1920 
3044 1920 1947 1948 
3045 1920 1948 1921 
3046 1921 1948 1949 
3047 1921 1949 1922 
3048 1922 1949 1950 
3049 1922 1950 1923 
3050 1923 1950 1951 
3051 1923 1951 1924 
3052 1924 1951 1952 
3053 1924 1952 1925 
3054 1925 1952 1953 
3055 1925 1953 1926 
3056 1926 1953 1954 
3057 1926 1954 1927 
3058 1927 1954 1955 
3059 1927 1955 1928 
3060 1928 1955 1956 
3061 1928 1956 1929 
3062 1929 1956 1957 
3063 1929 1957 1930 
3064 1930 1957 1958 
3065 1930 1958 1931 
3066 1931 1958 1959 
3067 1931 1959 1932 
3068 1932 1959 1960 
3069 1932 1960 1933 
3070 1933 1960 1961 
3071 1933 1961 1934 
3072 1934 1961 1962 
3073 1934 1962 1935 
3074 1935 1962 1963 
3075 1935 1963 1936 
3076 1936 1963 1964 
3077 1936 1964 280 
3078 280 1964 279 
3079 58 59 1937 
3080 1937 59 1965 
3081 1937 1965 1938 
3082 1938 1965 1966 
3083 1938 1966 1939 
3084 1939 1966 1967 
3085 1939 1967 1940 
3086 1940 1967 1968 
3087 1940 1968 1941 
3088 1941 1968 1969 
3089 1941 1969 1942 
3090 1942 1969 1970 
3091 1942 1970 1943 
3092 1943 1970 1971 
3093 1943 1971 1944 
3094 1944 1971 1972 
3095 1944 1972 1945 
3096 1945 1972 1973 
3097 1945 1973 1946 
3098 1946 1973 1974 
3099 1946 1974 1947 
3100 1947 1974 1975 
3101 1947 1975 1948 
3102 1948 1975 1976 
3103 1948 1976 1949 
3104 1949 1976 1977 
3105 1949 1977 1950 
3106 1950 1977 1978 
3107 1950 1978 1951 
3108 1951 1978 1979 
3109 1951 1979 1952 
3110 1952 1979 1980 
3111 1952 1980 1953 
3112 1953 1980 1981 
3113 1953 1981 1954 
3114 1954 1981 1982 
3115 1954 1982 1955 
3116 1955 1982 1983 
3117 1955 1983 1956 
3118 1956 1983 1984 
3119 1956 1984 1957 
3120 1957 1984 1985 
3121 1957 1985 1958 
3122 1958 1985 1986 
3123 1958 1986 1959 
3124 1959 1986 1987 
3125 1959 1987 1960 
3126 1960 1987 1988 
3127 1960 1988 1961 
3128 1961 1988 1989 
3129 1961 1989 1962 
3130 1962 1989 1990 
3131 1962 1990 1963 
3132 1963 1990 1991 
3133 1963 1991 1964 
3134 1964 1991 1992 
3135 1964 1992 279 
3136 279 1992 278 
3137 59 60 1965 
3138 1965 60 1993 
3139 1965 1993 1966 
3140 1966 1993 1994 
3141 1966 1994 1967 
3142 1967 1994 1995 
3143 1967 1995 1968 
3144 1968 1995 1996 
3145 1968 1996 1969 
3146 1969 1996 1997 
3147 1969 1997 1970 
3148 1970 1997 1998 
3149 1970 1998 1971 
3150 1971 1998 1999 
3151 1971 1999 1972 
3152 1972 1999 2000 
3153 1972 2000 1973 
3154 1973 2000 2001 
3155 1973 2001 1974 
3156 1974 2001 2002 
3157 1974 2002 1975 
3158 1975 2002 2003 
3159 1975 2003 1976 
3160 1976 2003 2004 
3161 1976 2004 1977 
3162 1977 2004 2005 
3163 1977 2005 1978 
3164 1978 2005 2006 
3165 1978 2006 1979 
3166 1979 2006 2007 
3167 1979 2007 1980 
3168 1980 2007 2008 
3169 1980 2008 1981 
3170 1981 2008 2009 
3171 1981 2009 1982 
3172 1982 2009 2010 
3173 1982 2010 1983 
3174 1983 2010 2011 
3175 1983 2011 1984 
3176 1984 2011 2012 
3177 1984 2012 1985 
3178 1985 2012 2013 
3179 1985 2013 1986 
3180 1986 2013 2014 
3181 1986 2014 1987 
3182 1987 2014 2015 
3183 1987 2015 1988 
3184 1988 2015 2016 
3185 1988 2016 1989 
3186 1989 2016 2017 
3187 1989 2017 1990 
3188 1990 2017 2018 
3189 1990 2018 1991 
3190 1991 2018 2019 
3191 1991 2019 1992 
3192 1992 2019 2020 
3193 1992 2020 278 
3194 278 2020 277 
3195 60 61 1993 
3196 1993 61 2021 
3197 1993 2021 1994 
3198 1994 2021 2022 
3199 1994 2022 1995 
3200 1995 2022 2023 
3201 1995 2023 1996 
3202 1996 2023 2024 
3203 1996 2024 1997 
3204 1997 2024 2025 
3205 1997 2025 1998 
3206 1998 2025 2026 
3207 1998 2026 1999 
3208 1999 2026 2027 
3209 1999 2027 2000 
3210 2000 2027 2028 
3211 2000 2028 2001 
3212 2001 2028 2029 
3213 2001 2029 2002 
3214 2002 2029 2030 
3215 2002 2030 2003 
3216 2003 2030 2031 
3217 2003 2031 2004 
3218 2004 2031 2032 
3219 2004 2032 2005 
3220 2005 2032 2033 
3221 2005 2033 2006 
3222 2006 2033 2034 
3223 2006 2034 2007 
3224 2007 2034 2035 
3225 2007 2035 2008 
3226 2008 2035 2036 
3227 2008 2036 2009 
3228 2009 2036 2037 
3229 2009 2037 2010 
3230 2010 2037 2038 
3231 2010 2038 2011 
3232 2011 2038 2039 
3233 2011 2039 2012 
3234 2012 2039 2040 
3235 2012 2040 2013 
3236 2013 2040 2041 
3237 2013 2041 2014 
3238 2014 2041 2042 
3239 2014 2042 2015 
3240 2015 2042 2043 
3241 2015 2043 2016 
3242 2016 2043 2044 
3243 2016 2044 2017 
3244 2017 2044 2045 
3245 2017 2045 2018 
3246 2018 2045 2046 
3247 2018 2046 2019 
3248 2019 2046 2047 
3249 2019 2047 2020 
3250 2020 2047 2048 
3251 2020 2048 277 
3252 277 2048 276 
3253 61 62 2021 
3254 2021 62 2049 
3255 2021 2049 2022 
3256 2022 2049 2050 
3257 2022 2050 2023 
3258 2023 2050 2051 
3259 2023 2051 2024 
3260 2024 2051 2052 
3261 2024 2052 2025 
3262 2025 2052 2053 
3263 2025 2053 2026 
3264 2026 2053 2054 
3265 2026 2054 2027 
3266 2027 2054 2055 
3267 2027 2055 2028 
3268 2028 2055 2056 
3269 2028 2056 2029 
3270 2029 2056 2057 
3271 2029 2057 2030 
3272 2030 2057 2058 
3273 2030 2058 2031 
3274 2031 2058 2059 
3275 2031 2059 2032 
3276 2032 2059 2060 
3277 2032 2060 2033 
3278 2033 2060 2061 
3279 2033 2061 2034 
3280 2034 2061 2062 
3281 2034 2062 2035 
3282 2035 2062 2063 
3283 2035 2063 2036 
3284 2036 2063 2064 
3285 2036 2064 2037 
3286 2037 2064 2065 
3287 2037 2065 2038 
3288 2038 2065 2066 
3289 2038 2066 2039 
3290 2039 2066 2067 
3291 2039 2067 2040 
3292 2040 2067 2068 
3293 2040 2068 2041 
3294 2041 2068 2069 
3295 2041 2069 2042 
3296 2042 2069 2070 
3297 2042 2070 2043 
3298 2043 2070 2071 
3299 2043 2071 2044 
3300 2044 2071 2072 
3301 2044 2072 2045 
3302 2045 2072 2073 
3303 2045 2073 2046 
3304 2046 2073 2074 
3305 2046 2074 2047 
3306 2047 2074 2075 
3307 2047 2075 2048 
3308 2048 2075 2076 
3309 2048 2076 276 
3310 276 2076 275 
3311 62 63 2049 
3312 2049 63 2077 
3313 2049 2077 2050 
3314 2050 2077 2078 
3315 2050 2078 2051 
3316 2051 2078 2079 
3317 2051 2079 2052 
3318 2052 2079 2080 
3319 2052 2080 2053 
3320 2053 2080 2081 
3321 2053 2081 2054 
3322 2054 2081 2082 
3323 2054 2082 2055 
3324 2055 2082 2083 
3325 2055 2083 2056 
3326 2056 2083 2084 
3327 2056 2084 2057 
3328 2057 2084 2085 
3329 2057 2085 2058 
3330 2058 2085 2086 
3331 2058 2086 2059 
3332 2059 2086 2087 
3333 2059 2087 2060 
3334 2060 2087 2088 
3335 2060 2088 2061 
3336 2061 2088 2089 
3337 2061 2089 2062 
3338 2062 2089 2090 
3339 2062 2090 2063 
3340 2063 2090 2091 
3341 2063 2091 2064 
3342 2064 2091 2092 
3343 2064 2092 2065 
3344 2065 2092 2093 
3345 2065 2093 2066 
3346 2066 2093 2094 
3347 2066 2094 2067 
3348 2067 2094 2095 
3349 2067 2095 2068 
3350 2068 2095 2096 
3351 2068 2096 2069 
3352 2069 2096 2097 
3353 2069 2097 2070 
3354 2070 2097 2098 
3355 2070 2098 2071 
3356 2071 2098 2099 
3357 2071 2099 2072 
3358 2072 2099 2100 
3359 2072 2100 2073 
3360 2073 2100 2101 
3361 2073 2101 2074 
3362 2074 2101 2102 
3363 2074 2102 2075 
3364 2075 2102 2103 
3365 2075 2103 2076 
3366 2076 2103 2104 
3367 2076 2104 275 
3368 275 2104 274 
3369 63 64 2077 
3370 2077 64 2105 
3371 2077 2105 2078 
3372 2078 2105 2106 
3373 2078 2106 2079 
3374 2079 2106 2107 
3375 2079 2107 2080 
3376 2080 2107 2108 
3377 2080 2108 2081 
3378 2081 2108 2109 
3379 2081 2109 2082 
3380 2082 2109 2110 
3381 2082 2110 2083 
3382 2083 2110 2111 
3383 2083 2111 2084 
3384 2084 2111 2112 
3385 2084 2112 2085 
3386 2085 2112 2113 
3387 2085 2113 2086 
3388 2086 2113 2114 
3389 2086 2114 2087 
3390 2087 2114 2115 
3391 2087 2115 2088 
3392 2088 2115 2116 
3393 2088 2116 2089 
3394 2089 2116 2117 
3395 2089 2117 2090 
3396 2090 2117 2118 
3397 2090 2118 2091 
3398 2091 2118 2119 
3399 2091 2119 2092 
3400 2092 2119 2120 
3401 2092 2120 2093 
3402 2093 2120 2121 
3403 2093 2121 2094 
3404 2094 2121 2122 
3405 2094 2122 2095 
3406 2095 2122 2123 
3407 2095 2123 2096 
3408 2096 2123 2124 
3409 2096 2124 2097 
3410 2097 2124 2125 
3411 2097 2125 2098 
3412 2098 2125 2126 
3413 2098 2126 2099 
3414 2099 2126 2127 
3415 2099 2127 2100 
3416 2100 2127 2128 
3417 2100 2128 2101 
3418 2101 2128 2129 
3419 2101 2129 2102 
3420 2102 2129 2130 
3421 2102 2130 2103 
3422 2103 2130 2131 
3423 2103 2131 2104 
3424 2104 2131 2132 
3425 2104 2132 274 
3426 274 2132 273 
3427 64 65 2105 
3428 2105 65 2133 
3429 2105 2133 2106 
3430 2106 2133 2134 
3431 2106 2134 2107 
3432 2107 2134 2135 
3433 2107 2135 2108 
3434 2108 2135 2136 
3435 2108 2136 2109 
3436 2109 2136 2137 
3437 2109 2137 2110 
3438 2110 2137 2138 
3439 2110 2138 2111 
3440 2111 2138 2139 
3441 2111 2139 2112 
3442 2112 2139 2140 
3443 2112 2140 2113 
3444 2113 2140 2141 
3445 2113 2141 2114 
3446 2114 2141 2142 
3447 2114 2142 2115 
3448 2115 2142 2143 
3449 2115 2143 2116 
3450 2116 2143 2144 
3451 2116 2144 2117 
3452 2117 2144 2145 
3453 2117 2145 2118 
3454 2118 2145 2146 
3455 2118 2146 2119 
3456 2119 2146 2147 
3457 2119 2147 2120 
3458 2120 2147 2148 
3459 2120 2148 2121 
3460 2121 2148 2149 
3461 2121 2149 2122 
3462 2122 2149 2150 
3463 2122 2150 2123 
3464 2123 2150 2151 
3465 2123 2151 2124 
3466 2124 2151 2152 
3467 2124 2152 2125 
3468 2125 2152 2153 
3469 2125 2153 2126 
3470 2126 2153 2154 
3471 2126 2154 2127 
3472 2127 2154 2155 
3473 2127 2155 2128 
3474 2128 2155 2156 
3475 2128 2156 2129 
3476 2129 2156 2157 
3477 2129 2157 2130 
3478 2130 2157 2158 
3479 2130 2158 2131 
3480 2131 2158 2159 
3481 2131 2159 2132 
3482 2132 2159 2160 
3483 2132 2160 273 
3484 273 2160 272 
3485 65 66 2133 
3486 2133 66 2161 
3487 2133 2161 2134 
3488 2134 2161 2162 
3489 2134 2162 2135 
3490 2135 2162 2163 
3491 2135 2163 2136 
3492 2136 2163 2164 
3493 2136 2164 2137 
3494 2137 2164 2165 
3495 2137 2165 2138 
3496 2138 2165 2166 
3497 2138 2166 2139 
3498 2139 2166 2167 
3499 2139 2167 2140 
3500 2140 2167 2168 
3501 2140 2168 2141 
3502 2141 2168 2169 
3503 2141 2169 2142 
3504 2142 2169 2170 
3505 2142 2170 2143 
3506 2143 2170 2171 
3507 2143 2171 2144 
3508 2144 2171 2172 
3509 2144 2172 2145 
3510 2145 2172 2173 
3511 2145 2173 2146 
3512 2146 2173 2174 
3513 2146 2174 2147 
3514 2147 2174 2175 
3515 2147 2175 2148 
3516 2148 2175 2176 
3517 2148 2176 2149 
3518 2149 2176 2177 
3519 2149 2177 2150 
3520 2150 2177 2178 
3521 2150 2178 2151 
3522 2151 2178 2179 
3523 2151 2179 2152 
3524 2152 2179 2180 
3525 2152 2180 2153 
3526 2153 2180 2181 
3527 2153 2181 2154 
3528 2154 2181 2182 
3529 2154 2182 2155 
3530 2155 2182 2183 
3531 2155 2183 2156 
3532 2156 2183 2184 
3533 2156 2184 2157 
3534 2157 2184 2185 
3535 2157 2185 2158 
3536 2158 2185 2186 
3537 2158 2186 2159 
3538 2159 2186 2187 
3539 2159 2187 2160 
3540 2160 2187 2188 
3541 2160 2188 272 
3542 272 2188 271 
3543 66 67 2161 
3544 2161 67 2189 
3545 2161 2189 2162 
3546 2162 2189 2190 
3547 2162 2190 2163 
3548 2163 2190 2191 
3549 2163 2191 2164 
3550 2164 2191 2192 
3551 2164 2192 2165 
3552 2165 2192 2193 
3553 2165 2193 2166 
3554 2166 2193 2194 
3555 2166 2194 2167 
3556 2167 2194 2195 
3557 2167 2195 2168 
3558 2168 2195 2196 
3559 2168 2196 2169 
3560 2169 2196 2197 
3561 2169 2197 2170 
3562 2170 2197 2198 
3563 2170 2198 2171 
3564 2171 2198 2199 
3565 2171 2199 2172 
3566 2172 2199 2200 
3567 2172 2200 2173 
3568 2173 2200 2201 
3569 2173 2201 2174 
3570 2174 2201 2202 
3571 2174 2202 2175 
3572 2175 2202 2203 
3573 2175 2203 2176 
3574 2176 2203 2204 
3575 2176 2204 2177 
3576 2177 2204 2205 
3577 2177 2205 2178 
3578 2178 2205 2206 
3579 2178 2206 2179 
3580 2179 2206 2207 
3581 2179 2207 2180 
3582 2180 2207 2208 
3583 2180 2208 2181 
3584 2181 2208 2209 
3585 2181 2209 2182 
3586 2182 2209 2210 
3587 2182 2210 2183 
3588 2183 2210 2211 
3589 2183 2211 2184 
3590 2184 2211 2212 
3591 2184 2212 2185 
3592 2185 2212 2213 
3593 2185 2213 2186 
3594 2186 2213 2214 
3595 2186 2214 2187 
3596 2187 2214 2215 
3597 2187 2215 2188 
3598 2188 2215 2216 
3599 2188 2216 271 
3600 271 2216 270 
3601 67 68 2189 
3602 2189 68 2217 
3603 2189 2217 2190 
3604 2190 2217 2218 
3605 2190 2218 2191 
3606 2191 2218 2219 
3607 2191 2219 2192 
3608 2192 2219 2220 
3609 2192 2220 2193 
3610 2193 2220 2221 
3611 2193 2221 2194 
3612 2194 2221 2222 
3613 2194 2222 2195 
3614 2195 2222 2223 
3615 2195 2223 2196 
3616 2196 2223 2224 
3617 2196 2224 2197 
3618 2197 2224 2225 
3619 2197 2225 2198 
3620 2198 2225 2226 
3621 2198 2226 2199 
3622 2199 2226 2227 
3623 2199 2227 2200 
3624 2200 2227 2228 
3625 2200 2228 2201 
3626 2201 2228 2229 
3627 2201 2229 2202 
3628 2202 2229 2230 
3629 2202 2230 2203 
3630 2203 2230 2231 
3631 2203 2231 2204 
3632 2204 2231 2232 
3633 2204 2232 2205 
3634 2205 2232 2233 
3635 2205 2233 2206 
3636 2206 2233 2234 
3637 2206 2234 2207 
3638 2207 2234 2235 
3639 2207 2235 2208 
3640 2208 2235 2236 
3641 2208 2236 2209 
3642 2209 2236 2237 
3643 2209 2237 2210 
3644 2210 2237 2238 
3645 2210 2238 2211 
3646 2211 2238 2239 
3647 2211 2239 2212 
3648 2212 2239 2240 
3649 2212 2240 2213 
3650 2213 2240 2241 
3651 2213 2241 2214 
3652 2214 2241 2242 
3653 2214 2242 2215 
3654 2215 2242 2243 
3655 2215 2243 2216 
3656 2216 2243 2244 
3657 2216 2244 270 
3658 270 2244 269 
3659 68 69 2217 
3660 2217 69 2245 
3661 2217 2245 2218 
3662 2218 2245 2246 
3663 2218 2246 2219 
3664 2219 2246 2247 
3665 2219 2247 2220 
3666 2220 2247 2248 
3667 2220 2248 2221 
3668 2221 2248 2249 
3669 2221 2249 2222 
3670 2222 2249 2250 
3671 2222 2250 2223 
3672 2223 2250 2251 
3673 2223 2251 2224 
3674 2224 2251 2252 
3675 2224 2252 2225 
3676 2225 2252 2253 
3677 2225 2253 2226 
3678 2226 2253 2254 
3679 2226 2254 2227 
3680 2227 2254 2255 
3681 2227 2255 2228 
3682 2228 2255 2256 
3683 2228 2256 2229 
3684 2229 2256 2257 
3685 2229 2257 2230 
3686 2230 2257 2258 
3687 2230 2258 2231 
3688 2231 2258 2259 
3689 2231 2259 2232 
3690 2232 2259 2260 
3691 2232 2260 2233 
3692 2233 2260 2261 
3693 2233 2261 2234 
3694 2234 2261 2262 
3695 2234 2262 2235 
3696 2235 2262 2263 
3697 2235 2263 2236 
3698 2236 2263 2264 
3699 2236 2264 2237 
3700 2237 2264 2265 
3701 2237 2265 2238 
3702 2238 2265 2266 
3703 2238 2266 2239 
3704 2239 2266 2267 
3705 2239 2267 2240 
3706 2240 2267 2268 
3707 2240 2268 2241 
3708 2241 2268 2269 
3709 2241 2269 2242 
3710 2242 2269 2270 
3711 2242 2270 2243 
3712 2243 2270 2271 
3713 2243 2271 2244 
3714 2244 2271 2272 
3715 2244 2272 269 
3716 269 2272 268 
3717 69 70 2245 
3718 2245 70 2273 
3719 2245 2273 2246 
3720 2246 2273 2274 
3721 2246 2274 2247 
3722 2247 2274 2275 
3723 2247 2275 2248 
3724 2248 2275 2276 
3725 2248 2276 2249 
3726 2249 2276 2277 
3727 2249 2277 2250 
3728 2250 2277 2278 
3729 2250 2278 2251 
3730 2251 2278 2279 
3731 2251 2279 2252 
3732 2252 2279 2280 
3733 2252 2280 2253 
3734 2253 2280 2281 
3735 2253 2281 2254 
3736 2254 2281 2282 
3737 2254 2282 2255 
3738 2255 2282 2283 
3739 2255 2283 2256 
3740 2256 2283 2284 
3741 2256 2284 2257 
3742 2257 2284 2285 
3743 2257 2285 2258 
3744 2258 2285 2286 
3745 2258 2286 2259 
3746 2259 2286 2287 
3747 2259 2287 2260 
3748 2260 2287 2288 
3749 2260 2288 2261 
3750 2261 2288 2289 
3751 2261 2289 2262 
3752 2262 2289 2290 
3753 2262 2290 2263 
3754 2263 2290 2291 
3755 2263 2291 2264 
3756 2264 2291 2292 
3757 2264 2292 2265 
3758 2265 2292 2293 
3759 2265 2293 2266 
3760 2266 2293 2294 
3761 2266 2294 2267 
3762 2267 2294 2295 
3763 2267 2295 2268 
3764 2268 2295 2296 
3765 2268 2296 2269 
3766 2269 2296 2297 
3767 2269 2297 2270 
3768 2270 2297 2298 
3769 2270 2298 2271 
3770 2271 2298 2299 
3771 2271 2299 2272 
3772 2272 2299 2300 
3773 2272 2300 268 
3774 268 2300 267 
3775 70 71 2273 
3776 2273 71 2301 
3777 2273 2301 2274 
3778 2274 2301 2302 
3779 2274 2302 2275 
3780 2275 2302 2303 
3781 2275 2303 2276 
3782 2276 2303 2304 
3783 2276 2304 2277 
3784 2277 2304 2305 
3785 2277 2305 2278 
3786 2278 2305 2306 
3787 2278 2306 2279 
3788 2279 2306 2307 
3789 2279 2307 2280 
3790 2280 2307 2308 
3791 2280 2308 2281 
3792 2281 2308 2309 
3793 2281 2309 2282 
3794 2282 2309 2310 
3795 2282 2310 2283 
3796 2283 2310 2311 
3797 2283 2311 2284 
3798 2284 2311 2312 
3799 2284 2312 2285 
3800 2285 2312 2313 
3801 2285 2313 2286 
3802 2286 2313 2314 
3803 2286 2314 2287 
3804 2287 2314 2315 
3805 2287 2315 2288 
3806 2288 2315 2316 
3807 2288 2316 2289 
3808 2289 2316 2317 
3809 2289 2317 2290 
3810 2290 2317 2318 
3811 2290 2318 2291 
3812 2291 2318 2319 
3813 2291 2319 2292 
3814 2292 2319 2320 
3815 2292 2320 2293 
3816 2293 2320 2321 
3817 2293 2321 2294 
3818 2294 2321 2322 
3819 2294 2322 2295 
3820 2295 2322 2323 
3821 2295 2323 2296 
3822 2296 2323 2324 
3823 2296 2324 2297 
3824 2297 2324 2325 
3825 2297 2325 2298 
3826 2298 2325 2326 
3827 2298 2326 2299 
3828 2299 2326 2327 
3829 2299 2327 2300 
3830 2300 2327 2328 
3831 2300 2328 267 
3832 267 2328 266 
3833 71 72 2301 
3834 2301 72 2329 
3835 2301 2329 2302 
3836 2302 2329 2330 
3837 2302 2330 2303 
3838 2303 2330 2331 
3839 2303 2331 2304 
3840 2304 2331 2332 
3841 2304 2332 2305 
3842 2305 2332 2333 
3843 2305 2333 2306 
3844 2306 2333 2334 
3845 2306 2334 2307 
3846 2307 2334 2335 
3847 2307 2335 2308 
3848 2308 2335 2336 
3849 2308 2336 2309 
3850 2309 2336 2337 
3851 2309 2337 2310 
3852 2310 2337 2338 
3853 2310 2338 2311 
3854 2311 2338 2339 
3855 2311 2339 2312 
3856 2312 2339 2340 
3857 2312 2340 2313 
3858 2313 2340 2341 
3859 2313 2341 2314 
3860 2314 2341 2342 
3861 2314 2342 2315 
3862 2315 2342 2343 
3863 2315 2343 2316 
3864 2316 2343 2344 
3865 2316 2344 2317 
3866 2317 2344 2345 
3867 2317 2345 2318 
3868 2318 2345 2346 
3869 2318 2346 2319 
3870 2319 2346 2347 
3871 2319 2347 2320 
3872 2320 2347 2348 
3873 2320 2348 2321 
3874 2321 2348 2349 
3875 2321 2349 2322 
3876 2322 2349 2350 
3877 2322 2350 2323 
3878 2323 2350 2351 
3879 2323 2351 2324 
3880 2324 2351 2352 
3881 2324 2352 2325 
3882 2325 2352 2353 
3883 2325 2353 2326 
3884 2326 2353 2354 
3885 2326 2354 2327 
3886 2327 2354 2355 
3887 2327 2355 2328 
3888 2328 2355 2356 
3889 2328 2356 266 
3890 266 2356 265 
3891 72 73 2329 
3892 2329 73 2357 
3893 2329 2357 2330 
3894 2330 2357 2358 
3895 2330 2358 2331 
3896 2331 2358 2359 
3897 2331 2359 2332 
3898 2332 2359 2360 
3899 2332 2360 2333 
3900 2333 2360 2361 
3901 2333 2361 2334 
3902 2334 2361 2362 
3903 2334 2362 2335 
3904 2335 2362 2363 
3905 2335 2363 2336 
3906 2336 2363 2364 
3907 2336 2364 2337 
3908 2337 2364 2365 
3909 2337 2365 2338 
3910 2338 2365 2366 
3911 2338 2366 2339 
3912 2339 2366 2367 
3913 2339 2367 2340 
3914 2340 2367 2368 
3915 2340 2368 2341 
3916 2341 2368 2369 
3917 2341 2369 2342 
3918 2342 2369 2370 
3919 2342 2370 2343 
3920 2343 2370 2371 
3921 2343 2371 2344 
3922 2344 2371 2372 
3923 2344 2372 2345 
3924 2345 2372 2373 
3925 2345 2373 2346 
3926 2346 2373 2374 
3927 2346 2374 2347 
3928 2347 2374 2375 
3929 2347 2375 2348 
3930 2348 2375 2376 
3931 2348 2376 2349 
3932 2349 2376 2377 
3933 2349 2377 2350 
3934 2350 2377 2378 
3935 2350 2378 2351 
3936 2351 2378 2379 
3937 2351 2379 2352 
3938 2352 2379 2380 
3939 2352 2380 2353 
3940 2353 2380 2381 
3941 2353 2381 2354 
3942 2354 2381 2382 
3943 2354 2382 2355 
3944 2355 2382 2383 
3945 2355 2383 2356 
3946 2356 2383 2384 
3947 2356 2384 265 
3948 265 2384 264 
3949 73 74 2357 
3950 2357 74 2385 
3951 2357 2385 2358 
3952 2358 2385 2386 
3953 2358 2386 2359 
3954 2359 2386 2387 
3955 2359 2387 2360 
3956 2360 2387 2388 
3957 2360 2388 2361 
3958 2361 2388 2389 
3959 2361 2389 2362 
3960 2362 2389 2390 
3961 2362 2390 2363 
3962 2363 2390 2391 
3963 2363 2391 2364 
3964 2364 2391 2392 
3965 2364 2392 2365 
3966 2365 2392 2393 
3967 2365 2393 2366 
3968 2366 2393 2394 
3969 2366 2394 2367 
3970 2367 2394 2395 
3971 2367 2395 2368 
3972 2368 2395 2396 
3973 2368 2396 2369 
3974 2369 2396 2397 
3975 2369 2397 2370 
3976 2370 2397 2398 
3977 2370 2398 2371 
3978 2371 2398 2399 
3979 2371 2399 2372 
3980 2372 2399 2400 
3981 2372 2400 2373 
3982 2373 2400 2401 
3983 2373 2401 2374 
3984 2374 2401 2402 
3985 2374 2402 2375 
3986 2375 2402 2403 
3987 2375 2403 2376 
3988 2376 2403 2404 
3989 2376 2404 2377 
3990 2377 2404 2405 
3991 2377 2405 2378 
3992 2378 2405 2406 
3993 2378 2406 2379 
3994 2379 2406 2407 
3995 2379 2407 2380 
3996 2380 2407 2408 
3997 2380 2408 2381 
3998 2381 2408 2409 
3999 2381 2409 2382 
4000 2382 2409 2410 
4001 2382 2410 2383 
4002 2383 2410 2411 
4003 2383 2411 2384 
4004 2384 2411 2412 
4005 2384 2412 264 
4006 264 2412 263 
4007 74 75 2385 
4008 2385 75 2413 
4009 2385 2413 2386 
4010 2386 2413 2414 
4011 2386 2414 2387 
4012 2387 2414 2415 
4013 2387 2415 2388 
4014 2388 2415 2416 
4015 2388 2416 2389 
4016 2389 2416 2417 
4017 2389 2417 2390 
4018 2390 2417 2418 
4019 2390 2418 2391 
4020 2391 2418 2419 
4021 2391 2419 2392 
4022 2392 2419 2420 
4023 2392 2420 2393 
4024 2393 2420 2421 
4025 2393 2421 2394 
4026 2394 2421 2422 
4027 2394 2422 2395 
4028 2395 2422 2423 
4029 2395 2423 2396 
4030 2396 2423 2424 
4031 2396 2424 2397 
4032 2397 2424 2425 
4033 2397 2425 2398 
4034 2398 2425 2426 
4035 2398 2426 2399 
4036 2399 2426 2427 
4037 2399 2427 2400 
4038 2400 2427 2428 
4039 2400 2428 2401 
4040 2401 2428 2429 
4041 2401 2429 2402 
4042 2402 2429 2430 
4043 2402 2430 2403 
4044 2403 2430 2431 
4045 2403 2431 2404 
4046 2404 2431 2432 
4047 2404 2432 2405 
4048 2405 2432 2433 
4049 2405 2433 2406 
4050 2406 2433 2434 
4051 2406 2434 2407 
4052 2407 2434 2435 
4053 2407 2435 2408 
4054 2408 2435 2436 
4055 2408 2436 2409 
4056 2409 2436 2437 
4057 2409 2437 2410 
4058 2410 2437 2438 
4059 2410 2438 2411 
4060 2411 2438 2439 
4061 2411 2439 2412 
4062 2412 2439 2440 
4063 2412 2440 263 
4064 263 2440 262 
4065 75 76 2413 
4066 2413 76 2441 
4067 2413 2441 2414 
4068 2414 2441 2442 
4069 2414 2442 2415 
4070 2415 2442 2443 
4071 2415 2443 2416 
4072 2416 2443 2444 
4073 2416 2444 2417 
4074 2417 2444 2445 
4075 2417 2445 2418 
4076 2418 2445 2446 
4077 2418 2446 2419 
4078 2419 2446 2447 
4079 2419 2447 2420 
4080 2420 2447 2448 
4081 2420 2448 2421 
4082 2421 2448 2449 
4083 2421 2449 2422 
4084 2422 2449 2450 
4085 2422 2450 2423 
4086 2423 2450 2451 
4087 2423 2451 2424 
4088 2424 2451 2452 
4089 2424 2452 2425 
4090 2425 2452 2453 
4091 2425 2453 2426 
4092 2426 2453 2454 
4093 2426 2454 2427 
4094 2427 2454 2455 
4095 2427 2455 2428 
4096 2428 2455 2456 
4097 2428 2456 2429 
4098 2429 2456 2457 
4099 2429 2457 2430 
4100 2430 2457 2458 
4101 2430 2458 2431 
4102 2431 2458 2459 
4103 2431 2459 2432 
4104 2432 2459 2460 
4105 2432 2460 2433 
4106 2433 2460 2461 
4107 2433 2461 2434 
4108 2434 2461 2462 
4109 2434 2462 2435 
4110 2435 2462 2463 
4111 2435 2463 2436 
4112 2436 2463 2464 
4113 2436 2464 2437 
4114 2437 2464 2465 
4115 2437 2465 2438 
4116 2438 2465 2466 
4117 2438 2466 2439 
4118 2439 2466 2467 
4119 2439 2467 2440 
4120 2440 2467 2468 
4121 2440 2468 262 
4122 262 2468 261 
4123 76 77 2441 
4124 2441 77 2469 
4125 2441 2469 2442 
4126 2442 2469 2470 
4127 2442 2470 2443 
4128 2443 2470 2471 
4129 2443 2471 2444 
4130 2444 2471 2472 
4131 2444 2472 2445 
4132 2445 2472 2473 
4133 2445 2473 2446 
4134 2446 2473 2474 
4135 2446 2474 2447 
4136 2447 2474 2475 
4137 2447 2475 2448 
4138 2448 2475 2476 
4139 2448 2476 2449 
4140 2449 2476 2477 
4141 2449 2477 2450 
4142 2450 2477 2478 
4143 2450 2478 2451 
4144 2451 2478 2479 
4145 2451 2479 2452 
4146 2452 2479 2480 
4147 2452 2480 2453 
4148 2453 2480 2481 
4149 2453 2481 2454 
4150 2454 2481 2482 
4151 2454 2482 2455 
4152 2455 2482 2483 
4153 2455 2483 2456 
4154 2456 2483 2484 
4155 2456 2484 2457 
4156 2457 2484 2485 
4157 2457 2485 2458 
4158 2458 2485 2486 
4159 2458 2486 2459 
4160 2459 2486 2487 
4161 2459 2487 2460 
4162 2460 2487 2488 
4163 2460 2488 2461 
4164 2461 2488 2489 
4165 2461 2489 2462 
4166 2462 2489 2490 
4167 2462 2490 2463 
4168 2463 2490 2491 
4169 2463 2491 2464 
4170 2464 2491 2492 
4171 2464 2492 2465 
4172 2465 2492 2493 
4173 2465 2493 2466 
4174 2466 2493 2494 
4175 2466 2494 2467 
4176 2467 2494 2495 
4177 2467 2495 2468 
4178 2468 2495 2496 
4179 2468 2496 261 
4180 261 2496 260 
4181 77 78 2469 
4182 2469 78 2497 
4183 2469 2497 2470 
4184 2470 2497 2498 
4185 2470 2498 2471 
4186 2471 2498 2499 
4187 2471 2499 2472 
4188 2472 2499 2500 
4189 2472 2500 2473 
4190 2473 2500 2501 
4191 2473 2501 2474 
4192 2474 2501 2502 
4193 2474 2502 2475 
4194 2475 2502 2503 
4195 2475 2503 2476 
4196 2476 2503 2504 
4197 2476 2504 2477 
4198 2477 2504 2505 
4199 2477 2505 2478 
4200 2478 2505 2506 
4201 2478 2506 2479 
4202 2479 2506 2507 
4203 2479 2507 2480 
4204 2480 2507 2508 
4205 2480 2508 2481 
4206 2481 2508 2509 
4207 2481 2509 2482 
4208 2482 2509 2510 
4209 2482 2510 2483 
4210 2483 2510 2511 
4211 2483 2511 2484 
4212 2484 2511 2512 
4213 2484 2512 2485 
4214 2485 2512 2513 
4215 2485 2513 2486 
4216 2486 2513 2514 
4217 2486 2514 2487 
4218 2487 2514 2515 
4219 2487 2515 2488 
4220 2488 2515 2516 
4221 2488 2516 2489 
4222 2489 2516 2517 
4223 2489 2517 2490 
4224 2490 2517 2518 
4225 2490 2518 2491 
4226 2491 2518 2519 
4227 2491 2519 2492 
4228 2492 2519 2520 
4229 2492 2520 2493 
4230 2493 2520 2521 
4231 2493 2521 2494 
4232 2494 2521 2522 
4233 2494 2522 2495 
4234 2495 2522 2523 
4235 2495 2523 2496 
4236 2496 2523 2524 
4237 2496 2524 260 
4238 260 2524 259 
4239 78 79 2497 
4240 2497 79 2525 
4241 2497 2525 2498 
4242 2498 2525 2526 
4243 2498 2526 2499 
4244 2499 2526 2527 
4245 2499 2527 2500 
4246 2500 2527 2528 
4247 2500 2528 2501 
4248 2501 2528 2529 
4249 2501 2529 2502 
4250 2502 2529 2530 
4251 2502 2530 2503 
4252 2503 2530 2531 
4253 2503 2531 2504 
4254 2504 2531 2532 
4255 2504 2532 2505 
4256 2505 2532 2533 
4257 2505 2533 2506 
4258 2506 2533 2534 
4259 2506 2534 2507 
4260 2507 2534 2535 
4261 2507 2535 2508 
4262 2508 2535 2536 
4263 2508 2536 2509 
4264 2509 2536 2537 
4265 2509 2537 2510 
4266 2510 2537 2538 
4267 2510 2538 2511 
4268 2511 2538 2539 
4269 2511 2539 2512 
4270 2512 2539 2540 
4271 2512 2540 2513 
4272 2513 2540 2541 
4273 2513 2541 2514 
4274 2514 2541 2542 
4275 2514 2542 2515 
4276 2515 2542 2543 
4277 2515 2543 2516 
4278 2516 2543 2544 
4279 2516 2544 2517 
4280 2517 2544 2545 
4281 2517 2545 2518 
4282 2518 2545 2546 
4283 2518 2546 2519 
4284 2519 2546 2547 
4285 2519 2547 2520 
4286 2520 2547 2548 
4287 2520 2548 2521 
4288 2521 2548 2549 
4289 2521 2549 2522 
4290 2522 2549 2550 
4291 2522 2550 2523 
4292 2523 2550 2551 
4293 2523 2551 2524 
4294 2524 2551 2552 
4295 2524 2552 259 
4296 259 2552 258 
4297 79 80 2525 
4298 2525 80 2553 
4299 2525 2553 2526 
4300 2526 2553 2554 
4301 2526 2554 2527 
4302 2527 2554 2555 
4303 2527 2555 2528 
4304 2528 2555 2556 
4305 2528 2556 2529 
4306 2529 2556 2557 
4307 2529 2557 2530 
4308 2530 2557 2558 
4309 2530 2558 2531 
4310 2531 2558 2559 
4311 2531 2559 2532 
4312 2532 2559 2560 
4313 2532 2560 2533 
4314 2533 2560 2561 
4315 2533 2561 2534 
4316 2534 2561 2562 
4317 2534 2562 2535 
4318 2535 2562 2563 
4319 2535 2563 2536 
4320 2536 2563 2564 
4321 2536 2564 2537 
4322 2537 2564 2565 
4323 2537 2565 2538 
4324 2538 2565 2566 
4325 2538 2566 2539 
4326 2539 2566 2567 
4327 2539 2567 2540 
4328 2540 2567 2568 
4329 2540 2568 2541 
4330 2541 2568 2569 
4331 2541 2569 2542 
4332 2542 2569 2570 
4333 2542 2570 2543 
4334 2543 2570 2571 
4335 2543 2571 2544 
4336 2544 2571 2572 
4337 2544 2572 2545 
4338 2545 2572 2573 
4339 2545 2573 2546 
4340 2546 2573 2574 
4341 2546 2574 2547 
4342 2547 2574 2575 
4343 2547 2575 2548 
4344 2548 2575 2576 
4345 2548 2576 2549 
4346 2549 2576 2577 
4347 2549 2577 2550 
4348 2550 2577 2578 
4349 2550 2578 2551 
4350 2551 2578 2579 
4351 2551 2579 2552 
4352 2552 2579 2580 
4353 2552 2580 258 
4354 258 2580 257 
4355 80 81 2553 
4356 2553 81 2581 
4357 2553 2581 2554 
4358 2554 2581 2582 
4359 2554 2582 2555 
4360 2555 2582 2583 
4361 2555 2583 2556 
4362 2556 2583 2584 
4363 2556 2584 2557 
4364 2557 2584 2585 
4365 2557 2585 2558 
4366 2558 2585 2586 
4367 2558 2586 2559 
4368 2559 2586 2587 
4369 2559 2587 2560 
4370 2560 2587 2588 
4371 2560 2588 2561 
4372 2561 2588 2589 
4373 2561 2589 2562 
4374 2562 2589 2590 
4375 2562 2590 2563 
4376 2563 2590 2591 
4377 2563 2591 2564 
4378 2564 2591 2592 
4379 2564 2592 2565 
4380 2565 2592 2593 
4381 2565 2593 2566 
4382 2566 2593 2594 
4383 2566 2594 2567 
4384 2567 2594 2595 
4385 2567 2595 2568 
4386 2568 2595 2596 
4387 2568 2596 2569 
4388 2569 2596 2597 
4389 2569 2597 2570 
4390 2570 2597 2598 
4391 2570 2598 2571 
4392 2571 2598 2599 
4393 2571 2599 2572 
4394 2572 2599 2600 
4395 2572 2600 2573 
4396 2573 2600 2601 
4397 2573 2601 2574 
4398 2574 2601 2602 
4399 2574 2602 2575 
4400 2575 2602 2603 
4401 2575 2603 2576 
4402 2576 2603 2604 
4403 2576 2604 2577 
4404 2577 2604 2605 
4405 2577 2605 2578 
4406 2578 2605 2606 
4407 2578 2606 2579 
4408 2579 2606 2607 
4409 2579 2607 2580 
4410 2580 2607 2608 
4411 2580 2608 257 
4412 257 2608 256 
4413 81 82 2581 
4414 2581 82 2609 
4415 2581 2609 2582 
4416 2582 2609 2610 
4417 2582 2610 2583 
4418 2583 2610 2611 
4419 2583 2611 2584 
4420 2584 2611 2612 
4421 2584 2612 2585 
4422 2585 2612 2613 
4423 2585 2613 2586 
4424 2586 2613 2614 
4425 2586 2614 2587 
4426 2587 2614 2615 
4427 2587 2615 2588 
4428 2588 2615 2616 
4429 2588 2616 2589 
4430 2589 2616 2617 
4431 2589 2617 2590 
4432 2590 2617 2618 
4433 2590 2618 2591 
4434 2591 2618 2619 
4435 2591 2619 2592 
4436 2592 2619 2620 
4437 2592 2620 2593 
4438 2593 2620 2621 
4439 2593 2621 2594 
4440 2594 2621 2622 
4441 2594 2622 2595 
4442 2595 2622 2623 
4443 2595 2623 2596 
4444 2596 2623 2624 
4445 2596 2624 2597 
4446 2597 2624 2625 
4447 2597 2625 2598 
4448 2598 2625 2626 
4449 2598 2626 2599 
4450 2599 2626 2627 
4451 2599 2627 2600 
4452 2600 2627 2628 
4453 2600 2628 2601 
4454 2601 2628 2629 
4455 2601 2629 2602 
4456 2602 2629 2630 
4457 2602 2630 2603 
4458 2603 2630 2631 
4459 2603 2631 2604 
4460 2604 2631 2632 
4461 2604 2632 2605 
4462 2605 2632 2633 
4463 2605 2633 2606 
4464 2606 2633 2634 
4465 2606 2634 2607 
4466 2607 2634 2635 
4467 2607 2635 2608 
4468 2608 2635 2636 
4469 2608 2636 256 
4470 256 2636 255 
4471 82 83 2609 
4472 2609 83 2637 
4473 2609 2637 2610 
4474 2610 2637 2638 
4475 2610 2638 2611 
4476 2611 2638 2639 
4477 2611 2639 2612 
4478 2612 2639 2640 
4479 2612 2640 2613 
4480 2613 2640 2641 
4481 2613 2641 2614 
4482 2614 2641 2642 
4483 2614 2642 2615 
4484 2615 2642 2643 
4485 2615 2643 2616 
4486 2616 2643 2644 
4487 2616 2644 2617 
4488 2617 2644 2645 
4489 2617 2645 2618 
4490 2618 2645 2646 
4491 2618 2646 2619 
4492 2619 2646 2647 
4493 2619 2647 2620 
4494 2620 2647 2648 
4495 2620 2648 2621 
4496 2621 2648 2649 
4497 2621 2649 2622 
4498 2622 2649 2650 
4499 2622 2650 2623 
4500 2623 2650 2651 
4501 2623 2651 2624 
4502 2624 2651 2652 
4503 2624 2652 2625 
4504 2625 2652 2653 
4505 2625 2653 2626 
4506 2626 2653 2654 
4507 2626 2654 2627 
4508 2627 2654 2655 
4509 2627 2655 2628 
4510 2628 2655 2656 
4511 2628 2656 2629 
4512 2629 2656 2657 
4513 2629 2657 2630 
4514 2630 2657 2658 
4515 2630 2658 2631 
4516 2631 2658 2659 
4517 2631 2659 2632 
4518 2632 2659 2660 
4519 2632 2660 2633 
4520 2633 2660 2661 
4521 2633 2661 2634 
4522 2634 2661 2662 
4523 2634 2662 2635 
4524 2635 2662 2663 
4525 2635 2663 2636 
4526 2636 2663 2664 
4527 2636 2664 255 
4528 255 2664 254 
4529 83 84 2637 
4530 2637 84 2665 
4531 2637 2665 2638 
4532 2638 2665 2666 
4533 2638 2666 2639 
4534 2639 2666 2667 
4535 2639 2667 2640 
4536 2640 2667 2668 
4537 2640 2668 2641 
4538 2641 2668 2669 
4539 2641 2669 2642 
4540 2642 2669 2670 
4541 2642 2670 2643 
4542 2643 2670 2671 
4543 2643 2671 2644 
4544 2644 2671 2672 
4545 2644 2672 2645 
4546 2645 2672 2673 
4547 2645 2673 2646 
4548 2646 2673 2674 
4549 2646 2674 2647 
4550 2647 2674 2675 
4551 2647 2675 2648 
4552 2648 2675 2676 
4553 2648 2676 2649 
4554 2649 2676 2677 
4555 2649 2677 2650 
4556 2650 2677 2678 
4557 2650 2678 2651 
4558 2651 2678 2679 
4559 2651 2679 2652 
4560 2652 2679 2680 
4561 2652 2680 2653 
4562 2653 2680 2681 
4563 2653 2681 2654 
4564 2654 2681 2682 
4565 2654 2682 2655 
4566 2655 2682 2683 
4567 2655 2683 2656 
4568 2656 2683 2684 
4569 2656 2684 2657 
4570 2657 2684 2685 
4571 2657 2685 2658 
4572 2658 2685 2686 
4573 2658 2686 2659 
4574 2659 2686 2687 
4575 2659 2687 2660 
4576 2660 2687 2688 
4577 2660 2688 2661 
4578 2661 2688 2689 
4579 2661 2689 2662 
4580 2662 2689 2690 
4581 2662 2690 2663 
4582 2663 2690 2691 
4583 2663 2691 2664 
4584 2664 2691 2692 
4585 2664 2692 254 
4586 254 2692 253 
4587 84 85 2665 
4588 2665 85 2693 
4589 2665 2693 2666 
4590 2666 2693 2694 
4591 2666 2694 2667 
4592 2667 2694 2695 
4593 2667 2695 2668 
4594 2668 2695 2696 
4595 2668 2696 2669 
4596 2669 2696 2697 
4597 2669 2697 2670 
4598 2670 2697 2698 
4599 2670 2698 2671 
4600 2671 2698 2699 
4601 2671 2699 2672 
4602 2672 2699 2700 
4603 2672 2700 2673 
4604 2673 2700 2701 
4605 2673 2701 2674 
4606 2674 2701 2702 
4607 2674 2702 2675 
4608 2675 2702 2703 
4609 2675 2703 2676 
4610 2676 2703 2704 
4611 2676 2704 2677 
4612 2677 2704 2705 
4613 2677 2705 2678 
4614 2678 2705 2706 
4615 2678 2706 2679 
4616 2679 2706 2707 
4617 2679 2707 2680 
4618 2680 2707 2708 
4619 2680 2708 2681 
4620 2681 2708 2709 
4621 2681 2709 2682 
4622 2682 2709 2710 
4623 2682 2710 2683 
4624 2683 2710 2711 
4625 2683 2711 2684 
4626 2684 2711 2712 
4627 2684 2712 2685 
4628 2685 2712 2713 
4629 2685 2713 2686 
4630 2686 2713 2714 
4631 2686 2714 2687 
4632 2687 2714 2715 
4633 2687 2715 2688 
4634 2688 2715 2716 
4635 2688 2716 2689 
4636 2689 2716 2717 
4637 2689 2717 2690 
4638 2690 2717 2718 
4639 2690 2718 2691 
4640 2691 2718 2719 
4641 2691 2719 2692 
4642 2692 2719 2720 
4643 2692 2720 253 
4644 253 2720 252 
4645 85 86 2693 
4646 2693 86 2721 
4647 2693 2721 2694 
4648 2694 2721 2722 
4649 2694 2722 2695 
4650 2695 2722 2723 
4651 2695 2723 2696 
4652 2696 2723 2724 
4653 2696 2724 2697 
4654 2697 2724 2725 
4655 2697 2725 2698 
4656 2698 2725 2726 
4657 2698 2726 2699 
4658 2699 2726 2727 
4659 2699 2727 2700 
4660 2700 2727 2728 
4661 2700 2728 2701 
4662 2701 2728 2729 
4663 2701 2729 2702 
4664 2702 2729 2730 
4665 2702 2730 2703 
4666 2703 2730 2731 
4667 2703 2731 2704 
4668 2704 2731 2732 
4669 2704 2732 2705 
4670 2705 2732 2733 
4671 2705 2733 2706 
4672 2706 2733 2734 
4673 2706 2734 2707 
4674 2707 2734 2735 
4675 2707 2735 2708 
4676 2708 2735 2736 
4677 2708 2736 2709 
4678 2709 2736 2737 
4679 2709 2737 2710 
4680 2710 2737 2738 
4681 2710 2738 2711 
4682 2711 2738 2739 
4683 2711 2739 2712 
4684 2712 2739 2740 
4685 2712 2740 2713 
4686 2713 2740 2741 
4687 2713 2741 2714 
4688 2714 2741 2742 
4689 2714 2742 2715 
4690 2715 2742 2743 
4691 2715 2743 2716 
4692 2716 2743 2744 
4693 2716 2744 2717 
4694 2717 2744 2745 
4695 2717 2745 2718 
4696 2718 2745 2746 
4697 2718 2746 2719 
4698 2719 2746 2747 
4699 2719 2747 2720 
4700 2720 2747 2748 
4701 2720 2748 252 
4702 252 2748 251 
4703 86 87 2721 
4704 2721 87 2749 
4705 2721 2749 2722 
4706 2722 2749 2750 
4707 2722 2750 2723 
4708 2723 2750 2751 
4709 2723 2751 2724 
4710 2724 2751 2752 
4711 2724 2752 2725 
4712 2725 2752 2753 
4713 2725 2753 2726 
4714 2726 2753 2754 
4715 2726 2754 2727 
4716 2727 2754 2755 
4717 2727 2755 2728 
4718 2728 2755 2756 
4719 2728 2756 2729 
4720 2729 2756 2757 
4721 2729 2757 2730 
4722 2730 2757 2758 
4723 2730 2758 2731 
4724 2731 2758 2759 
4725 2731 2759 2732 
4726 2732 2759 2760 
4727 2732 2760 2733 
4728 2733 2760 2761 
4729 2733 2761 2734 
4730 2734 2761 2762 
4731 2734 2762 2735 
4732 2735 2762 2763 
4733 2735 2763 2736 
4734 2736 2763 2764 
4735 2736 2764 2737 
4736 2737 2764 2765 
4737 2737 2765 2738 
4738 2738 2765 2766 
4739 2738 2766 2739 
4740 2739 2766 2767 
4741 2739 2767 2740 
4742 2740 2767 2768 
4743 2740 2768 2741 
4744 2741 2768 2769 
4745 2741 2769 2742 
4746 2742 2769 2770 
4747 2742 2770 2743 
4748 2743 2770 2771 
4749 2743 2771 2744 
4750 2744 2771 2772 
4751 2744 2772 2745 
4752 2745 2772 2773 
4753 2745 2773 2746 
4754 2746 2773 2774 
4755 2746 2774 2747 
4756 2747 2774 2775 
4757 2747 2775 2748 
4758 2748 2775 2776 
4759 2748 2776 251 
4760 251 2776 250 
4761 87 88 2749 
4762 2749 88 2777 
4763 2749 2777 2750 
4764 2750 2777 2778 
4765 2750 2778 2751 
4766 2751 2778 2779 
4767 2751 2779 2752 
4768 2752 2779 2780 
4769 2752 2780 2753 
4770 2753 2780 2781 
4771 2753 2781 2754 
4772 2754 2781 2782 
4773 2754 2782 2755 
4774 2755 2782 2783 
4775 2755 2783 2756 
4776 2756 2783 2784 
4777 2756 2784 2757 
4778 2757 2784 2785 
4779 2757 2785 2758 
4780 2758 2785 2786 
4781 2758 2786 2759 
4782 2759 2786 2787 
4783 2759 2787 2760 
4784 2760 2787 2788 
4785 2760 2788 2761 
4786 2761 2788 2789 
4787 2761 2789 2762 
4788 2762 2789 2790 
4789 2762 2790 2763 
4790 2763 2790 2791 
4791 2763 2791 2764 
4792 2764 2791 2792 
4793 2764 2792 2765 
4794 2765 2792 2793 
4795 2765 2793 2766 
4796 2766 2793 2794 
4797 2766 2794 2767 
4798 2767 2794 2795 
4799 2767 2795 2768 
4800 2768 2795 2796 
4801 2768 2796 2769 
4802 2769 2796 2797 
4803 2769 2797 2770 
4804 2770 2797 2798 
4805 2770 2798 2771 
4806 2771 2798 2799 
4807 2771 2799 2772 
4808 2772 2799 2800 
4809 2772 2800 2773 
4810 2773 2800 2801 
4811 2773 2801 2774 
4812 2774 2801 2802 
4813 2774 2802 2775 
4814 2775 2802 2803 
4815 2775 2803 2776 
4816 2776 2803 2804 
4817 2776 2804 250 
4818 250 2804 249 
4819 88 89 2777 
4820 2777 89 2805 
4821 2777 2805 2778 
4822 2778 2805 2806 
4823 2778 2806 2779 
4824 2779 2806 2807 
4825 2779 2807 2780 
4826 2780 2807 2808 
4827 2780 2808 2781 
4828 2781 2808 2809 
4829 2781 2809 2782 
4830 2782 2809 2810 
4831 2782 2810 2783 
4832 2783 2810 2811 
4833 2783 2811 2784 
4834 2784 2811 2812 
4835 2784 2812 2785 
4836 2785 2812 2813 
4837 2785 2813 2786 
4838 2786 2813 2814 
4839 2786 2814 2787 
4840 2787 2814 2815 
4841 2787 2815 2788 
4842 2788 2815 2816 
4843 2788 2816 2789 
4844 2789 2816 2817 
4845 2789 2817 2790 
4846 2790 2817 2818 
4847 2790 2818 2791 
4848 2791 2818 2819 
4849 2791 2819 2792 
4850 2792 2819 2820 
4851 2792 2820 2793 
4852 2793 2820 2821 
4853 2793 2821 2794 
4854 2794 2821 2822 
4855 2794 2822 2795 
4856 2795 2822 2823 
4857 2795 2823 2796 
4858 2796 2823 2824 
4859 2796 2824 2797 
4860 2797 2824 2825 
4861 2797 2825 2798 
4862 2798 2825 2826 
4863 2798 2826 2799 
4864 2799 2826 2827 
4865 2799 2827 2800 
4866 2800 2827 2828 
4867 2800 2828 2801 
4868 2801 2828 2829 
4869 2801 2829 2802 
4870 2802 2829 2830 
4871 2802 2830 2803 
4872 2803 2830 2831 
4873 2803 2831 2804 
4874 2804 2831 2832 
4875 2804 2832 249 
4876 249 2832 248 
4877 89 90 2805 
4878 2805 90 2833 
4879 2805 2833 2806 
4880 2806 2833 2834 
4881 2806 2834 2807 
4882 2807 2834 2835 
4883 2807 2835 2808 
4884 2808 2835 2836 
4885 2808 2836 2809 
4886 2809 2836 2837 
4887 2809 2837 2810 
4888 2810 2837 2838 
4889 2810 2838 2811 
4890 2811 2838 2839 
4891 2811 2839 2812 
4892 2812 2839 2840 
4893 2812 2840 2813 
4894 2813 2840 2841 
4895 2813 2841 2814 
4896 2814 2841 2842 
4897 2814 2842 2815 
4898 2815 2842 2843 
4899 2815 2843 2816 
4900 2816 2843 2844 
4901 2816 2844 2817 
4902 2817 2844 2845 
4903 2817 2845 2818 
4904 2818 2845 2846 
4905 2818 2846 2819 
4906 2819 2846 2847 
4907 2819 2847 2820 
4908 2820 2847 2848 
4909 2820 2848 2821 
4910 2821 2848 2849 
4911 2821 2849 2822 
4912 2822 2849 2850 
4913 2822 2850 2823 
4914 2823 2850 2851 
4915 2823 2851 2824 
4916 2824 2851 2852 
4917 2824 2852 2825 
4918 2825 2852 2853 
4919 2825 2853 2826 
4920 2826 2853 2854 
4921 2826 2854 2827 
4922 2827 2854 2855 
4923 2827 2855 2828 
4924 2828 2855 2856 
4925 2828 2856 2829 
4926 2829 2856 2857 
4927 2829 2857 2830 
4928 2830 2857 2858 
4929 2830 2858 2831 
4930 2831 2858 2859 
4931 2831 2859 2832 
4932 2832 2859 2860 
4933 2832 2860 248 
4934 248 2860 247 
4935 90 91 2833 
4936 2833 91 2861 
4937 2833 2861 2834 
4938 2834 2861 2862 
4939 2834 2862 2835 
4940 2835 2862 2863 
4941 2835 2863 2836 
4942 2836 2863 2864 
4943 2836 2864 2837 
4944 2837 2864 2865 
4945 2837 2865 2838 
4946 2838 2865 2866 
4947 2838 2866 2839 
4948 2839 2866 2867 
4949 2839 2867 2840 
4950 2840 2867 2868 
4951 2840 2868 2841 
4952 2841 2868 2869 
4953 2841 2869 2842 
4954 2842 2869 2870 
4955 2842 2870 2843 
4956 2843 2870 2871 
4957 2843 2871 2844 
4958 2844 2871 2872 
4959 2844 2872 2845 
4960 2845 2872 2873 
4961 2845 2873 2846 
4962 2846 2873 2874 
4963 2846 2874 2847 
4964 2847 2874 2875 
4965 2847 2875 2848 
4966 2848 2875 2876 
4967 2848 2876 2849 
4968 2849 2876 2877 
4969 2849 2877 2850 
4970 2850 2877 2878 
4971 2850 2878 2851 
4972 2851 2878 2879 
4973 2851 2879 2852 
4974 2852 2879 2880 
4975 2852 2880 2853 
4976 2853 2880 2881 
4977 2853 2881 2854 
4978 2854 2881 2882 
4979 2854 2882 2855 
4980 2855 2882 2883 
4981 2855 2883 2856 
4982 2856 2883 2884 
4983 2856 2884 2857 
4984 2857 2884 2885 
4985 2857 2885 2858 
4986 2858 2885 2886 
4987 2858 2886 2859 
4988 2859 2886 2887 
4989 2859 2887 2860 
4990 2860 2887 2888 
4991 2860 2888 247 
4992 247 2888 246 
4993 91 92 2861 
4994 2861 92 2889 
4995 2861 2889 2862 
4996 2862 2889 2890 
4997 2862 2890 2863 
4998 2863 2890 2891 
4999 2863 2891 2864 
5000 2864 2891 2892 
5001 2864 2892 2865 
5002 2865 2892 2893 
5003 2865 2893 2866 
5004 2866 2893 2894 
5005 2866 2894 2867 
5006 2867 2894 2895 
5007 2867 2895 2868 
5008 2868 2895 2896 
5009 2868 2896 2869 
5010 2869 2896 2897 
5011 2869 2897 2870 
5012 2870 2897 2898 
5013 2870 2898 2871 
5014 2871 2898 2899 
5015 2871 2899 2872 
5016 2872 2899 2900 
5017 2872 2900 2873 
5018 2873 2900 2901 
5019 2873 2901 2874 
5020 2874 2901 2902 
5021 2874 2902 2875 
5022 2875 2902 2903 
5023 2875 2903 2876 
5024 2876 2903 2904 
5025 2876 2904 2877 
5026 2877 2904 2905 
5027 2877 2905 2878 
5028 2878 2905 2906 
5029 2878 2906 2879 
5030 2879 2906 2907 
5031 2879 2907 2880 
5032 2880 2907 2908 
5033 2880 2908 2881 
5034 2881 2908 2909 
5035 2881 2909 2882 
5036 2882 2909 2910 
5037 2882 2910 2883 
5038 2883 2910 2911 
5039 2883 2911 2884 
5040 2884 2911 2912 
5041 2884 2912 2885 
5042 2885 2912 2913 
5043 2885 2913 2886 
5044 2886 2913 2914 
5045 2886 2914 2887 
5046 2887 2914 2915 
5047 2887 2915 2888 
5048 2888 2915 2916 
5049 2888 2916 246 
5050 246 2916 245 
5051 92 93 2889 
5052 2889 93 2917 
5053 2889 2917 2890 
5054 2890 2917 2918 
5055 2890 2918 2891 
5056 2891 2918 2919 
5057 2891 2919 2892 
5058 2892 2919 2920 
5059 2892 2920 2893 
5060 2893 2920 2921 
5061 2893 2921 2894 
5062 2894 2921 2922 
5063 2894 2922 2895 
5064 2895 2922 2923 
5065 2895 2923 2896 
5066 2896 2923 2924 
5067 2896 2924 2897 
5068 2897 2924 2925 
5069 2897 2925 2898 
5070 2898 2925 2926 
5071 2898 2926 2899 
5072 2899 2926 2927 
5073 2899 2927 2900 
5074 2900 2927 2928 
5075 2900 2928 2901 
5076 2901 2928 2929 
5077 2901 2929 2902 
5078 2902 2929 2930 
5079 2902 2930 2903 
5080 2903 2930 2931 
5081 2903 2931 2904 
5082 2904 2931 2932 
5083 2904 2932 2905 
5084 2905 2932 2933 
5085 2905 2933 2906 
5086 2906 2933 2934 
5087 2906 2934 2907 
5088 2907 2934 2935 
5089 2907 2935 2908 
5090 2908 2935 2936 
5091 2908 2936 2909 
5092 2909 2936 2937 
5093 2909 2937 2910 
5094 2910 2937 2938 
5095 2910 2938 2911 
5096 2911 2938 2939 
5097 2911 2939 2912 
5098 2912 2939 2940 
5099 2912 2940 2913 
5100 2913 2940 2941 
5101 2913 2941 2914 
5102 2914 2941 2942 
5103 2914 2942 2915 
5104 2915 2942 2943 
5105 2915 2943 2916 
5106 2916 2943 2944 
5107 2916 2944 245 
5108 245 2944 244 
5109 93 94 2917 
5110 2917 94 2945 
5111 2917 2945 2918 
5112 2918 2945 2946 
5113 2918 2946 2919 
5114 2919 2946 2947 
5115 2919 2947 2920 
5116 2920 2947 2948 
5117 2920 2948 2921 
5118 2921 2948 2949 
5119 2921 2949 2922 
5120 2922 2949 2950 
5121 2922 2950 2923 
5122 2923 2950 2951 
5123 2923 2951 2924 
5124 2924 2951 2952 
5125 2924 2952 2925 
5126 2925 2952 2953 
5127 2925 2953 2926 
5128 2926 2953 2954 
5129 2926 2954 2927 
5130 2927 2954 2955 
5131 2927 2955 2928 
5132 2928 2955 2956 
5133 2928 2956 2929 
5134 2929 2956 2957 
5135 2929 2957 2930 
5136 2930 2957 2958 
5137 2930 2958 2931 
5138 2931 2958 2959 
5139 2931 2959 2932 
5140 2932 2959 2960 
5141 2932 2960 2933 
5142 2933 2960 2961 
5143 2933 2961 2934 
5144 2934 2961 2962 
5145 2934 2962 2935 
5146 2935 2962 2963 
5147 2935 2963 2936 
5148 2936 2963 2964 
5149 2936 2964 2937 
5150 2937 2964 2965 
5151 2937 2965 2938 
5152 2938 2965 2966 
5153 2938 2966 2939 
5154 2939 2966 2967 
5155 2939 2967 2940 
5156 2940 2967 2968 
5157 2940 2968 2941 
5158 2941 2968 2969 
5159 2941 2969 2942 
5160 2942 2969 2970 
5161 2942 2970 2943 
5162 2943 2970 2971 
5163 2943 2971 2944 
5164 2944 2971 2972 
5165 2944 2972 244 
5166 244 2972 243 
5167 94 95 2945 
5168 2945 95 2973 
5169 2945 2973 2946 
5170 2946 2973 2974 
5171 2946 2974 2947 
5172 2947 2974 2975 
5173 2947 2975 2948 
5174 2948 2975 2976 
5175 2948 2976 2949 
5176 2949 2976 2977 
5177 2949 2977 2950 
5178 2950 2977 2978 
5179 2950 2978 2951 
5180 2951 2978 2979 
5181 2951 2979 2952 
5182 2952 2979 2980 
5183 2952 2980 2953 
5184 2953 2980 2981 
5185 2953 2981 2954 
5186 2954 2981 2982 
5187 2954 2982 2955 
5188 2955 2982 2983 
5189 2955 2983 2956 
5190 2956 2983 2984 
5191 2956 2984 2957 
5192 2957 2984 2985 
5193 2957 2985 2958 
5194 2958 2985 2986 
5195 2958 2986 2959 
5196 2959 2986 2987 
5197 2959 2987 2960 
5198 2960 2987 2988 
5199 2960 2988 2961 
5200 2961 2988 2989 
5201 2961 2989 2962 
5202 2962 2989 2990 
5203 2962 2990 2963 
5204 2963 2990 2991 
5205 2963 2991 2964 
5206 2964 2991 2992 
5207 2964 2992 2965 
5208 2965 2992 2993 
5209 2965 2993 2966 
5210 2966 2993 2994 
5211 2966 2994 2967 
5212 2967 2994 2995 
5213 2967 2995 2968 
5214 2968 2995 2996 
5215 2968 2996 2969 
5216 2969 2996 2997 
5217 2969 2997 2970 
5218 2970 2997 2998 
5219 2970 2998 2971 
5220 2971 2998 2999 
5221 2971 2999 2972 
5222 2972 2999 3000 
5223 2972 3000 243 
5224 243 3000 242 
5225 95 96 2973 
5226 2973 96 3001 
5227 2973 3001 2974 
5228 2974 3001 3002 
5229 2974 3002 2975 
5230 2975 3002 3003 
5231 2975 3003 2976 
5232 2976 3003 3004 
5233 2976 3004 2977 
5234 2977 3004 3005 
5235 2977 3005 2978 
5236 2978 3005 3006 
5237 2978 3006 2979 
5238 2979 3006 3007 
5239 2979 3007 2980 
5240 2980 3007 3008 
5241 2980 3008 2981 
5242 2981 3008 3009 
5243 2981 3009 2982 
5244 2982 3009 3010 
5245 2982 3010 2983 
5246 2983 3010 3011 
5247 2983 3011 2984 
5248 2984 3011 3012 
5249 2984 3012 2985 
5250 2985 3012 3013 
5251 2985 3013 2986 
5252 2986 3013 3014 
5253 2986 3014 2987 
5254 2987 3014 3015 
5255 2987 3015 2988 
5256 2988 3015 3016 
5257 2988 3016 2989 
5258 2989 3016 3017 
5259 2989 3017 2990 
5260 2990 3017 3018 
5261 2990 3018 2991 
5262 2991 3018 3019 
5263 2991 3019 2992 
5264 2992 3019 3020 
5265 2992 3020 2993 
5266 2993 3020 3021 
5267 2993 3021 2994 
5268 2994 3021 3022 
5269 2994 3022 2995 
5270 2995 3022 3023 
5271 2995 3023 2996 
5272 2996 3023 3024 
5273 2996 3024 2997 
5274 2997 3024 3025 
5275 2997 3025 2998 
5276 2998 3025 3026 
5277 2998 3026 2999 
5278 2999 3026 3027 
5279 2999 3027 3000 
5280 3000 3027 3028 
5281 3000 3028 242 
5282 242 3028 241 
5283 96 97 3001 
5284 3001 97 3029 
5285 3001 3029 3002 
5286 3002 3029 3030 
5287 3002 3030 3003 
5288 3003 3030 3031 
5289 3003 3031 3004 
5290 3004 3031 3032 
5291 3004 3032 3005 
5292 3005 3032 3033 
5293 3005 3033 3006 
5294 3006 3033 3034 
5295 3006 3034 3007 
5296 3007 3034 3035 
5297 3007 3035 3008 
5298 3008 3035 3036 
5299 3008 3036 3009 
5300 3009 3036 3037 
5301 3009 3037 3010 
5302 3010 3037 3038 
5303 3010 3038 3011 
5304 3011 3038 3039 
5305 3011 3039 3012 
5306 3012 3039 3040 
5307 3012 3040 3013 
5308 3013 3040 3041 
5309 3013 3041 3014 
5310 3014 3041 3042 
5311 3014 3042 3015 
5312 3015 3042 3043 
5313 3015 3043 3016 
5314 3016 3043 3044 
5315 3016 3044 3017 
5316 3017 3044 3045 
5317 3017 3045 3018 
5318 3018 3045 3046 
5319 3018 3046 3019 
5320 3019 3046 3047 
5321 3019 3047 3020 
5322 3020 3047 3048 
5323 3020 3048 3021 
5324 3021 3048 3049 
5325 3021 3049 3022 
5326 3022 3049 3050 
5327 3022 3050 3023 
5328 3023 3050 3051 
5329 3023 3051 3024 
5330 3024 3051 3052 
5331 3024 3052 3025 
5332 3025 3052 3053 
5333 3025 3053 3026 
5334 3026 3053 3054 
5335 3026 3054 3027 
5336 3027 3054 3055 
5337 3027 3055 3028 
5338 3028 3055 3056 
5339 3028 3056 241 
5340 241 3056 240 
5341 97 98 3029 
5342 3029 98 3057 
5343 3029 3057 3030 
5344 3030 3057 3058 
5345 3030 3058 3031 
5346 3031 3058 3059 
5347 3031 3059 3032 
5348 3032 3059 3060 
5349 3032 3060 3033 
5350 3033 3060 3061 
5351 3033 3061 3034 
5352 3034 3061 3062 
5353 3034 3062 3035 
5354 3035 3062 3063 
5355 3035 3063 3036 
5356 3036 3063 3064 
5357 3036 3064 3037 
5358 3037 3064 3065 
5359 3037 3065 3038 
5360 3038 3065 3066 
5361 3038 3066 3039 
5362 3039 3066 3067 
5363 3039 3067 3040 
5364 3040 3067 3068 
5365 3040 3068 3041 
5366 3041 3068 3069 
5367 3041 3069 3042 
5368 3042 3069 3070 
5369 3042 3070 3043 
5370 3043 3070 3071 
5371 3043 3071 3044 
5372 3044 3071 3072 
5373 3044 3072 3045 
5374 3045 3072 3073 
5375 3045 3073 3046 
5376 3046 3073 3074 
5377 3046 3074 3047 
5378 3047 3074 3075 
5379 3047 3075 3048 
5380 3048 3075 3076 
5381 3048 3076 3049 
5382 3049 3076 3077 
5383 3049 3077 3050 
5384 3050 3077 3078 
5385 3050 3078 3051 
5386 3051 3078 3079 
5387 3051 3079 3052 
5388 3052 3079 3080 
5389 3052 3080 3053 
5390 3053 3080 3081 
5391 3053 3081 3054 
5392 3054 3081 3082 
5393 3054 3082 3055 
5394 3055 3082 3083 
5395 3055 3083 3056 
5396 3056 3083 3084 
5397 3056 3084 240 
5398 240 3084 239 
5399 98 99 3057 
5400 3057 99 3085 
5401 3057 3085 3058 
5402 3058 3085 3086 
5403 3058 3086 3059 
5404 3059 3086 3087 
5405 3059 3087 3060 
5406 3060 3087 3088 
5407 3060 3088 3061 
5408 3061 3088 3089 
5409 3061 3089 3062 
5410 3062 3089 3090 
5411 3062 3090 3063 
5412 3063 3090 3091 
5413 3063 3091 3064 
5414 3064 3091 3092 
5415 3064 3092 3065 
5416 3065 3092 3093 
5417 3065 3093 3066 
5418 3066 3093 3094 
5419 3066 3094 3067 
5420 3067 3094 3095 
5421 3067 3095 3068 
5422 3068 3095 3096 
5423 3068 3096 3069 
5424 3069 3096 3097 
5425 3069 3097 3070 
5426 3070 3097 3098 
5427 3070 3098 3071 
5428 3071 3098 3099 
5429 3071 3099 3072 
5430 3072 3099 3100 
5431 3072 3100 3073 
5432 3073 3100 3101 
5433 3073 3101 3074 
5434 3074 3101 3102 
5435 3074 3102 3075 
5436 3075 3102 3103 
5437 3075 3103 3076 
5438 3076 3103 3104 
5439 3076 3104 3077 
5440 3077 3104 3105 
5441 3077 3105 3078 
5442 3078 3105 3106 
5443 3078 3106 3079 
5444 3079 3106 3107 
5445 3079 3107 3080 
5446 3080 3107 3108 
5447 3080 3108 3081 
5448 3081 3108 3109 
5449 3081 3109 3082 
5450 3082 3109 3110 
5451 3082 3110 3083 
5452 3083 3110 3111 
5453 3083 3111 3084 
5454 3084 3111 3112 
5455 3084 3112 239 
5456 239 3112 238 
5457 99 100 3085 
5458 3085 100 3113 
5459 3085 3113 3086 
5460 3086 3113 3114 
5461 3086 3114 3087 
5462 3087 3114 3115 
5463 3087 3115 3088 
5464 3088 3115 3116 
5465 3088 3116 3089 
5466 3089 3116 3117 
5467 3089 3117 3090 
5468 3090 3117 3118 
5469 3090 3118 3091 
5470 3091 3118 3119 
5471 3091 3119 3092 
5472 3092 3119 3120 
5473 3092 3120 3093 
5474 3093 3120 3121 
5475 3093 3121 3094 
5476 3094 3121 3122 
5477 3094 3122 3095 
5478 3095 3122 3123 
5479 3095 3123 3096 
5480 3096 3123 3124 
5481 3096 3124 3097 
5482 3097 3124 3125 
5483 3097 3125 3098 
5484 3098 3125 3126 
5485 3098 3126 3099 
5486 3099 3126 3127 
5487 3099 3127 3100 
5488 3100 3127 3128 
5489 3100 3128 3101 
5490 3101 3128 3129 
5491 3101 3129 3102 
5492 3102 3129 3130 
5493 3102 3130 3103 
5494 3103 3130 3131 
5495 3103 3131 3104 
5496 3104 3131 3132 
5497 3104 3132 3105 
5498 3105 3132 3133 
5499 3105 3133 3106 
5500 3106 3133 3134 
5501 3106 3134 3107 
5502 3107 3134 3135 
5503 3107 3135 3108 
5504 3108 3135 3136 
5505 3108 3136 3109 
5506 3109 3136 3137 
5507 3109 3137 3110 
5508 3110 3137 3138 
5509 3110 3138 3111 
5510 3111 3138 3139 
5511 3111 3139 3112 
5512 3112 3139 3140 
5513 3112 3140 238 
5514 238 3140 237 
5515 100 101 3113 
5516 3113 101 3141 
5517 3113 3141 3114 
5518 3114 3141 3142 
5519 3114 3142 3115 
5520 3115 3142 3143 
5521 3115 3143 3116 
5522 3116 3143 3144 
5523 3116 3144 3117 
5524 3117 3144 3145 
5525 3117 3145 3118 
5526 3118 3145 3146 
5527 3118 3146 3119 
5528 3119 3146 3147 
5529 3119 3147 3120 
5530 3120 3147 3148 
5531 3120 3148 3121 
5532 3121 3148 3149 
5533 3121 3149 3122 
5534 3122 3149 3150 
5535 3122 3150 3123 
5536 3123 3150 3151 
5537 3123 3151 3124 
5538 3124 3151 3152 
5539 3124 3152 3125 
5540 3125 3152 3153 
5541 3125 3153 3126 
5542 3126 3153 3154 
5543 3126 3154 3127 
5544 3127 3154 3155 
5545 3127 3155 3128 
5546 3128 3155 3156 
5547 3128 3156 3129 
5548 3129 3156 3157 
5549 3129 3157 3130 
5550 3130 3157 3158 
5551 3130 3158 3131 
5552 3131 3158 3159 
5553 3131 3159 3132 
5554 3132 3159 3160 
5555 3132 3160 3133 
5556 3133 3160 3161 
5557 3133 3161 3134 
5558 3134 3161 3162 
5559 3134 3162 3135 
5560 3135 3162 3163 
5561 3135 3163 3136 
5562 3136 3163 3164 
5563 3136 3164 3137 
5564 3137 3164 3165 
5565 3137 3165 3138 
5566 3138 3165 3166 
5567 3138 3166 3139 
5568 3139 3166 3167 
5569 3139 3167 3140 
5570 3140 3167 3168 
5571 3140 3168 237 
5572 237 3168 236 
5573 101 102 3141 
5574 3141 102 3169 
5575 3141 3169 3142 
5576 3142 3169 3170 
5577 3142 3170 3143 
5578 3143 3170 3171 
5579 3143 3171 3144 
5580 3144 3171 3172 
5581 3144 3172 3145 
5582 3145 3172 3173 
5583 3145 3173 3146 
5584 3146 3173 3174 
5585 3146 3174 3147 
5586 3147 3174 3175 
5587 3147 3175 3148 
5588 3148 3175 3176 
5589 3148 3176 3149 
5590 3149 3176 3177 
5591 3149 3177 3150 
5592 3150 3177 3178 
5593 3150 3178 3151 
5594 3151 3178 3179 
5595 3151 3179 3152 
5596 3152 3179 3180 
5597 3152 3180 3153 
5598 3153 3180 3181 
5599 3153 3181 3154 
5600 3154 3181 3182 
5601 3154 3182 3155 
5602 3155 3182 3183 
5603 3155 3183 3156 
5604 3156 3183 3184 
5605 3156 3184 3157 
5606 3157 3184 3185 
5607 3157 3185 3158 
5608 3158 3185 3186 
5609 3158 3186 3159 
5610 3159 3186 3187 
5611 3159 3187 3160 
5612 3160 3187 3188 
5613 3160 3188 3161 
5614 3161 3188 3189 
5615 3161 3189 3162 
5616 3162 3189 3190 
5617 3162 3190 3163 
5618 3163 3190 3191 
5619 3163 3191 3164 
5620 3164 3191 3192 
5621 3164 3192 3165 
5622 3165 3192 3193 
5623 3165 3193 3166 
5624 3166 3193 3194 
5625 3166 3194 3167 
5626 3167 3194 3195 
5627 3167 3195 3168 
5628 3168 3195 3196 
5629 3168 3196 236 
5630 236 3196 235 
5631 102 103 3169 
5632 3169 103 3197 
5633 3169 3197 3170 
5634 3170 3197 3198 
5635 3170 3198 3171 
5636 3171 3198 3199 
5637 3171 3199 3172 
5638 3172 3199 3200 
5639 3172 3200 3173 
5640 3173 3200 3201 
5641 3173 3201 3174 
5642 3174 3201 3202 
5643 3174 3202 3175 
5644 3175 3202 3203 
5645 3175 3203 3176 
5646 3176 3203 3204 
5647 3176 3204 3177 
5648 3177 3204 3205 
5649 3177 3205 3178 
5650 3178 3205 3206 
5651 3178 3206 3179 
5652 3179 3206 3207 
5653 3179 3207 3180 
5654 3180 3207 3208 
5655 3180 3208 3181 
5656 3181 3208 3209 
5657 3181 3209 3182 
5658 3182 3209 3210 
5659 3182 3210 3183 
5660 3183 3210 3211 
5661 3183 3211 3184 
5662 3184 3211 3212 
5663 3184 3212 3185 
5664 3185 3212 3213 
5665 3185 3213 3186 
5666 3186 3213 3214 
5667 3186 3214 3187 
5668 3187 3214 3215 
5669 3187 3215 3188 
5670 3188 3215 3216 
5671 3188 3216 3189 
5672 3189 3216 3217 
5673 3189 3217 3190 
5674 3190 3217 3218 
5675 3190 3218 3191 
5676 3191 3218 3219 
5677 3191 3219 3192 
5678 3192 3219 3220 
5679 3192 3220 3193 
5680 3193 3220 3221 
5681 3193 3221 3194 
5682 3194 3221 3222 
5683 3194 3222 3195 
5684 3195 3222 3223 
5685 3195 3223 3196 
5686 3196 3223 3224 
5687 3196 3224 235 
5688 235 3224 234 
5689 103 104 3197 
5690 3197 104 3225 
5691 3197 3225 3198 
5692 3198 3225 3226 
5693 3198 3226 3199 
5694 3199 3226 3227 
5695 3199 3227 3200 
5696 3200 3227 3228 
5697 3200 3228 3201 
5698 3201 3228 3229 
5699 3201 3229 3202 
5700 3202 3229 3230 
5701 3202 3230 3203 
5702 3203 3230 3231 
5703 3203 3231 3204 
5704 3204 3231 3232 
5705 3204 3232 3205 
5706 3205 3232 3233 
5707 3205 3233 3206 
5708 3206 3233 3234 
5709 3206 3234 3207 
5710 3207 3234 3235 
5711 3207 3235 3208 
5712 3208 3235 3236 
5713 3208 3236 3209 
5714 3209 3236 3237 
5715 3209 3237 3210 
5716 3210 3237 3238 
5717 3210 3238 3211 
5718 3211 3238 3239 
5719 3211 3239 3212 
5720 3212 3239 3240 
5721 3212 3240 3213 
5722 3213 3240 3241 
5723 3213 3241 3214 
5724 3214 3241 3242 
5725 3214 3242 3215 
5726 3215 3242 3243 
5727 3215 3243 3216 
5728 3216 3243 3244 
5729 3216 3244 3217 
5730 3217 3244 3245 
5731 3217 3245 3218 
5732 3218 3245 3246 
5733 3218 3246 3219 
5734 3219 3246 3247 
5735 3219 3247 3220 
5736 3220 3247 3248 
5737 3220 3248 3221 
5738 3221 3248 3249 
5739 3221 3249 3222 
5740 3222 3249 3250 
5741 3222 3250 3223 
5742 3223 3250 3251 
5743 3223 3251 3224 
5744 3224 3251 3252 
5745 3224 3252 234 
5746 234 3252 233 
5747 104 105 3225 
5748 3225 105 3253 
5749 3225 3253 3226 
5750 3226 3253 3254 
5751 3226 3254 3227 
5752 3227 3254 3255 
5753 3227 3255 3228 
5754 3228 3255 3256 
5755 3228 3256 3229 
5756 3229 3256 3257 
5757 3229 3257 3230 
5758 3230 3257 3258 
5759 3230 3258 3231 
5760 3231 3258 3259 
5761 3231 3259 3232 
5762 3232 3259 3260 
5763 3232 3260 3233 
5764 3233 3260 3261 
5765 3233 3261 3234 
5766 3234 3261 3262 
5767 3234 3262 3235 
5768 3235 3262 3263 
5769 3235 3263 3236 
5770 3236 3263 3264 
5771 3236 3264 3237 
5772 3237 3264 3265 
5773 3237 3265 3238 
5774 3238 3265 3266 
5775 3238 3266 3239 
5776 3239 3266 3267 
5777 3239 3267 3240 
5778 3240 3267 3268 
5779 3240 3268 3241 
5780 3241 3268 3269 
5781 3241 3269 3242 
5782 3242 3269 3270 
5783 3242 3270 3243 
5784 3243 3270 3271 
5785 3243 3271 3244 
5786 3244 3271 3272 
5787 3244 3272 3245 
5788 3245 3272 3273 
5789 3245 3273 3246 
5790 3246 3273 3274 
5791 3246 3274 3247 
5792 3247 3274 3275 
5793 3247 3275 3248 
5794 3248 3275 3276 
5795 3248 3276 3249 
5796 3249 3276 3277 
5797 3249 3277 3250 
5798 3250 3277 3278 
5799 3250 3278 3251 
5800 3251 3278 3279 
5801 3251 3279 3252 
5802 3252 3279 3280 
5803 3252 3280 233 
5804 233 3280 232 
5805 105 106 3253 
5806 3253 106 3281 
5807 3253 3281 3254 
5808 3254 3281 3282 
5809 3254 3282 3255 
5810 3255 3282 3283 
5811 3255 3283 3256 
5812 3256 3283 3284 
5813 3256 3284 3257 
5814 3257 3284 3285 
5815 3257 3285 3258 
5816 3258 3285 3286 
5817 3258 3286 3259 
5818 3259 3286 3287 
5819 3259 3287 3260 
5820 3260 3287 3288 
5821 3260 3288 3261 
5822 3261 3288 3289 
5823 3261 3289 3262 
5824 3262 3289 3290 
5825 3262 3290 3263 
5826 3263 3290 3291 
5827 3263 3291 3264 
5828 3264 3291 3292 
5829 3264 3292 3265 
5830 3265 3292 3293 
5831 3265 3293 3266 
5832 3266 3293 3294 
5833 3266 3294 3267 
5834 3267 3294 3295 
5835 3267 3295 3268 
5836 3268 3295 3296 
5837 3268 3296 3269 
5838 3269 3296 3297 
5839 3269 3297 3270 
5840 3270 3297 3298 
5841 3270 3298 3271 
5842 3271 3298 3299 
5843 3271 3299 3272 
5844 3272 3299 3300 
5845 3272 3300 3273 
5846 3273 3300 3301 
5847 3273 3301 3274 
5848 3274 3301 3302 
5849 3274 3302 3275 
5850 3275 3302 3303 
5851 3275 3303 3276 
5852 3276 3303 3304 
5853 3276 3304 3277 
5854 3277 3304 3305 
5855 3277 3305 3278 
5856 3278 3305 3306 
5857 3278 3306 3279 
5858 3279 3306 3307 
5859 3279 3307 3280 
5860 3280 3307 3308 
5861 3280 3308 232 
5862 232 3308 231 
5863 106 107 3281 
5864 3281 107 3309 
5865 3281 3309 3282 
5866 3282 3309 3310 
5867 3282 3310 3283 
5868 3283 3310 3311 
5869 3283 3311 3284 
5870 3284 3311 3312 
5871 3284 3312 3285 
5872 3285 3312 3313 
5873 3285 3313 3286 
5874 3286 3313 3314 
5875 3286 3314 3287 
5876 3287 3314 3315 
5877 3287 3315 3288 
5878 3288 3315 3316 
5879 3288 3316 3289 
5880 3289 3316 3317 
5881 3289 3317 3290 
5882 3290 3317 3318 
5883 3290 3318 3291 
5884 3291 3318 3319 
5885 3291 3319 3292 
5886 3292 3319 3320 
5887 3292 3320 3293 
5888 3293 3320 3321 
5889 3293 3321 3294 
5890 3294 3321 3322 
5891 3294 3322 3295 
5892 3295 3322 3323 
5893 3295 3323 3296 
5894 3296 3323 3324 
5895 3296 3324 3297 
5896 3297 3324 3325 
5897 3297 3325 3298 
5898 3298 3325 3326 
5899 3298 3326 3299 
5900 3299 3326 3327 
5901 3299 3327 3300 
5902 3300 3327 3328 
5903 3300 3328 3301 
5904 3301 3328 3329 
5905 3301 3329 3302 
5906 3302 3329 3330 
5907 3302 3330 3303 
5908 3303 3330 3331 
5909 3303 3331 3304 
5910 3304 3331 3332 
5911 3304 3332 3305 
5912 3305 3332 3333 
5913 3305 3333 3306 
5914 3306 3333 3334 
5915 3306 3334 3307 
5916 3307 3334 3335 
5917 3307 3335 3308 
5918 3308 3335 3336 
5919 3308 3336 231 
5920 231 3336 230 
5921 107 108 3309 
5922 3309 108 3337 
5923 3309 3337 3310 
5924 3310 3337 3338 
5925 3310 3338 3311 
5926 3311 3338 3339 
5927 3311 3339 3312 
5928 3312 3339 3340 
5929 3312 3340 3313 
5930 3313 3340 3341 
5931 3313 3341 3314 
5932 3314 3341 3342 
5933 3314 3342 3315 
5934 3315 3342 3343 
5935 3315 3343 3316 
5936 3316 3343 3344 
5937 3316 3344 3317 
5938 3317 3344 3345 
5939 3317 3345 3318 
5940 3318 3345 3346 
5941 3318 3346 3319 
5942 3319 3346 3347 
5943 3319 3347 3320 
5944 3320 3347 3348 
5945 3320 3348 3321 
5946 3321 3348 3349 
5947 3321 3349 3322 
5948 3322 3349 3350 
5949 3322 3350 3323 
5950 3323 3350 3351 
5951 3323 3351 3324 
5952 3324 3351 3352 
5953 3324 3352 3325 
5954 3325 3352 3353 
5955 3325 3353 3326 
5956 3326 3353 3354 
5957 3326 3354 3327 
5958 3327 3354 3355 
5959 3327 3355 3328 
5960 3328 3355 3356 
5961 3328 3356 3329 
5962 3329 3356 3357 
5963 3329 3357 3330 
5964 3330 3357 3358 
5965 3330 3358 3331 
5966 3331 3358 3359 
5967 3331 3359 3332 
5968 3332 3359 3360 
5969 3332 3360 3333 
5970 3333 3360 3361 
5971 3333 3361 3334 
5972 3334 3361 3362 
5973 3334 3362 3335 
5974 3335 3362 3363 
5975 3335 3363 3336 
5976 3336 3363 3364 
5977 3336 3364 230 
5978 230 3364 229 
5979 108 109 3337 
5980 3337 109 3365 
5981 3337 3365 3338 
5982 3338 3365 3366 
5983 3338 3366 3339 
5984 3339 3366 3367 
5985 3339 3367 3340 
5986 3340 3367 3368 
5987 3340 3368 3341 
5988 3341 3368 3369 
5989 3341 3369 3342 
5990 3342 3369 3370 
5991 3342 3370 3343 
5992 3343 3370 3371 
5993 3343 3371 3344 
5994 3344 3371 3372 
5995 3344 3372 3345 
5996 3345 3372 3373 
5997 3345 3373 3346 
5998 3346 3373 3374 
5999 3346 3374 3347 
6000 3347 3374 3375 
6001 3347 3375 3348 
6002 3348 3375 3376 
6003 3348 3376 3349 
6004 3349 3376 3377 
6005 3349 3377 3350 
6006 3350 3377 3378 
6007 3350 3378 3351 
6008 3351 3378 3379 
6009 3351 3379 3352 
6010 3352 3379 3380 
6011 3352 3380 3353 
6012 3353 3380 3381 
6013 3353 3381 3354 
6014 3354 3381 3382 
6015 3354 3382 3355 
6016 3355 3382 3383 
6017 3355 3383 3356 
6018 3356 3383 3384 
6019 3356 3384 3357 
6020 3357 3384 3385 
6021 3357 3385 3358 
6022 3358 3385 3386 
6023 3358 3386 3359 
6024 3359 3386 3387 
6025 3359 3387 3360 
6026 3360 3387 3388 
6027 3360 3388 3361 
6028 3361 3388 3389 
6029 3361 3389 3362 
6030 3362 3389 3390 
6031 3362 3390 3363 
6032 3363 3390 3391 
6033 3363 3391 3364 
6034 3364 3391 3392 
6035 3364 3392 229 
6036 229 3392 228 
6037 109 110 3365 
6038 3365 110 3393 
6039 3365 3393 3366 
6040 3366 3393 3394 
6041 3366 3394 3367 
6042 3367 3394 3395 
6043 3367 3395 3368 
6044 3368 3395 3396 
6045 3368 3396 3369 
6046 3369 3396 3397 
6047 3369 3397 3370 
6048 3370 3397 3398 
6049 3370 3398 3371 
6050 3371 3398 3399 
6051 3371 3399 3372 
6052 3372 3399 3400 
6053 3372 3400 3373 
6054 3373 3400 3401 
6055 3373 3401 3374 
6056 3374 3401 3402 
6057 3374 3402 3375 
6058 3375 3402 3403 
6059 3375 3403 3376 
6060 3376 3403 3404 
6061 3376 3404 3377 
6062 3377 3404 3405 
6063 3377 3405 3378 
6064 3378 3405 3406 
6065 3378 3406 3379 
6066 3379 3406 3407 
6067 3379 3407 3380 
6068 3380 3407 3408 
6069 3380 3408 3381 
6070 3381 3408 3409 
6071 3381 3409 3382 
6072 3382 3409 3410 
6073 3382 3410 3383 
6074 3383 3410 3411 
6075 3383 3411 3384 
6076 3384 3411 3412 
6077 3384 3412 3385 
6078 3385 3412 3413 
6079 3385 3413 3386 
6080 3386 3413 3414 
6081 3386 3414 3387 
6082 3387 3414 3415 
6083 3387 3415 3388 
6084 3388 3415 3416 
6085 3388 3416 3389 
6086 3389 3416 3417 
6087 3389 3417 3390 
6088 3390 3417 3418 
6089 3390 3418 3391 
6090 3391 3418 3419 
6091 3391 3419 3392 
6092 3392 3419 3420 
6093 3392 3420 228 
6094 228 3420 227 
6095 110 111 3393 
6096 3393 111 3421 
6097 3393 3421 3394 
6098 3394 3421 3422 
6099 3394 3422 3395 
6100 3395 3422 3423 
6101 3395 3423 3396 
6102 3396 3423 3424 
6103 3396 3424 3397 
6104 3397 3424 3425 
6105 3397 3425 3398 
6106 3398 3425 3426 
6107 3398 3426 3399 
6108 3399 3426 3427 
6109 3399 3427 3400 
6110 3400 3427 3428 
6111 3400 3428 3401 
6112 3401 3428 3429 
6113 3401 3429 3402 
6114 3402 3429 3430 
6115 3402 3430 3403 
6116 3403 3430 3431 
6117 3403 3431 3404 
6118 3404 3431 3432 
6119 3404 3432 3405 
6120 3405 3432 3433 
6121 3405 3433 3406 
6122 3406 3433 3434 
6123 3406 3434 3407 
6124 3407 3434 3435 
6125 3407 3435 3408 
6126 3408 3435 3436 
6127 3408 3436 3409 
6128 3409 3436 3437 
6129 3409 3437 3410 
6130 3410 3437 3438 
6131 3410 3438 3411 
6132 3411 3438 3439 
6133 3411 3439 3412 
6134 3412 3439 3440 
6135 3412 3440 3413 
6136 3413 3440 3441 
6137 3413 3441 3414 
6138 3414 3441 3442 
6139 3414 3442 3415 
6140 3415 3442 3443 
6141 3415 3443 3416 
6142 3416 3443 3444 
6143 3416 3444 3417 
6144 3417 3444 3445 
6145 3417 3445 3418 
6146 3418 3445 3446 
6147 3418 3446 3419 
6148 3419 3446 3447 
6149 3419 3447 3420 
6150 3420 3447 3448 
6151 3420 3448 227 
6152 227 3448 226 
6153 111 112 3421 
6154 3421 112 3449 
6155 3421 3449 3422 
6156 3422 3449 3450 
6157 3422 3450 3423 
6158 3423 3450 3451 
6159 3423 3451 3424 
6160 3424 3451 3452 
6161 3424 3452 3425 
6162 3425 3452 3453 
6163 3425 3453 3426 
6164 3426 3453 3454 
6165 3426 3454 3427 
6166 3427 3454 3455 
6167 3427 3455 3428 
6168 3428 3455 3456 
6169 3428 3456 3429 
6170 3429 3456 3457 
6171 3429 3457 3430 
6172 3430 3457 3458 
6173 3430 3458 3431 
6174 3431 3458 3459 
6175 3431 3459 3432 
6176 3432 3459 3460 
6177 3432 3460 3433 
6178 3433 3460 3461 
6179 3433 3461 3434 
6180 3434 3461 3462 
6181 3434 3462 3435 
6182 3435 3462 3463 
6183 3435 3463 3436 
6184 3436 3463 3464 
6185 3436 3464 3437 
6186 3437 3464 3465 
6187 3437 3465 3438 
6188 3438 3465 3466 
6189 3438 3466 3439 
6190 3439 3466 3467 
6191 3439 3467 3440 
6192 3440 3467 3468 
6193 3440 3468 3441 
6194 3441 3468 3469 
6195 3441 3469 3442 
6196 3442 3469 3470 
6197 3442 3470 3443 
6198 3443 3470 3471 
6199 3443 3471 3444 
6200 3444 3471 3472 
6201 3444 3472 3445 
6202 3445 3472 3473 
6203 3445 3473 3446 
6204 3446 3473 3474 
6205 3446 3474 3447 
6206 3447 3474 3475 
6207 3447 3475 3448 
6208 3448 3475 3476 
6209 3448 3476 226 
6210 226 3476 225 
6211 112 113 3449 
6212 3449 113 3477 
6213 3449 3477 3450 
6214 3450 3477 3478 
6215 3450 3478 3451 
6216 3451 3478 3479 
6217 3451 3479 3452 
6218 3452 3479 3480 
6219 3452 3480 3453 
6220 3453 3480 3481 
6221 3453 3481 3454 
6222 3454 3481 3482 
6223 3454 3482 3455 
6224 3455 3482 3483 
6225 3455 3483 3456 
6226 3456 3483 3484 
6227 3456 3484 3457 
6228 3457 3484 3485 
6229 3457 3485 3458 
6230 3458 3485 3486 
6231 3458 3486 3459 
6232 3459 3486 3487 
6233 3459 3487 3460 
6234 3460 3487 3488 
6235 3460 3488 3461 
6236 3461 3488 3489 
6237 3461 3489 3462 
6238 3462 3489 3490 
6239 3462 3490 3463 
6240 3463 3490 3491 
6241 3463 3491 3464 
6242 3464 3491 3492 
6243 3464 3492 3465 
6244 3465 3492 3493 
6245 3465 3493 3466 
6246 3466 3493 3494 
6247 3466 3494 3467 
6248 3467 3494 3495 
6249 3467 3495 3468 
6250 3468 3495 3496 
6251 3468 3496 3469 
6252 3469 3496 3497 
6253 3469 3497 3470 
6254 3470 3497 3498 
6255 3470 3498 3471 
6256 3471 3498 3499 
6257 3471 3499 3472 
6258 3472 3499 3500 
6259 3472 3500 3473 
6260 3473 3500 3501 
6261 3473 3501 3474 
6262 3474 3501 3502 
6263 3474 3502 3475 
6264 3475 3502 3503 
6265 3475 3503 3476 
6266 3476 3503 3504 
6267 3476 3504 225 
6268 225 3504 224 
6269 113 114 3477 
6270 3477 114 3505 
6271 3477 3505 3478 
6272 3478 3505 3506 
6273 3478 3506 3479 
6274 3479 3506 3507 
6275 3479 3507 3480 
6276 3480 3507 3508 
6277 3480 3508 3481 
6278 3481 3508 3509 
6279 3481 3509 3482 
6280 3482 3509 3510 
6281 3482 3510 3483 
6282 3483 3510 3511 
6283 3483 3511 3484 
6284 3484 3511 3512 
6285 3484 3512 3485 
6286 3485 3512 3513 
6287 3485 3513 3486 
6288 3486 3513 3514 
6289 3486 3514 3487 
6290 3487 3514 3515 
6291 3487 3515 3488 
6292 3488 3515 3516 
6293 3488 3516 3489 
6294 3489 3516 3517 
6295 3489 3517 3490 
6296 3490 3517 3518 
6297 3490 3518 3491 
6298 3491 3518 3519 
6299 3491 3519 3492 
6300 3492 3519 3520 
6301 3492 3520 3493 
6302 3493 3520 3521 
6303 3493 3521 3494 
6304 3494 3521 3522 
6305 3494 3522 3495 
6306 3495 3522 3523 
6307 3495 3523 3496 
6308 3496 3523 3524 
6309 3496 3524 3497 
6310 3497 3524 3525 
6311 3497 3525 3498 
6312 3498 3525 3526 
6313 3498 3526 3499 
6314 3499 3526 3527 
6315 3499 3527 3500 
6316 3500 3527 3528 
6317 3500 3528 3501 
6318 3501 3528 3529 
6319 3501 3529 3502 
6320 3502 3529 3530 
6321 3502 3530 3503 
6322 3503 3530 3531 
6323 3503 3531 3504 
6324 3504 3531 3532 
6325 3504 3532 224 
6326 224 3532 223 
6327 114 115 3505 
6328 3505 115 3533 
6329 3505 3533 3506 
6330 3506 3533 3534 
6331 3506 3534 3507 
6332 3507 3534 3535 
6333 3507 3535 3508 
6334 3508 3535 3536 
6335 3508 3536 3509 
6336 3509 3536 3537 
6337 3509 3537 3510 
6338 3510 3537 3538 
6339 3510 3538 3511 
6340 3511 3538 3539 
6341 3511 3539 3512 
6342 3512 3539 3540 
6343 3512 3540 3513 
6344 3513 3540 3541 
6345 3513 3541 3514 
6346 3514 3541 3542 
6347 3514 3542 3515 
6348 3515 3542 3543 
6349 3515 3543 3516 
6350 3516 3543 3544 
6351 3516 3544 3517 
6352 3517 3544 3545 
6353 3517 3545 3518 
6354 3518 3545 3546 
6355 3518 3546 3519 
6356 3519 3546 3547 
6357 3519 3547 3520 
6358 3520 3547 3548 
6359 3520 3548 3521 
6360 3521 3548 3549 
6361 3521 3549 3522 
6362 3522 3549 3550 
6363 3522 3550 3523 
6364 3523 3550 3551 
6365 3523 3551 3524 
6366 3524 3551 3552 
6367 3524 3552 3525 
6368 3525 3552 3553 
6369 3525 3553 3526 
6370 3526 3553 3554 
6371 3526 3554 3527 
6372 3527 3554 3555 
6373 3527 3555 3528 
6374 3528 3555 3556 
6375 3528 3556 3529 
6376 3529 3556 3557 
6377 3529 3557 3530 
6378 3530 3557 3558 
6379 3530 3558 3531 
6380 3531 3558 3559 
6381 3531 3559 3532 
6382 3532 3559 3560 
6383 3532 3560 223 
6384 223 3560 222 
6385 115 116 3533 
6386 3533 116 3561 
6387 3533 3561 3534 
6388 3534 3561 3562 
6389 3534 3562 3535 
6390 3535 3562 3563 
6391 3535 3563 3536 
6392 3536 3563 3564 
6393 3536 3564 3537 
6394 3537 3564 3565 
6395 3537 3565 3538 
6396 3538 3565 3566 
6397 3538 3566 3539 
6398 3539 3566 3567 
6399 3539 3567 3540 
6400 3540 3567 3568 
6401 3540 3568 3541 
6402 3541 3568 3569 
6403 3541 3569 3542 
6404 3542 3569 3570 
6405 3542 3570 3543 
6406 3543 3570 3571 
6407 3543 3571 3544 
6408 3544 3571 3572 
6409 3544 3572 3545 
6410 3545 3572 3573 
6411 3545 3573 3546 
6412 3546 3573 3574 
6413 3546 3574 3547 
6414 3547 3574 3575 
6415 3547 3575 3548 
6416 3548 3575 3576 
6417 3548 3576 3549 
6418 3549 3576 3577 
6419 3549 3577 3550 
6420 3550 3577 3578 
6421 3550 3578 3551 
6422 3551 3578 3579 
6423 3551 3579 3552 
6424 3552 3579 3580 
6425 3552 3580 3553 
6426 3553 3580 3581 
6427 3553 3581 3554 
6428 3554 3581 3582 
6429 3554 3582 3555 
6430 3555 3582 3583 
6431 3555 3583 3556 
6432 3556 3583 3584 
6433 3556 3584 3557 
6434 3557 3584 3585 
6435 3557 3585 3558 
6436 3558 3585 3586 
6437 3558 3586 3559 
6438 3559 3586 3587 
6439 3559 3587 3560 
6440 3560 3587 3588 
6441 3560 3588 222 
6442 222 3588 221 
6443 116 117 3561 
6444 3561 117 3589 
6445 3561 3589 3562 
6446 3562 3589 3590 
6447 3562 3590 3563 
6448 3563 3590 3591 
6449 3563 3591 3564 
6450 3564 3591 3592 
6451 3564 3592 3565 
6452 3565 3592 3593 
6453 3565 3593 3566 
6454 3566 3593 3594 
6455 3566 3594 3567 
6456 3567 3594 3595 
6457 3567 3595 3568 
6458 3568 3595 3596 
6459 3568 3596 3569 
6460 3569 3596 3597 
6461 3569 3597 3570 
6462 3570 3597 3598 
6463 3570 3598 3571 
6464 3571 3598 3599 
6465 3571 3599 3572 
6466 3572 3599 3600 
6467 3572 3600 3573 
6468 3573 3600 3601 
6469 3573 3601 3574 
6470 3574 3601 3602 
6471 3574 3602 3575 
6472 3575 3602 3603 
6473 3575 3603 3576 
6474 3576 3603 3604 
6475 3576 3604 3577 
6476 3577 3604 3605 
6477 3577 3605 3578 
6478 3578 3605 3606 
6479 3578 3606 3579 
6480 3579 3606 3607 
6481 3579 3607 3580 
6482 3580 3607 3608 
6483 3580 3608 3581 
6484 3581 3608 3609 
6485 3581 3609 3582 
6486 3582 3609 3610 
6487 3582 3610 3583 
6488 3583 3610 3611 
6489 3583 3611 3584 
6490 3584 3611 3612 
6491 3584 3612 3585 
6492 3585 3612 3613 
6493 3585 3613 3586 
6494 3586 3613 3614 
6495 3586 3614 3587 
6496 3587 3614 3615 
6497 3587 3615 3588 
6498 3588 3615 3616 
6499 3588 3616 221 
6500 221 3616 220 
6501 117 118 3589 
6502 3589 118 3617 
6503 3589 3617 3590 
6504 3590 3617 3618 
6505 3590 3618 3591 
6506 3591 3618 3619 
6507 3591 3619 3592 
6508 3592 3619 3620 
6509 3592 3620 3593 
6510 3593 3620 3621 
6511 3593 3621 3594 
6512 3594 3621 3622 
6513 3594 3622 3595 
6514 3595 3622 3623 
6515 3595 3623 3596 
6516 3596 3623 3624 
6517 3596 3624 3597 
6518 3597 3624 3625 
6519 3597 3625 3598 
6520 3598 3625 3626 
6521 3598 3626 3599 
6522 3599 3626 3627 
6523 3599 3627 3600 
6524 3600 3627 3628 
6525 3600 3628 3601 
6526 3601 3628 3629 
6527 3601 3629 3602 
6528 3602 3629 3630 
6529 3602 3630 3603 
6530 3603 3630 3631 
6531 3603 3631 3604 
6532 3604 3631 3632 
6533 3604 3632 3605 
6534 3605 3632 3633 
6535 3605 3633 3606 
6536 3606 3633 3634 
6537 3606 3634 3607 
6538 3607 3634 3635 
6539 3607 3635 3608 
6540 3608 3635 3636 
6541 3608 3636 3609 
6542 3609 3636 3637 
6543 3609 3637 3610 
6544 3610 3637 3638 
6545 3610 3638 3611 
6546 3611 3638 3639 
6547 3611 3639 3612 
6548 3612 3639 3640 
6549 3612 3640 3613 
6550 3613 3640 3641 
6551 3613 3641 3614 
6552 3614 3641 3642 
6553 3614 3642 3615 
6554 3615 3642 3643 
6555 3615 3643 3616 
6556 3616 3643 3644 
6557 3616 3644 220 
6558 220 3644 219 
6559 118 119 3617 
6560 3617 119 3645 
6561 3617 3645 3618 
6562 3618 3645 3646 
6563 3618 3646 3619 
6564 3619 3646 3647 
6565 3619 3647 3620 
6566 3620 3647 3648 
6567 3620 3648 3621 
6568 3621 3648 3649 
6569 3621 3649 3622 
6570 3622 3649 3650 
6571 3622 3650 3623 
6572 3623 3650 3651 
6573 3623 3651 3624 
6574 3624 3651 3652 
6575 3624 3652 3625 
6576 3625 3652 3653 
6577 3625 3653 3626 
6578 3626 3653 3654 
6579 3626 3654 3627 
6580 3627 3654 3655 
6581 3627 3655 3628 
6582 3628 3655 3656 
6583 3628 3656 3629 
6584 3629 3656 3657 
6585 3629 3657 3630 
6586 3630 3657 3658 
6587 3630 3658 3631 
6588 3631 3658 3659 
6589 3631 3659 3632 
6590 3632 3659 3660 
6591 3632 3660 3633 
6592 3633 3660 3661 
6593 3633 3661 3634 
6594 3634 3661 3662 
6595 3634 3662 3635 
6596 3635 3662 3663 
6597 3635 3663 3636 
6598 3636 3663 3664 
6599 3636 3664 3637 
6600 3637 3664 3665 
6601 3637 3665 3638 
6602 3638 3665 3666 
6603 3638 3666 3639 
6604 3639 3666 3667 
6605 3639 3667 3640 
6606 3640 3667 3668 
6607 3640 3668 3641 
6608 3641 3668 3669 
6609 3641 3669 3642 
6610 3642 3669 3670 
6611 3642 3670 3643 
6612 3643 3670 3671 
6613 3643 3671 3644 
6614 3644 3671 3672 
6615 3644 3672 219 
6616 219 3672 218 
6617 119 120 3645 
6618 3645 120 3673 
6619 3645 3673 3646 
6620 3646 3673 3674 
6621 3646 3674 3647 
6622 3647 3674 3675 
6623 3647 3675 3648 
6624 3648 3675 3676 
6625 3648 3676 3649 
6626 3649 3676 3677 
6627 3649 3677 3650 
6628 3650 3677 3678 
6629 3650 3678 3651 
6630 3651 3678 3679 
6631 3651 3679 3652 
6632 3652 3679 3680 
6633 3652 3680 3653 
6634 3653 3680 3681 
6635 3653 3681 3654 
6636 3654 3681 3682 
6637 3654 3682 3655 
6638 3655 3682 3683 
6639 3655 3683 3656 
6640 3656 3683 3684 
6641 3656 3684 3657 
6642 3657 3684 3685 
6643 3657 3685 3658 
6644 3658 3685 3686 
6645 3658 3686 3659 
6646 3659 3686 3687 
6647 3659 3687 3660 
6648 3660 3687 3688 
6649 3660 3688 3661 
6650 3661 3688 3689 
6651 3661 3689 3662 
6652 3662 3689 3690 
6653 3662 3690 3663 
6654 3663 3690 3691 
6655 3663 3691 3664 
6656 3664 3691 3692 
6657 3664 3692 3665 
6658 3665 3692 3693 
6659 3665 3693 3666 
6660 3666 3693 3694 
6661 3666 3694 3667 
6662 3667 3694 3695 
6663 3667 3695 3668 
6664 3668 3695 3696 
6665 3668 3696 3669 
6666 3669 3696 3697 
6667 3669 3697 3670 
6668 3670 3697 3698 
6669 3670 3698 3671 
6670 3671 3698 3699 
6671 3671 3699 3672 
6672 3672 3699 3700 
6673 3672 3700 218 
6674 218 3700 217 
6675 120 121 3673 
6676 3673 121 3701 
6677 3673 3701 3674 
6678 3674 3701 3702 
6679 3674 3702 3675 
6680 3675 3702 3703 
6681 3675 3703 3676 
6682 3676 3703 3704 
6683 3676 3704 3677 
6684 3677 3704 3705 
6685 3677 3705 3678 
6686 3678 3705 3706 
6687 3678 3706 3679 
6688 3679 3706 3707 
6689 3679 3707 3680 
6690 3680 3707 3708 
6691 3680 3708 3681 
6692 3681 3708 3709 
6693 3681 3709 3682 
6694 3682 3709 3710 
6695 3682 3710 3683 
6696 3683 3710 3711 
6697 3683 3711 3684 
6698 3684 3711 3712 
6699 3684 3712 3685 
6700 3685 3712 3713 
6701 3685 3713 3686 
6702 3686 3713 3714 
6703 3686 3714 3687 
6704 3687 3714 3715 
6705 3687 3715 3688 
6706 3688 3715 3716 
6707 3688 3716 3689 
6708 3689 3716 3717 
6709 3689 3717 3690 
6710 3690 3717 3718 
6711 3690 3718 3691 
6712 3691 3718 3719 
6713 3691 3719 3692 
6714 3692 3719 3720 
6715 3692 3720 3693 
6716 3693 3720 3721 
6717 3693 3721 3694 
6718 3694 3721 3722 
6719 3694 3722 3695 
6720 3695 3722 3723 
6721 3695 3723 3696 
6722 3696 3723 3724 
6723 3696 3724 3697 
6724 3697 3724 3725 
6725 3697 3725 3698 
6726 3698 3725 3726 
6727 3698 3726 3699 
6728 3699 3726 3727 
6729 3699 3727 3700 
6730 3700 3727 3728 
6731 3700 3728 217 
6732 217 3728 216 
6733 121 122 3701 
6734 3701 122 3729 
6735 3701 3729 3702 
6736 3702 3729 3730 
6737 3702 3730 3703 
6738 3703 3730 3731 
6739 3703 3731 3704 
6740 3704 3731 3732 
6741 3704 3732 3705 
6742 3705 3732 3733 
6743 3705 3733 3706 
6744 3706 3733 3734 
6745 3706 3734 3707 
6746 3707 3734 3735 
6747 3707 3735 3708 
6748 3708 3735 3736 
6749 3708 3736 3709 
6750 3709 3736 3737 
6751 3709 3737 3710 
6752 3710 3737 3738 
6753 3710 3738 3711 
6754 3711 3738 3739 
6755 3711 3739 3712 
6756 3712 3739 3740 
6757 3712 3740 3713 
6758 3713 3740 3741 
6759 3713 3741 3714 
6760 3714 3741 3742 
6761 3714 3742 3715 
6762 3715 3742 3743 
6763 3715 3743 3716 
6764 3716 3743 3744 
6765 3716 3744 3717 
6766 3717 3744 3745 
6767 3717 3745 3718 
6768 3718 3745 3746 
6769 3718 3746 3719 
6770 3719 3746 3747 
6771 3719 3747 3720 
6772 3720 3747 3748 
6773 3720 3748 3721 
6774 3721 3748 3749 
6775 3721 3749 3722 
6776 3722 3749 3750 
6777 3722 3750 3723 
6778 3723 3750 3751 
6779 3723 3751 3724 
6780 3724 3751 3752 
6781 3724 3752 3725 
6782 3725 3752 3753 
6783 3725 3753 3726 
6784 3726 3753 3754 
6785 3726 3754 3727 
6786 3727 3754 3755 
6787 3727 3755 3728 
6788 3728 3755 3756 
6789 3728 3756 216 
6790 216 3756 215 
6791 122 123 3729 
6792 3729 123 3757 
6793 3729 3757 3730 
6794 3730 3757 3758 
6795 3730 3758 3731 
6796 3731 3758 3759 
6797 3731 3759 3732 
6798 3732 3759 3760 
6799 3732 3760 3733 
6800 3733 3760 3761 
6801 3733 3761 3734 
6802 3734 3761 3762 
6803 3734 3762 3735 
6804 3735 3762 3763 
6805 3735 3763 3736 
6806 3736 3763 3764 
6807 3736 3764 3737 
6808 3737 3764 3765 
6809 3737 3765 3738 
6810 3738 3765 3766 
6811 3738 3766 3739 
6812 3739 3766 3767 
6813 3739 3767 3740 
6814 3740 3767 3768 
6815 3740 3768 3741 
6816 3741 3768 3769 
6817 3741 3769 3742 
6818 3742 3769 3770 
6819 3742 3770 3743 
6820 3743 3770 3771 
6821 3743 3771 3744 
6822 3744 3771 3772 
6823 3744 3772 3745 
6824 3745 3772 3773 
6825 3745 3773 3746 
6826 3746 3773 3774 
6827 3746 3774 3747 
6828 3747 3774 3775 
6829 3747 3775 3748 
6830 3748 3775 3776 
6831 3748 3776 3749 
6832 3749 3776 3777 
6833 3749 3777 3750 
6834 3750 3777 3778 
6835 3750 3778 3751 
6836 3751 3778 3779 
6837 3751 3779 3752 
6838 3752 3779 3780 
6839 3752 3780 3753 
6840 3753 3780 3781 
6841 3753 3781 3754 
6842 3754 3781 3782 
6843 3754 3782 3755 
6844 3755 3782 3783 
6845 3755 3783 3756 
6846 3756 3783 3784 
6847 3756 3784 215 
6848 215 3784 214 
6849 123 124 3757 
6850 3757 124 3785 
6851 3757 3785 3758 
6852 3758 3785 3786 
6853 3758 3786 3759 
6854 3759 3786 3787 
6855 3759 3787 3760 
6856 3760 3787 3788 
6857 3760 3788 3761 
6858 3761 3788 3789 
6859 3761 3789 3762 
6860 3762 3789 3790 
6861 3762 3790 3763 
6862 3763 3790 3791 
6863 3763 3791 3764 
6864 3764 3791 3792 
6865 3764 3792 3765 
6866 3765 3792 3793 
6867 3765 3793 3766 
6868 3766 3793 3794 
6869 3766 3794 3767 
6870 3767 3794 3795 
6871 3767 3795 3768 
6872 3768 3795 3796 
6873 3768 3796 3769 
6874 3769 3796 3797 
6875 3769 3797 3770 
6876 3770 3797 3798 
6877 3770 3798 3771 
6878 3771 3798 3799 
6879 3771 3799 3772 
6880 3772 3799 3800 
6881 3772 3800 3773 
6882 3773 3800 3801 
6883 3773 3801 3774 
6884 3774 3801 3802 
6885 3774 3802 3775 
6886 3775 3802 3803 
6887 3775 3803 3776 
6888 3776 3803 3804 
6889 3776 3804 3777 
6890 3777 3804 3805 
6891 3777 3805 3778 
6892 3778 3805 3806 
6893 3778 3806 3779 
6894 3779 3806 3807 
6895 3779 3807 3780 
6896 3780 3807 3808 
6897 3780 3808 3781 
6898 3781 3808 3809 
6899 3781 3809 3782 
6900 3782 3809 3810 
6901 3782 3810 3783 
6902 3783 3810 3811 
6903 3783 3811 3784 
6904 3784 3811 3812 
6905 3784 3812 214 
6906 214 3812 213 
6907 124 125 3785 
6908 3785 125 3813 
6909 3785 3813 3786 
6910 3786 3813 3814 
6911 3786 3814 3787 
6912 3787 3814 3815 
6913 3787 3815 3788 
6914 3788 3815 3816 
6915 3788 3816 3789 
6916 3789 3816 3817 
6917 3789 3817 3790 
6918 3790 3817 3818 
6919 3790 3818 3791 
6920 3791 3818 3819 
6921 3791 3819 3792 
6922 3792 3819 3820 
6923 3792 3820 3793 
6924 3793 3820 3821 
6925 3793 3821 3794 
6926 3794 3821 3822 
6927 3794 3822 3795 
6928 3795 3822 3823 
6929 3795 3823 3796 
6930 3796 3823 3824 
6931 3796 3824 3797 
6932 3797 3824 3825 
6933 3797 3825 3798 
6934 3798 3825 3826 
6935 3798 3826 3799 
6936 3799 3826 3827 
6937 3799 3827 3800 
6938 3800 3827 3828 
6939 3800 3828 3801 
6940 3801 3828 3829 
6941 3801 3829 3802 
6942 3802 3829 3830 
6943 3802 3830 3803 
6944 3803 3830 3831 
6945 3803 3831 3804 
6946 3804 3831 3832 
6947 3804 3832 3805 
6948 3805 3832 3833 
6949 3805 3833 3806 
6950 3806 3833 3834 
6951 3806 3834 3807 
6952 3807 3834 3835 
6953 3807 3835 3808 
6954 3808 3835 3836 
6955 3808 3836 3809 
6956 3809 3836 3837 
6957 3809 3837 3810 
6958 3810 3837 3838 
6959 3810 3838 3811 
6960 3811 3838 3839 
6961 3811 3839 3812 
6962 3812 3839 3840 
6963 3812 3840 213 
6964 213 3840 212 
6965 125 126 3813 
6966 3813 126 3841 
6967 3813 3841 3814 
6968 3814 3841 3842 
6969 3814 3842 3815 
6970 3815 3842 3843 
6971 3815 3843 3816 
6972 3816 3843 3844 
6973 3816 3844 3817 
6974 3817 3844 3845 
6975 3817 3845 3818 
6976 3818 3845 3846 
6977 3818 3846 3819 
6978 3819 3846 3847 
6979 3819 3847 3820 
6980 3820 3847 3848 
6981 3820 3848 3821 
6982 3821 3848 3849 
6983 3821 3849 3822 
6984 3822 3849 3850 
6985 3822 3850 3823 
6986 3823 3850 3851 
6987 3823 3851 3824 
6988 3824 3851 3852 
6989 3824 3852 3825 
6990 3825 3852 3853 
6991 3825 3853 3826 
6992 3826 3853 3854 
6993 3826 3854 3827 
6994 3827 3854 3855 
6995 3827 3855 3828 
6996 3828 3855 3856 
6997 3828 3856 3829 
6998 3829 3856 3857 
6999 3829 3857 3830 
7000 3830 3857 3858 
7001 3830 3858 3831 
7002 3831 3858 3859 
7003 3831 3859 3832 
7004 3832 3859 3860 
7005 3832 3860 3833 
7006 3833 3860 3861 
7007 3833 3861 3834 
7008 3834 3861 3862 
7009 3834 3862 3835 
7010 3835 3862 3863 
7011 3835 3863 3836 
7012 3836 3863 3864 
7013 3836 3864 3837 
7014 3837 3864 3865 
7015 3837 3865 3838 
7016 3838 3865 3866 
7017 3838 3866 3839 
7018 3839 3866 3867 
7019 3839 3867 3840 
7020 3840 3867 3868 
7021 3840 3868 212 
7022 212 3868 211 
7023 126 127 3841 
7024 3841 127 3869 
7025 3841 3869 3842 
7026 3842 3869 3870 
7027 3842 3870 3843 
7028 3843 3870 3871 
7029 3843 3871 3844 
7030 3844 3871 3872 
7031 3844 3872 3845 
7032 3845 3872 3873 
7033 3845 3873 3846 
7034 3846 3873 3874 
7035 3846 3874 3847 
7036 3847 3874 3875 
7037 3847 3875 3848 
7038 3848 3875 3876 
7039 3848 3876 3849 
7040 3849 3876 3877 
7041 3849 3877 3850 
7042 3850 3877 3878 
7043 3850 3878 3851 
7044 3851 3878 3879 
7045 3851 3879 3852 
7046 3852 3879 3880 
7047 3852 3880 3853 
7048 3853 3880 3881 
7049 3853 3881 3854 
7050 3854 3881 3882 
7051 3854 3882 3855 
7052 3855 3882 3883 
7053 3855 3883 3856 
7054 3856 3883 3884 
7055 3856 3884 3857 
7056 3857 3884 3885 
7057 3857 3885 3858 
7058 3858 3885 3886 
7059 3858 3886 3859 
7060 3859 3886 3887 
7061 3859 3887 3860 
7062 3860 3887 3888 
7063 3860 3888 3861 
7064 3861 3888 3889 
7065 3861 3889 3862 
7066 3862 3889 3890 
7067 3862 3890 3863 
7068 3863 3890 3891 
7069 3863 3891 3864 
7070 3864 3891 3892 
7071 3864 3892 3865 
7072 3865 3892 3893 
7073 3865 3893 3866 
7074 3866 3893 3894 
7075 3866 3894 3867 
7076 3867 3894 3895 
7077 3867 3895 3868 
7078 3868 3895 3896 
7079 3868 3896 211 
7080 211 3896 210 
7081 127 128 3869 
7082 3869 128 3897 
7083 3869 3897 3870 
7084 3870 3897 3898 
7085 3870 3898 3871 
7086 3871 3898 3899 
7087 3871 3899 3872 
7088 3872 3899 3900 
7089 3872 3900 3873 
7090 3873 3900 3901 
7091 3873 3901 3874 
7092 3874 3901 3902 
7093 3874 3902 3875 
7094 3875 3902 3903 
7095 3875 3903 3876 
7096 3876 3903 3904 
7097 3876 3904 3877 
7098 3877 3904 3905 
7099 3877 3905 3878 
7100 3878 3905 3906 
7101 3878 3906 3879 
7102 3879 3906 3907 
7103 3879 3907 3880 
7104 3880 3907 3908 
7105 3880 3908 3881 
7106 3881 3908 3909 
7107 3881 3909 3882 
7108 3882 3909 3910 
7109 3882 3910 3883 
7110 3883 3910 3911 
7111 3883 3911 3884 
7112 3884 3911 3912 
7113 3884 3912 3885 
7114 3885 3912 3913 
7115 3885 3913 3886 
7116 3886 3913 3914 
7117 3886 3914 3887 
7118 3887 3914 3915 
7119 3887 3915 3888 
7120 3888 3915 3916 
7121 3888 3916 3889 
7122 3889 3916 3917 
7123 3889 3917 3890 
7124 3890 3917 3918 
7125 3890 3918 3891 
7126 3891 3918 3919 
7127 3891 3919 3892 
7128 3892 3919 3920 
7129 3892 3920 3893 
7130 3893 3920 3921 
7131 3893 3921 3894 
7132 3894 3921 3922 
7133 3894 3922 3895 
7134 3895 3922 3923 
7135 3895 3923 3896 
7136 3896 3923 3924 
7137 3896 3924 210 
7138 210 3924 209 
7139 128 129 3897 
7140 3897 129 3925 
7141 3897 3925 3898 
7142 3898 3925 3926 
7143 3898 3926 3899 
7144 3899 3926 3927 
7145 3899 3927 3900 
7146 3900 3927 3928 
7147 3900 3928 3901 
7148 3901 3928 3929 
7149 3901 3929 3902 
7150 3902 3929 3930 
7151 3902 3930 3903 
7152 3903 3930 3931 
7153 3903 3931 3904 
7154 3904 3931 3932 
7155 3904 3932 3905 
7156 3905 3932 3933 
7157 3905 3933 3906 
7158 3906 3933 3934 
7159 3906 3934 3907 
7160 3907 3934 3935 
7161 3907 3935 3908 
7162 3908 3935 3936 
7163 3908 3936 3909 
7164 3909 3936 3937 
7165 3909 3937 3910 
7166 3910 3937 3938 
7167 3910 3938 3911 
7168 3911 3938 3939 
7169 3911 3939 3912 
7170 3912 3939 3940 
7171 3912 3940 3913 
7172 3913 3940 3941 
7173 3913 3941 3914 
7174 3914 3941 3942 
7175 3914 3942 3915 
7176 3915 3942 3943 
7177 3915 3943 3916 
7178 3916 3943 3944 
7179 3916 3944 3917 
7180 3917 3944 3945 
7181 3917 3945 3918 
7182 3918 3945 3946 
7183 3918 3946 3919 
7184 3919 3946 3947 
7185 3919 3947 3920 
7186 3920 3947 3948 
7187 3920 3948 3921 
7188 3921 3948 3949 
7189 3921 3949 3922 
7190 3922 3949 3950 
7191 3922 3950 3923 
7192 3923 3950 3951 
7193 3923 3951 3924 
7194 3924 3951 3952 
7195 3924 3952 209 
7196 209 3952 208 
7197 129 130 3925 
7198 3925 130 3953 
7199 3925 3953 3926 
7200 3926 3953 3954 
7201 3926 3954 3927 
7202 3927 3954 3955 
7203 3927 3955 3928 
7204 3928 3955 3956 
7205 3928 3956 3929 
7206 3929 3956 3957 
7207 3929 3957 3930 
7208 3930 3957 3958 
7209 3930 3958 3931 
7210 3931 3958 3959 
7211 3931 3959 3932 
7212 3932 3959 3960 
7213 3932 3960 3933 
7214 3933 3960 3961 
7215 3933 3961 3934 
7216 3934 3961 3962 
7217 3934 3962 3935 
7218 3935 3962 3963 
7219 3935 3963 3936 
7220 3936 3963 3964 
7221 3936 3964 3937 
7222 3937 3964 3965 
7223 3937 3965 3938 
7224 3938 3965 3966 
7225 3938 3966 3939 
7226 3939 3966 3967 
7227 3939 3967 3940 
7228 3940 3967 3968 
7229 3940 3968 3941 
7230 3941 3968 3969 
7231 3941 3969 3942 
7232 3942 3969 3970 
7233 3942 3970 3943 
7234 3943 3970 3971 
7235 3943 3971 3944 
7236 3944 3971 3972 
7237 3944 3972 3945 
7238 3945 3972 3973 
7239 3945 3973 3946 
7240 3946 3973 3974 
7241 3946 3974 3947 
7242 3947 3974 3975 
7243 3947 3975 3948 
7244 3948 3975 3976 
7245 3948 3976 3949 
7246 3949 3976 3977 
7247 3949 3977 3950 
7248 3950 3977 3978 
7249 3950 3978 3951 
7250 3951 3978 3979 
7251 3951 3979 3952 
7252 3952 3979 3980 
7253 3952 3980 208 
7254 208 3980 207 
7255 130 131 3953 
7256 3953 131 3981 
7257 3953 3981 3954 
7258 3954 3981 3982 
7259 3954 3982 3955 
7260 3955 3982 3983 
7261 3955 3983 3956 
7262 3956 3983 3984 
7263 3956 3984 3957 
7264 3957 3984 3985 
7265 3957 3985 3958 
7266 3958 3985 3986 
7267 3958 3986 3959 
7268 3959 3986 3987 
7269 3959 3987 3960 
7270 3960 3987 3988 
7271 3960 3988 3961 
7272 3961 3988 3989 
7273 3961 3989 3962 
7274 3962 3989 3990 
7275 3962 3990 3963 
7276 3963 3990 3991 
7277 3963 3991 3964 
7278 3964 3991 3992 
7279 3964 3992 3965 
7280 3965 3992 3993 
7281 3965 3993 3966 
7282 3966 3993 3994 
7283 3966 3994 3967 
7284 3967 3994 3995 
7285 3967 3995 3968 
7286 3968 3995 3996 
7287 3968 3996 3969 
7288 3969 3996 3997 
7289 3969 3997 3970 
7290 3970 3997 3998 
7291 3970 3998 3971 
7292 3971 3998 3999 
7293 3971 3999 3972 
7294 3972 3999 4000 
7295 3972 4000 3973 
7296 3973 4000 4001 
7297 3973 4001 3974 
7298 3974 4001 4002 
7299 3974 4002 3975 
7300 3975 4002 4003 
7301 3975 4003 3976 
7302 3976 4003 4004 
7303 3976 4004 3977 
7304 3977 4004 4005 
7305 3977 4005 3978 
7306 3978 4005 4006 
7307 3978 4006 3979 
7308 3979 4006 4007 
7309 3979 4007 3980 
7310 3980 4007 4008 
7311 3980 4008 207 
7312 207 4008 206 
7313 131 132 3981 
7314 3981 132 4009 
7315 3981 4009 3982 
7316 3982 4009 4010 
7317 3982 4010 3983 
7318 3983 4010 4011 
7319 3983 4011 3984 
7320 3984 4011 4012 
7321 3984 4012 3985 
7322 3985 4012 4013 
7323 3985 4013 3986 
7324 3986 4013 4014 
7325 3986 4014 3987 
7326 3987 4014 4015 
7327 3987 4015 3988 
7328 3988 4015 4016 
7329 3988 4016 3989 
7330 3989 4016 4017 
7331 3989 4017 3990 
7332 3990 4017 4018 
7333 3990 4018 3991 
7334 3991 4018 4019 
7335 3991 4019 3992 
7336 3992 4019 4020 
7337 3992 4020 3993 
7338 3993 4020 4021 
7339 3993 4021 3994 
7340 3994 4021 4022 
7341 3994 4022 3995 
7342 3995 4022 4023 
7343 3995 4023 3996 
7344 3996 4023 4024 
7345 3996 4024 3997 
7346 3997 4024 4025 
7347 3997 4025 3998 
7348 3998 4025 4026 
7349 3998 4026 3999 
7350 3999 4026 4027 
7351 3999 4027 4000 
7352 4000 4027 4028 
7353 4000 4028 4001 
7354 4001 4028 4029 
7355 4001 4029 4002 
7356 4002 4029 4030 
7357 4002 4030 4003 
7358 4003 4030 4031 
7359 4003 4031 4004 
7360 4004 4031 4032 
7361 4004 4032 4005 
7362 4005 4032 4033 
7363 4005 4033 4006 
7364 4006 4033 4034 
7365 4006 4034 4007 
7366 4007 4034 4035 
7367 4007 4035 4008 
7368 4008 4035 4036 
7369 4008 4036 206 
7370 206 4036 205 
7371 132 133 4009 
7372 4009 133 4037 
7373 4009 4037 4010 
7374 4010 4037 4038 
7375 4010 4038 4011 
7376 4011 4038 4039 
7377 4011 4039 4012 
7378 4012 4039 4040 
7379 4012 4040 4013 
7380 4013 4040 4041 
7381 4013 4041 4014 
7382 4014 4041 4042 
7383 4014 4042 4015 
7384 4015 4042 4043 
7385 4015 4043 4016 
7386 4016 4043 4044 
7387 4016 4044 4017 
7388 4017 4044 4045 
7389 4017 4045 4018 
7390 4018 4045 4046 
7391 4018 4046 4019 
7392 4019 4046 4047 
7393 4019 4047 4020 
7394 4020 4047 4048 
7395 4020 4048 4021 
7396 4021 4048 4049 
7397 4021 4049 4022 
7398 4022 4049 4050 
7399 4022 4050 4023 
7400 4023 4050 4051 
7401 4023 4051 4024 
7402 4024 4051 4052 
7403 4024 4052 4025 
7404 4025 4052 4053 
7405 4025 4053 4026 
7406 4026 4053 4054 
7407 4026 4054 4027 
7408 4027 4054 4055 
7409 4027 4055 4028 
7410 4028 4055 4056 
7411 4028 4056 4029 
7412 4029 4056 4057 
7413 4029 4057 4030 
7414 4030 4057 4058 
7415 4030 4058 4031 
7416 4031 4058 4059 
7417 4031 4059 4032 
7418 4032 4059 4060 
7419 4032 4060 4033 
7420 4033 4060 4061 
7421 4033 4061 4034 
7422 4034 4061 4062 
7423 4034 4062 4035 
7424 4035 4062 4063 
7425 4035 4063 4036 
7426 4036 4063 4064 
7427 4036 4064 205 
7428 205 4064 204 
7429 133 134 4037 
7430 4037 134 4065 
7431 4037 4065 4038 
7432 4038 4065 4066 
7433 4038 4066 4039 
7434 4039 4066 4067 
7435 4039 4067 4040 
7436 4040 4067 4068 
7437 4040 4068 4041 
7438 4041 4068 4069 
7439 4041 4069 4042 
7440 4042 4069 4070 
7441 4042 4070 4043 
7442 4043 4070 4071 
7443 4043 4071 4044 
7444 4044 4071 4072 
7445 4044 4072 4045 
7446 4045 4072 4073 
7447 4045 4073 4046 
7448 4046 4073 4074 
7449 4046 4074 4047 
7450 4047 4074 4075 
7451 4047 4075 4048 
7452 4048 4075 4076 
7453 4048 4076 4049 
7454 4049 4076 4077 
7455 4049 4077 4050 
7456 4050 4077 4078 
7457 4050 4078 4051 
7458 4051 4078 4079 
7459 4051 4079 4052 
7460 4052 4079 4080 
7461 4052 4080 4053 
7462 4053 4080 4081 
7463 4053 4081 4054 
7464 4054 4081 4082 
7465 4054 4082 4055 
7466 4055 4082 4083 
7467 4055 4083 4056 
7468 4056 4083 4084 
7469 4056 4084 4057 
7470 4057 4084 4085 
7471 4057 4085 4058 
7472 4058 4085 4086 
7473 4058 4086 4059 
7474 4059 4086 4087 
7475 4059 4087 4060 
7476 4060 4087 4088 
7477 4060 4088 4061 
7478 4061 4088 4089 
7479 4061 4089 4062 
7480 4062 4089 4090 
7481 4062 4090 4063 
7482 4063 4090 4091 
7483 4063 4091 4064 
7484 4064 4091 4092 
7485 4064 4092 204 
7486 204 4092 203 
7487 134 135 4065 
7488 4065 135 4093 
7489 4065 4093 4066 
7490 4066 4093 4094 
7491 4066 4094 4067 
7492 4067 4094 4095 
7493 4067 4095 4068 
7494 4068 4095 4096 
7495 4068 4096 4069 
7496 4069 4096 4097 
7497 4069 4097 4070 
7498 4070 4097 4098 
7499 4070 4098 4071 
7500 4071 4098 4099 
7501 4071 4099 4072 
7502 4072 4099 4100 
7503 4072 4100 4073 
7504 4073 4100 4101 
7505 4073 4101 4074 
7506 4074 4101 4102 
7507 4074 4102 4075 
7508 4075 4102 4103 
7509 4075 4103 4076 
7510 4076 4103 4104 
7511 4076 4104 4077 
7512 4077 4104 4105 
7513 4077 4105 4078 
7514 4078 4105 4106 
7515 4078 4106 4079 
7516 4079 4106 4107 
7517 4079 4107 4080 
7518 4080 4107 4108 
7519 4080 4108 4081 
7520 4081 4108 4109 
7521 4081 4109 4082 
7522 4082 4109 4110 
7523 4082 4110 4083 
7524 4083 4110 4111 
7525 4083 4111 4084 
7526 4084 4111 4112 
7527 4084 4112 4085 
7528 4085 4112 4113 
7529 4085 4113 4086 
7530 4086 4113 4114 
7531 4086 4114 4087 
7532 4087 4114 4115 
7533 4087 4115 4088 
7534 4088 4115 4116 
7535 4088 4116 4089 
7536 4089 4116 4117 
7537 4089 4117 4090 
7538 4090 4117 4118 
7539 4090 4118 4091 
7540 4091 4118 4119 
7541 4091 4119 4092 
7542 4092 4119 4120 
7543 4092 4120 203 
7544 203 4120 202 
7545 135 136 4093 
7546 4093 136 4121 
7547 4093 4121 4094 
7548 4094 4121 4122 
7549 4094 4122 4095 
7550 4095 4122 4123 
7551 4095 4123 4096 
7552 4096 4123 4124 
7553 4096 4124 4097 
7554 4097 4124 4125 
7555 4097 4125 4098 
7556 4098 4125 4126 
7557 4098 4126 4099 
7558 4099 4126 4127 
7559 4099 4127 4100 
7560 4100 4127 4128 
7561 4100 4128 4101 
7562 4101 4128 4129 
7563 4101 4129 4102 
7564 4102 4129 4130 
7565 4102 4130 4103 
7566 4103 4130 4131 
7567 4103 4131 4104 
7568 4104 4131 4132 
7569 4104 4132 4105 
7570 4105 4132 4133 
7571 4105 4133 4106 
7572 4106 4133 4134 
7573 4106 4134 4107 
7574 4107 4134 4135 
7575 4107 4135 4108 
7576 4108 4135 4136 
7577 4108 4136 4109 
7578 4109 4136 4137 
7579 4109 4137 4110 
7580 4110 4137 4138 
7581 4110 4138 4111 
7582 4111 4138 4139 
7583 4111 4139 4112 
7584 4112 4139 4140 
7585 4112 4140 4113 
7586 4113 4140 4141 
7587 4113 4141 4114 
7588 4114 4141 4142 
7589 4114 4142 4115 
7590 4115 4142 4143 
7591 4115 4143 4116 
7592 4116 4143 4144 
7593 4116 4144 4117 
7594 4117 4144 4145 
7595 4117 4145 4118 
7596 4118 4145 4146 
7597 4118 4146 4119 
7598 4119 4146 4147 
7599 4119 4147 4120 
7600 4120 4147 4148 
7601 4120 4148 202 
7602 202 4148 201 
7603 136 137 4121 
7604 4121 137 4149 
7605 4121 4149 4122 
7606 4122 4149 4150 
7607 4122 4150 4123 
7608 4123 4150 4151 
7609 4123 4151 4124 
7610 4124 4151 4152 
7611 4124 4152 4125 
7612 4125 4152 4153 
7613 4125 4153 4126 
7614 4126 4153 4154 
7615 4126 4154 4127 
7616 4127 4154 4155 
7617 4127 4155 4128 
7618 4128 4155 4156 
7619 4128 4156 4129 
7620 4129 4156 4157 
7621 4129 4157 4130 
7622 4130 4157 4158 
7623 4130 4158 4131 
7624 4131 4158 4159 
7625 4131 4159 4132 
7626 4132 4159 4160 
7627 4132 4160 4133 
7628 4133 4160 4161 
7629 4133 4161 4134 
7630 4134 4161 4162 
7631 4134 4162 4135 
7632 4135 4162 4163 
7633 4135 4163 4136 
7634 4136 4163 4164 
7635 4136 4164 4137 
7636 4137 4164 4165 
7637 4137 4165 4138 
7638 4138 4165 4166 
7639 4138 4166 4139 
7640 4139 4166 4167 
7641 4139 4167 4140 
7642 4140 4167 4168 
7643 4140 4168 4141 
7644 4141 4168 4169 
7645 4141 4169 4142 
7646 4142 4169 4170 
7647 4142 4170 4143 
7648 4143 4170 4171 
7649 4143 4171 4144 
7650 4144 4171 4172 
7651 4144 4172 4145 
7652 4145 4172 4173 
7653 4145 4173 4146 
7654 4146 4173 4174 
7655 4146 4174 4147 
7656 4147 4174 4175 
7657 4147 4175 4148 
7658 4148 4175 4176 
7659 4148 4176 201 
7660 201 4176 200 
7661 137 138 4149 
7662 4149 138 4177 
7663 4149 4177 4150 
7664 4150 4177 4178 
7665 4150 4178 4151 
7666 4151 4178 4179 
7667 4151 4179 4152 
7668 4152 4179 4180 
7669 4152 4180 4153 
7670 4153 4180 4181 
7671 4153 4181 4154 
7672 4154 4181 4182 
7673 4154 4182 4155 
7674 4155 4182 4183 
7675 4155 4183 4156 
7676 4156 4183 4184 
7677 4156 4184 4157 
7678 4157 4184 4185 
7679 4157 4185 4158 
7680 4158 4185 4186 
7681 4158 4186 4159 
7682 4159 4186 4187 
7683 4159 4187 4160 
7684 4160 4187 4188 
7685 4160 4188 4161 
7686 4161 4188 4189 
7687 4161 4189 4162 
7688 4162 4189 4190 
7689 4162 4190 4163 
7690 4163 4190 4191 
7691 4163 4191 4164 
7692 4164 4191 4192 
7693 4164 4192 4165 
7694 4165 4192 4193 
7695 4165 4193 4166 
7696 4166 4193 4194 
7697 4166 4194 4167 
7698 4167 4194 4195 
7699 4167 4195 4168 
7700 4168 4195 4196 
7701 4168 4196 4169 
7702 4169 4196 4197 
7703 4169 4197 4170 
7704 4170 4197 4198 
7705 4170 4198 4171 
7706 4171 4198 4199 
7707 4171 4199 4172 
7708 4172 4199 4200 
7709 4172 4200 4173 
7710 4173 4200 4201 
7711 4173 4201 4174 
7712 4174 4201 4202 
7713 4174 4202 4175 
7714 4175 4202 4203 
7715 4175 4203 4176 
7716 4176 4203 4204 
7717 4176 4204 200 
7718 200 4204 199 
7719 138 139 4177 
7720 4177 139 4205 
7721 4177 4205 4178 
7722 4178 4205 4206 
7723 4178 4206 4179 
7724 4179 4206 4207 
7725 4179 4207 4180 
7726 4180 4207 4208 
7727 4180 4208 4181 
7728 4181 4208 4209 
7729 4181 4209 4182 
7730 4182 4209 4210 
7731 4182 4210 4183 
7732 4183 4210 4211 
7733 4183 4211 4184 
7734 4184 4211 4212 
7735 4184 4212 4185 
7736 4185 4212 4213 
7737 4185 4213 4186 
7738 4186 4213 4214 
7739 4186 4214 4187 
7740 4187 4214 4215 
7741 4187 4215 4188 
7742 4188 4215 4216 
7743 4188 4216 4189 
7744 4189 4216 4217 
7745 4189 4217 4190 
7746 4190 4217 4218 
7747 4190 4218 4191 
7748 4191 4218 4219 
7749 4191 4219 4192 
7750 4192 4219 4220 
7751 4192 4220 4193 
7752 4193 4220 4221 
7753 4193 4221 4194 
7754 4194 4221 4222 
7755 4194 4222 4195 
7756 4195 4222 4223 
7757 4195 4223 4196 
7758 4196 4223 4224 
7759 4196 4224 4197 
7760 4197 4224 4225 
7761 4197 4225 4198 
7762 4198 4225 4226 
7763 4198 4226 4199 
7764 4199 4226 4227 
7765 4199 4227 4200 
7766 4200 4227 4228 
7767 4200 4228 4201 
7768 4201 4228 4229 
7769 4201 4229 4202 
7770 4202 4229 4230 
7771 4202 4230 4203 
7772 4203 4230 4231 
7773 4203 4231 4204 
7774 4204 4231 4232 
7775 4204 4232 199 
7776 199 4232 198 
7777 139 140 4205 
7778 4205 140 4233 
7779 4205 4233 4206 
7780 4206 4233 4234 
7781 4206 4234 4207 
7782 4207 4234 4235 
7783 4207 4235 4208 
7784 4208 4235 4236 
7785 4208 4236 4209 
7786 4209 4236 4237 
7787 4209 4237 4210 
7788 4210 4237 4238 
7789 4210 4238 4211 
7790 4211 4238 4239 
7791 4211 4239 4212 
7792 4212 4239 4240 
7793 4212 4240 4213 
7794 4213 4240 4241 
7795 4213 4241 4214 
7796 4214 4241 4242 
7797 4214 4242 4215 
7798 4215 4242 4243 
7799 4215 4243 4216 
7800 4216 4243 4244 
7801 4216 4244 4217 
7802 4217 4244 4245 
7803 4217 4245 4218 
7804 4218 4245 4246 
7805 4218 4246 4219 
7806 4219 4246 4247 
7807 4219 4247 4220 
7808 4220 4247 4248 
7809 4220 4248 4221 
7810 4221 4248 4249 
7811 4221 4249 4222 
7812 4222 4249 4250 
7813 4222 4250 4223 
7814 4223 4250 4251 
7815 4223 4251 4224 
7816 4224 4251 4252 
7817 4224 4252 4225 
7818 4225 4252 4253 
7819 4225 4253 4226 
7820 4226 4253 4254 
7821 4226 4254 4227 
7822 4227 4254 4255 
7823 4227 4255 4228 
7824 4228 4255 4256 
7825 4228 4256 4229 
7826 4229 4256 4257 
7827 4229 4257 4230 
7828 4230 4257 4258 
7829 4230 4258 4231 
7830 4231 4258 4259 
7831 4231 4259 4232 
7832 4232 4259 4260 
7833 4232 4260 198 
7834 198 4260 197 
7835 140 141 4233 
7836 4233 141 4261 
7837 4233 4261 4234 
7838 4234 4261 4262 
7839 4234 4262 4235 
7840 4235 4262 4263 
7841 4235 4263 4236 
7842 4236 4263 4264 
7843 4236 4264 4237 
7844 4237 4264 4265 
7845 4237 4265 4238 
7846 4238 4265 4266 
7847 4238 4266 4239 
7848 4239 4266 4267 
7849 4239 4267 4240 
7850 4240 4267 4268 
7851 4240 4268 4241 
7852 4241 4268 4269 
7853 4241 4269 4242 
7854 4242 4269 4270 
7855 4242 4270 4243 
7856 4243 4270 4271 
7857 4243 4271 4244 
7858 4244 4271 4272 
7859 4244 4272 4245 
7860 4245 4272 4273 
7861 4245 4273 4246 
7862 4246 4273 4274 
7863 4246 4274 4247 
7864 4247 4274 4275 
7865 4247 4275 4248 
7866 4248 4275 4276 
7867 4248 4276 4249 
7868 4249 4276 4277 
7869 4249 4277 4250 
7870 4250 4277 4278 
7871 4250 4278 4251 
7872 4251 4278 4279 
7873 4251 4279 4252 
7874 4252 4279 4280 
7875 4252 4280 4253 
7876 4253 4280 4281 
7877 4253 4281 4254 
7878 4254 4281 4282 
7879 4254 4282 4255 
7880 4255 4282 4283 
7881 4255 4283 4256 
7882 4256 4283 4284 
7883 4256 4284 4257 
7884 4257 4284 4285 
7885 4257 4285 4258 
7886 4258 4285 4286 
7887 4258 4286 4259 
7888 4259 4286 4287 
7889 4259 4287 4260 
7890 4260 4287 4288 
7891 4260 4288 197 
7892 197 4288 196 
7893 141 142 4261 
7894 4261 142 4289 
7895 4261 4289 4262 
7896 4262 4289 4290 
7897 4262 4290 4263 
7898 4263 4290 4291 
7899 4263 4291 4264 
7900 4264 4291 4292 
7901 4264 4292 4265 
7902 4265 4292 4293 
7903 4265 4293 4266 
7904 4266 4293 4294 
7905 4266 4294 4267 
7906 4267 4294 4295 
7907 4267 4295 4268 
7908 4268 4295 4296 
7909 4268 4296 4269 
7910 4269 4296 4297 
7911 4269 4297 4270 
7912 4270 4297 4298 
7913 4270 4298 4271 
7914 4271 4298 4299 
7915 4271 4299 4272 
7916 4272 4299 4300 
7917 4272 4300 4273 
7918 4273 4300 4301 
7919 4273 4301 4274 
7920 4274 4301 4302 
7921 4274 4302 4275 
7922 4275 4302 4303 
7923 4275 4303 4276 
7924 4276 4303 4304 
7925 4276 4304 4277 
7926 4277 4304 4305 
7927 4277 4305 4278 
7928 4278 4305 4306 
7929 4278 4306 4279 
7930 4279 4306 4307 
7931 4279 4307 4280 
7932 4280 4307 4308 
7933 4280 4308 4281 
7934 4281 4308 4309 
7935 4281 4309 4282 
7936 4282 4309 4310 
7937 4282 4310 4283 
7938 4283 4310 4311 
7939 4283 4311 4284 
7940 4284 4311 4312 
7941 4284 4312 4285 
7942 4285 4312 4313 
7943 4285 4313 4286 
7944 4286 4313 4314 
7945 4286 4314 4287 
7946 4287 4314 4315 
7947 4287 4315 4288 
7948 4288 4315 4316 
7949 4288 4316 196 
7950 196 4316 195 
7951 142 143 4289 
7952 4289 143 4317 
7953 4289 4317 4290 
7954 4290 4317 4318 
7955 4290 4318 4291 
7956 4291 4318 4319 
7957 4291 4319 4292 
7958 4292 4319 4320 
7959 4292 4320 4293 
7960 4293 4320 4321 
7961 4293 4321 4294 
7962 4294 4321 4322 
7963 4294 4322 4295 
7964 4295 4322 4323 
7965 4295 4323 4296 
7966 4296 4323 4324 
7967 4296 4324 4297 
7968 4297 4324 4325 
7969 4297 4325 4298 
7970 4298 4325 4326 
7971 4298 4326 4299 
7972 4299 4326 4327 
7973 4299 4327 4300 
7974 4300 4327 4328 
7975 4300 4328 4301 
7976 4301 4328 4329 
7977 4301 4329 4302 
7978 4302 4329 4330 
7979 4302 4330 4303 
7980 4303 4330 4331 
7981 4303 4331 4304 
7982 4304 4331 4332 
7983 4304 4332 4305 
7984 4305 4332 4333 
7985 4305 4333 4306 
7986 4306 4333 4334 
7987 4306 4334 4307 
7988 4307 4334 4335 
7989 4307 4335 4308 
7990 4308 4335 4336 
7991 4308 4336 4309 
7992 4309 4336 4337 
7993 4309 4337 4310 
7994 4310 4337 4338 
7995 4310 4338 4311 
7996 4311 4338 4339 
7997 4311 4339 4312 
7998 4312 4339 4340 
7999 4312 4340 4313 
8000 4313 4340 4341 
8001 4313 4341 4314 
8002 4314 4341 4342 
8003 4314 4342 4315 
8004 4315 4342 4343 
8005 4315 4343 4316 
8006 4316 4343 4344 
8007 4316 4344 195 
8008 195 4344 194 
8009 143 144 4317 
8010 4317 144 4345 
8011 4317 4345 4318 
8012 4318 4345 4346 
8013 4318 4346 4319 
8014 4319 4346 4347 
8015 4319 4347 4320 
8016 4320 4347 4348 
8017 4320 4348 4321 
8018 4321 4348 4349 
8019 4321 4349 4322 
8020 4322 4349 4350 
8021 4322 4350 4323 
8022 4323 4350 4351 
8023 4323 4351 4324 
8024 4324 4351 4352 
8025 4324 4352 4325 
8026 4325 4352 4353 
8027 4325 4353 4326 
8028 4326 4353 4354 
8029 4326 4354 4327 
8030 4327 4354 4355 
8031 4327 4355 4328 
8032 4328 4355 4356 
8033 4328 4356 4329 
8034 4329 4356 4357 
8035 4329 4357 4330 
8036 4330 4357 4358 
8037 4330 4358 4331 
8038 4331 4358 4359 
8039 4331 4359 4332 
8040 4332 4359 4360 
8041 4332 4360 4333 
8042 4333 4360 4361 
8043 4333 4361 4334 
8044 4334 4361 4362 
8045 4334 4362 4335 
8046 4335 4362 4363 
8047 4335 4363 4336 
8048 4336 4363 4364 
8049 4336 4364 4337 
8050 4337 4364 4365 
8051 4337 4365 4338 
8052 4338 4365 4366 
8053 4338 4366 4339 
8054 4339 4366 4367 
8055 4339 4367 4340 
8056 4340 4367 4368 
8057 4340 4368 4341 
8058 4341 4368 4369 
8059 4341 4369 4342 
8060 4342 4369 4370 
8061 4342 4370 4343 
8062 4343 4370 4371 
8063 4343 4371 4344 
8064 4344 4371 4372 
8065 4344 4372 194 
8066 194 4372 193 
8067 144 145 4345 
8068 4345 145 4373 
8069 4345 4373 4346 
8070 4346 4373 4374 
8071 4346 4374 4347 
8072 4347 4374 4375 
8073 4347 4375 4348 
8074 4348 4375 4376 
8075 4348 4376 4349 
8076 4349 4376 4377 
8077 4349 4377 4350 
8078 4350 4377 4378 
8079 4350 4378 4351 
8080 4351 4378 4379 
8081 4351 4379 4352 
8082 4352 4379 4380 
8083 4352 4380 4353 
8084 4353 4380 4381 
8085 4353 4381 4354 
8086 4354 4381 4382 
8087 4354 4382 4355 
8088 4355 4382 4383 
8089 4355 4383 4356 
8090 4356 4383 4384 
8091 4356 4384 4357 
8092 4357 4384 4385 
8093 4357 4385 4358 
8094 4358 4385 4386 
8095 4358 4386 4359 
8096 4359 4386 4387 
8097 4359 4387 4360 
8098 4360 4387 4388 
8099 4360 4388 4361 
8100 4361 4388 4389 
8101 4361 4389 4362 
8102 4362 4389 4390 
8103 4362 4390 4363 
8104 4363 4390 4391 
8105 4363 4391 4364 
8106 4364 4391 4392 
8107 4364 4392 4365 
8108 4365 4392 4393 
8109 4365 4393 4366 
8110 4366 4393 4394 
8111 4366 4394 4367 
8112 4367 4394 4395 
8113 4367 4395 4368 
8114 4368 4395 4396 
8115 4368 4396 4369 
8116 4369 4396 4397 
8117 4369 4397 4370 
8118 4370 4397 4398 
8119 4370 4398 4371 
8120 4371 4398 4399 
8121 4371 4399 4372 
8122 4372 4399 4400 
8123 4372 4400 193 
8124 193 4400 192 
8125 145 146 4373 
8126 4373 146 4401 
8127 4373 4401 4374 
8128 4374 4401 4402 
8129 4374 4402 4375 
8130 4375 4402 4403 
8131 4375 4403 4376 
8132 4376 4403 4404 
8133 4376 4404 4377 
8134 4377 4404 4405 
8135 4377 4405 4378 
8136 4378 4405 4406 
8137 4378 4406 4379 
8138 4379 4406 4407 
8139 4379 4407 4380 
8140 4380 4407 4408 
8141 4380 4408 4381 
8142 4381 4408 4409 
8143 4381 4409 4382 
8144 4382 4409 4410 
8145 4382 4410 4383 
8146 4383 4410 4411 
8147 4383 4411 4384 
8148 4384 4411 4412 
8149 4384 4412 4385 
8150 4385 4412 4413 
8151 4385 4413 4386 
8152 4386 4413 4414 
8153 4386 4414 4387 
8154 4387 4414 4415 
8155 4387 4415 4388 
8156 4388 4415 4416 
8157 4388 4416 4389 
8158 4389 4416 4417 
8159 4389 4417 4390 
8160 4390 4417 4418 
8161 4390 4418 4391 
8162 4391 4418 4419 
8163 4391 4419 4392 
8164 4392 4419 4420 
8165 4392 4420 4393 
8166 4393 4420 4421 
8167 4393 4421 4394 
8168 4394 4421 4422 
8169 4394 4422 4395 
8170 4395 4422 4423 
8171 4395 4423 4396 
8172 4396 4423 4424 
8173 4396 4424 4397 
8174 4397 4424 4425 
8175 4397 4425 4398 
8176 4398 4425 4426 
8177 4398 4426 4399 
8178 4399 4426 4427 
8179 4399 4427 4400 
8180 4400 4427 4428 
8181 4400 4428 192 
8182 192 4428 191 
8183 146 147 4401 
8184 4401 147 4429 
8185 4401 4429 4402 
8186 4402 4429 4430 
8187 4402 4430 4403 
8188 4403 4430 4431 
8189 4403 4431 4404 
8190 4404 4431 4432 
8191 4404 4432 4405 
8192 4405 4432 4433 
8193 4405 4433 4406 
8194 4406 4433 4434 
8195 4406 4434 4407 
8196 4407 4434 4435 
8197 4407 4435 4408 
8198 4408 4435 4436 
8199 4408 4436 4409 
8200 4409 4436 4437 
8201 4409 4437 4410 
8202 4410 4437 4438 
8203 4410 4438 4411 
8204 4411 4438 4439 
8205 4411 4439 4412 
8206 4412 4439 4440 
8207 4412 4440 4413 
8208 4413 4440 4441 
8209 4413 4441 4414 
8210 4414 4441 4442 
8211 4414 4442 4415 
8212 4415 4442 4443 
8213 4415 4443 4416 
8214 4416 4443 4444 
8215 4416 4444 4417 
8216 4417 4444 4445 
8217 4417 4445 4418 
8218 4418 4445 4446 
8219 4418 4446 4419 
8220 4419 4446 4447 
8221 4419 4447 4420 
8222 4420 4447 4448 
8223 4420 4448 4421 
8224 4421 4448 4449 
8225 4421 4449 4422 
8226 4422 4449 4450 
8227 4422 4450 4423 
8228 4423 4450 4451 
8229 4423 4451 4424 
8230 4424 4451 4452 
8231 4424 4452 4425 
8232 4425 4452 4453 
8233 4425 4453 4426 
8234 4426 4453 4454 
8235 4426 4454 4427 
8236 4427 4454 4455 
8237 4427 4455 4428 
8238 4428 4455 4456 
8239 4428 4456 191 
8240 191 4456 190 
8241 147 148 4429 
8242 4429 148 4457 
8243 4429 4457 4430 
8244 4430 4457 4458 
8245 4430 4458 4431 
8246 4431 4458 4459 
8247 4431 4459 4432 
8248 4432 4459 4460 
8249 4432 4460 4433 
8250 4433 4460 4461 
8251 4433 4461 4434 
8252 4434 4461 4462 
8253 4434 4462 4435 
8254 4435 4462 4463 
8255 4435 4463 4436 
8256 4436 4463 4464 
8257 4436 4464 4437 
8258 4437 4464 4465 
8259 4437 4465 4438 
8260 4438 4465 4466 
8261 4438 4466 4439 
8262 4439 4466 4467 
8263 4439 4467 4440 
8264 4440 4467 4468 
8265 4440 4468 4441 
8266 4441 4468 4469 
8267 4441 4469 4442 
8268 4442 4469 4470 
8269 4442 4470 4443 
8270 4443 4470 4471 
8271 4443 4471 4444 
8272 4444 4471 4472 
8273 4444 4472 4445 
8274 4445 4472 4473 
8275 4445 4473 4446 
8276 4446 4473 4474 
8277 4446 4474 4447 
8278 4447 4474 4475 
8279 4447 4475 4448 
8280 4448 4475 4476 
8281 4448 4476 4449 
8282 4449 4476 4477 
8283 4449 4477 4450 
8284 4450 4477 4478 
8285 4450 4478 4451 
8286 4451 4478 4479 
8287 4451 4479 4452 
8288 4452 4479 4480 
8289 4452 4480 4453 
8290 4453 4480 4481 
8291 4453 4481 4454 
8292 4454 4481 4482 
8293 4454 4482 4455 
8294 4455 4482 4483 
8295 4455 4483 4456 
8296 4456 4483 4484 
8297 4456 4484 190 
8298 190 4484 189 
8299 148 149 4457 
8300 4457 149 4485 
8301 4457 4485 4458 
8302 4458 4485 4486 
8303 4458 4486 4459 
8304 4459 4486 4487 
8305 4459 4487 4460 
8306 4460 4487 4488 
8307 4460 4488 4461 
8308 4461 4488 4489 
8309 4461 4489 4462 
8310 4462 4489 4490 
8311 4462 4490 4463 
8312 4463 4490 4491 
8313 4463 4491 4464 
8314 4464 4491 4492 
8315 4464 4492 4465 
8316 4465 4492 4493 
8317 4465 4493 4466 
8318 4466 4493 4494 
8319 4466 4494 4467 
8320 4467 4494 4495 
8321 4467 4495 4468 
8322 4468 4495 4496 
8323 4468 4496 4469 
8324 4469 4496 4497 
8325 4469 4497 4470 
8326 4470 4497 4498 
8327 4470 4498 4471 
8328 4471 4498 4499 
8329 4471 4499 4472 
8330 4472 4499 4500 
8331 4472 4500 4473 
8332 4473 4500 4501 
8333 4473 4501 4474 
8334 4474 4501 4502 
8335 4474 4502 4475 
8336 4475 4502 4503 
8337 4475 4503 4476 
8338 4476 4503 4504 
8339 4476 4504 4477 
8340 4477 4504 4505 
8341 4477 4505 4478 
8342 4478 4505 4506 
8343 4478 4506 4479 
8344 4479 4506 4507 
8345 4479 4507 4480 
8346 4480 4507 4508 
8347 4480 4508 4481 
8348 4481 4508 4509 
8349 4481 4509 4482 
8350 4482 4509 4510 
8351 4482 4510 4483 
8352 4483 4510 4511 
8353 4483 4511 4484 
8354 4484 4511 4512 
8355 4484 4512 189 
8356 189 4512 188 
8357 149 150 4485 
8358 4485 150 4513 
8359 4485 4513 4486 
8360 4486 4513 4514 
8361 4486 4514 4487 
8362 4487 4514 4515 
8363 4487 4515 4488 
8364 4488 4515 4516 
8365 4488 4516 4489 
8366 4489 4516 4517 
8367 4489 4517 4490 
8368 4490 4517 4518 
8369 4490 4518 4491 
8370 4491 4518 4519 
8371 4491 4519 4492 
8372 4492 4519 4520 
8373 4492 4520 4493 
8374 4493 4520 4521 
8375 4493 4521 4494 
8376 4494 4521 4522 
8377 4494 4522 4495 
8378 4495 4522 4523 
8379 4495 4523 4496 
8380 4496 4523 4524 
8381 4496 4524 4497 
8382 4497 4524 4525 
8383 4497 4525 4498 
8384 4498 4525 4526 
8385 4498 4526 4499 
8386 4499 4526 4527 
8387 4499 4527 4500 
8388 4500 4527 4528 
8389 4500 4528 4501 
8390 4501 4528 4529 
8391 4501 4529 4502 
8392 4502 4529 4530 
8393 4502 4530 4503 
8394 4503 4530 4531 
8395 4503 4531 4504 
8396 4504 4531 4532 
8397 4504 4532 4505 
8398 4505 4532 4533 
8399 4505 4533 4506 
8400 4506 4533 4534 
8401 4506 4534 4507 
8402 4507 4534 4535 
8403 4507 4535 4508 
8404 4508 4535 4536 
8405 4508 4536 4509 
8406 4509 4536 4537 
8407 4509 4537 4510 
8408 4510 4537 4538 
8409 4510 4538 4511 
8410 4511 4538 4539 
8411 4511 4539 4512 
8412 4512 4539 4540 
8413 4512 4540 188 
8414 188 4540 187 
8415 150 151 4513 
8416 4513 151 4541 
8417 4513 4541 4514 
8418 4514 4541 4542 
8419 4514 4542 4515 
8420 4515 4542 4543 
8421 4515 4543 4516 
8422 4516 4543 4544 
8423 4516 4544 4517 
8424 4517 4544 4545 
8425 4517 4545 4518 
8426 4518 4545 4546 
8427 4518 4546 4519 
8428 4519 4546 4547 
8429 4519 4547 4520 
8430 4520 4547 4548 
8431 4520 4548 4521 
8432 4521 4548 4549 
8433 4521 4549 4522 
8434 4522 4549 4550 
8435 4522 4550 4523 
8436 4523 4550 4551 
8437 4523 4551 4524 
8438 4524 4551 4552 
8439 4524 4552 4525 
8440 4525 4552 4553 
8441 4525 4553 4526 
8442 4526 4553 4554 
8443 4526 4554 4527 
8444 4527 4554 4555 
8445 4527 4555 4528 
8446 4528 4555 4556 
8447 4528 4556 4529 
8448 4529 4556 4557 
8449 4529 4557 4530 
8450 4530 4557 4558 
8451 4530 4558 4531 
8452 4531 4558 4559 
8453 4531 4559 4532 
8454 4532 4559 4560 
8455 4532 4560 4533 
8456 4533 4560 4561 
8457 4533 4561 4534 
8458 4534 4561 4562 
8459 4534 4562 4535 
8460 4535 4562 4563 
8461 4535 4563 4536 
8462 4536 4563 4564 
8463 4536 4564 4537 
8464 4537 4564 4565 
8465 4537 4565 4538 
8466 4538 4565 4566 
8467 4538 4566 4539 
8468 4539 4566 4567 
8469 4539 4567 4540 
8470 4540 4567 4568 
8471 4540 4568 187 
8472 187 4568 186 
8473 151 152 4541 
8474 4541 152 4569 
8475 4541 4569 4542 
8476 4542 4569 4570 
8477 4542 4570 4543 
8478 4543 4570 4571 
8479 4543 4571 4544 
8480 4544 4571 4572 
8481 4544 4572 4545 
8482 4545 4572 4573 
8483 4545 4573 4546 
8484 4546 4573 4574 
8485 4546 4574 4547 
8486 4547 4574 4575 
8487 4547 4575 4548 
8488 4548 4575 4576 
8489 4548 4576 4549 
8490 4549 4576 4577 
8491 4549 4577 4550 
8492 4550 4577 4578 
8493 4550 4578 4551 
8494 4551 4578 4579 
8495 4551 4579 4552 
8496 4552 4579 4580 
8497 4552 4580 4553 
8498 4553 4580 4581 
8499 4553 4581 4554 
8500 4554 4581 4582 
8501 4554 4582 4555 
8502 4555 4582 4583 
8503 4555 4583 4556 
8504 4556 4583 4584 
8505 4556 4584 4557 
8506 4557 4584 4585 
8507 4557 4585 4558 
8508 4558 4585 4586 
8509 4558 4586 4559 
8510 4559 4586 4587 
8511 4559 4587 4560 
8512 4560 4587 4588 
8513 4560 4588 4561 
8514 4561 4588 4589 
8515 4561 4589 4562 
8516 4562 4589 4590 
8517 4562 4590 4563 
8518 4563 4590 4591 
8519 4563 4591 4564 
8520 4564 4591 4592 
8521 4564 4592 4565 
8522 4565 4592 4593 
8523 4565 4593 4566 
8524 4566 4593 4594 
8525 4566 4594 4567 
8526 4567 4594 4595 
8527 4567 4595 4568 
8528 4568 4595 4596 
8529 4568 4596 186 
8530 186 4596 185 
8531 152 153 4569 
8532 4569 153 4597 
8533 4569 4597 4570 
8534 4570 4597 4598 
8535 4570 4598 4571 
8536 4571 4598 4599 
8537 4571 4599 4572 
8538 4572 4599 4600 
8539 4572 4600 4573 
8540 4573 4600 4601 
8541 4573 4601 4574 
8542 4574 4601 4602 
8543 4574 4602 4575 
8544 4575 4602 4603 
8545 4575 4603 4576 
8546 4576 4603 4604 
8547 4576 4604 4577 
8548 4577 4604 4605 
8549 4577 4605 4578 
8550 4578 4605 4606 
8551 4578 4606 4579 
8552 4579 4606 4607 
8553 4579 4607 4580 
8554 4580 4607 4608 
8555 4580 4608 4581 
8556 4581 4608 4609 
8557 4581 4609 4582 
8558 4582 4609 4610 
8559 4582 4610 4583 
8560 4583 4610 4611 
8561 4583 4611 4584 
8562 4584 4611 4612 
8563 4584 4612 4585 
8564 4585 4612 4613 
8565 4585 4613 4586 
8566 4586 4613 4614 
8567 4586 4614 4587 
8568 4587 4614 4615 
8569 4587 4615 4588 
8570 4588 4615 4616 
8571 4588 4616 4589 
8572 4589 4616 4617 
8573 4589 4617 4590 
8574 4590 4617 4618 
8575 4590 4618 4591 
8576 4591 4618 4619 
8577 4591 4619 4592 
8578 4592 4619 4620 
8579 4592 4620 4593 
8580 4593 4620 4621 
8581 4593 4621 4594 
8582 4594 4621 4622 
8583 4594 4622 4595 
8584 4595 4622 4623 
8585 4595 4623 4596 
8586 4596 4623 4624 
8587 4596 4624 185 
8588 185 4624 184 
8589 153 154 4597 
8590 4597 154 4625 
8591 4597 4625 4598 
8592 4598 4625 4626 
8593 4598 4626 4599 
8594 4599 4626 4627 
8595 4599 4627 4600 
8596 4600 4627 4628 
8597 4600 4628 4601 
8598 4601 4628 4629 
8599 4601 4629 4602 
8600 4602 4629 4630 
8601 4602 4630 4603 
8602 4603 4630 4631 
8603 4603 4631 4604 
8604 4604 4631 4632 
8605 4604 4632 4605 
8606 4605 4632 4633 
8607 4605 4633 4606 
8608 4606 4633 4634 
8609 4606 4634 4607 
8610 4607 4634 4635 
8611 4607 4635 4608 
8612 4608 4635 4636 
8613 4608 4636 4609 
8614 4609 4636 4637 
8615 4609 4637 4610 
8616 4610 4637 4638 
8617 4610 4638 4611 
8618 4611 4638 4639 
8619 4611 4639 4612 
8620 4612 4639 4640 
8621 4612 4640 4613 
8622 4613 4640 4641 
8623 4613 4641 4614 
8624 4614 4641 4642 
8625 4614 4642 4615 
8626 4615 4642 4643 
8627 4615 4643 4616 
8628 4616 4643 4644 
8629 4616 4644 4617 
8630 4617 4644 4645 
8631 4617 4645 4618 
8632 4618 4645 4646 
8633 4618 4646 4619 
8634 4619 4646 4647 
8635 4619 4647 4620 
8636 4620 4647 4648 
8637 4620 4648 4621 
8638 4621 4648 4649 
8639 4621 4649 4622 
8640 4622 4649 4650 
8641 4622 4650 4623 
8642 4623 4650 4651 
8643 4623 4651 4624 
8644 4624 4651 4652 
8645 4624 4652 184 
8646 184 4652 183 
8647 154 2 4625 
8648 4625 2 155 
8649 4625 155 4626 
8650 4626 155 156 
8651 4626 156 4627 
8652 4627 156 157 
8653 4627 157 4628 
8654 4628 157 158 
8655 4628 158 4629 
8656 4629 158 159 
8657 4629 159 4630 
8658 4630 159 160 
8659 4630 160 4631 
8660 4631 160 161 
8661 4631 161 4632 
8662 4632 161 162 
8663 4632 162 4633 
8664 4633 162 163 
8665 4633 163 4634 
8666 4634 163 164 
8667 4634 164 4635 
8668 4635 164 165 
8669 4635 165 4636 
8670 4636 165 166 
8671 4636 166 4637 
8672 4637 166 167 
8673 4637 167 4638 
8674 4638 167 168 
8675 4638 168 4639 
8676 4639 168 169 
8677 4639 169 4640 
8678 4640 169 170 
8679 4640 170 4641 
8680 4641 170 171 
8681 4641 171 4642 
8682 4642 171 172 
8683 4642 172 4643 
8684 4643 172 173 
8685 4643 173 4644 
8686 4644 173 174 
8687 4644 174 4645 
8688 4645 174 175 
8689 4645 175 4646 
8690 4646 175 176 
8691 4646 176 4647 
8692 4647 176 177 
8693 4647 177 4648 
8694 4648 177 178 
8695 4648 178 4649 
8696 4649 178 179 
8697 4649 179 4650 
8698 4650 179 180 
8699 4650 180 4651 
8700 4651 180 181 
8701 4651 181 4652 
8702 4652 181 182 
8703 4652 182 183 
8704 183 182 3 
2 2 2 596
8705 3 359 183 
8706 183 359 4653 
8707 183 4653 184 
8708 184 4653 4654 
8709 184 4654 185 
8710 185 4654 4655 
8711 185 4655 186 
8712 186 4655 4656 
8713 186 4656 187 
8714 187 4656 4657 
8715 187 4657 188 
8716 188 4657 4658 
8717 188 4658 189 
8718 189 4658 4659 
8719 189 4659 190 
8720 190 4659 4660 
8721 190 4660 191 
8722 191 4660 4661 
8723 191 4661 192 
8724 192 4661 4662 
8725 192 4662 193 
8726 193 4662 4663 
8727 193 4663 194 
8728 194 4663 4664 
8729 194 4664 195 
8730 195 4664 4665 
8731 195 4665 196 
8732 196 4665 4666 
8733 196 4666 197 
8734 197 4666 4667 
8735 197 4667 198 
8736 198 4667 4668 
8737 198 4668 199 
8738 199 4668 4669 
8739 199 4669 200 
8740 200 4669 4670 
8741 200 4670 201 
8742 201 4670 4671 
8743 201 4671 202 
8744 202 4671 4672 
8745 202 4672 203 
8746 203 4672 4673 
8747 203 4673 204 
8748 204 4673 4674 
8749 204 4674 205 
8750 205 4674 4675 
8751 205 4675 206 
8752 206 4675 4676 
8753 206 4676 207 
8754 207 4676 4677 
8755 207 4677 208 
8756 208 4677 4678 
8757 208 4678 209 
8758 209 4678 4679 
8759 209 4679 210 
8760 210 4679 4680 
8761 210 4680 211 
8762 211 4680 4681 
8763 211 4681 212 
8764 212 4681 4682 
8765 212 4682 213 
8766 213 4682 4683 
8767 213 4683 214 
8768 214 4683 4684 
8769 214 4684 215 
8770 215 4684 4685 
8771 215 4685 216 
8772 216 4685 4686 
8773 216 4686 217 
8774 217 4686 4687 
8775 217 4687 218 
8776 218 4687 4688 
8777 218 4688 219 
8778 219 4688 4689 
8779 219 4689 220 
8780 220 4689 4690 
8781 220 4690 221 
8782 221 4690 4691 
8783 221 4691 222 
8784 222 4691 4692 
8785 222 4692 223 
8786 223 4692 4693 
8787 223 4693 224 
8788 224 4693 4694 
8789 224 4694 225 
8790 225 4694 4695 
8791 225 4695 226 
8792 226 4695 4696 
8793 226 4696 227 
8794 227 4696 4697 
8795 227 4697 228 
8796 228 4697 4698 
8797 228 4698 229 
8798 229 4698 4699 
8799 229 4699 230 
8800 230 4699 4700 
8801 230 4700 231 
8802 231 4700 4701 
8803 231 4701 232 
8804 232 4701 4702 
8805 232 4702 233 
8806 233 4702 4703 
8807 233 4703 234 
8808 234 4703 4704 
8809 234 4704 235 
8810 235 4704 4705 
8811 235 4705 236 
8812 236 4705 4706 
8813 236 4706 237 
8814 237 4706 4707 
8815 237 4707 238 
8816 238 4707 4708 
8817 238 4708 239 
8818 239 4708 4709 
8819 239 4709 240 
8820 240 4709 4710 
8821 240 4710 241 
8822 241 4710 4711 
8823 241 4711 242 
8824 242 4711 4712 
8825 242 4712 243 
8826 243 4712 4713 
8827 243 4713 244 
8828 244 4713 4714 
8829 244 4714 245 
8830 245 4714 4715 
8831 245 4715 246 
8832 246 4715 4716 
8833 246 4716 247 
8834 247 4716 4717 
8835 247 4717 248 
8836 248 4717 4718 
8837 248 4718 249 
8838 249 4718 4719 
8839 249 4719 250 
8840 250 4719 4720 
8841 250 4720 251 
8842 251 4720 4721 
8843 251 4721 252 
8844 252 4721 4722 
8845 252 4722 253 
8846 253 4722 4723 
8847 253 4723 254 
8848 254 4723 4724 
8849 254 4724 255 
8850 255 4724 4725 
8851 255 4725 256 
8852 256 4725 4726 
8853 256 4726 257 
8854 257 4726 4727 
8855 257 4727 258 
8856 258 4727 4728 
8857 258 4728 259 
8858 259 4728 4729 
8859 259 4729 260 
8860 260 4729 4730 
8861 260 4730 261 
8862 261 4730 4731 
8863 261 4731 262 
8864 262 4731 4732 
8865 262 4732 263 
8866 263 4732 4733 
8867 263 4733 264 
8868 264 4733 4734 
8869 264 4734 265 
8870 265 4734 4735 
8871 265 4735 266 
8872 266 4735 4736 
8873 266 4736 267 
8874 267 4736 4737 
8875 267 4737 268 
8876 268 4737 4738 
8877 268 4738 269 
8878 269 4738 4739 
8879 269 4739 270 
8880 270 4739 4740 
8881 270 4740 271 
8882 271 4740 4741 
8883 271 4741 272 
8884 272 4741 4742 
8885 272 4742 273 
8886 273 4742 4743 
8887 273 4743 274 
8888 274 4743 4744 
8889 274 4744 275 
8890 275 4744 4745 
8891 275 4745 276 
8892 276 4745 4746 
8893 276 4746 277 
8894 277 4746 4747 
8895 277 4747 278 
8896 278 4747 4748 
8897 278 4748 279 
8898 279 4748 4749 
8899 279 4749 280 
8900 280 4749 4750 
8901 280 4750 281 
8902 281 4750 4751 
8903 281 4751 282 
8904 282 4751 4752 
8905 282 4752 283 
8906 283 4752 4753 
8907 283 4753 284 
8908 284 4753 4754 
8909 284 4754 285 
8910 285 4754 4755 
8911 285 4755 286 
8912 286 4755 4756 
8913 286 4756 287 
8914 287 4756 4757 
8915 287 4757 288 
8916 288 4757 4758 
8917 288 4758 289 
8918 289 4758 4759 
8919 289 4759 290 
8920 290 4759 4760 
8921 290 4760 291 
8922 291 4760 4761 
8923 291 4761 292 
8924 292 4761 4762 
8925 292 4762 293 
8926 293 4762 4763 
8927 293 4763 294 
8928 294 4763 4764 
8929 294 4764 295 
8930 295 4764 4765 
8931 295 4765 296 
8932 296 4765 4766 
8933 296 4766 297 
8934 297 4766 4767 
8935 297 4767 298 
8936 298 4767 4768 
8937 298 4768 299 
8938 299 4768 4769 
8939 299 4769 300 
8940 300 4769 4770 
8941 300 4770 301 
8942 301 4770 4771 
8943 301 4771 302 
8944 302 4771 4772 
8945 302 4772 303 
8946 303 4772 4773 
8947 303 4773 304 
8948 304 4773 4774 
8949 304 4774 305 
8950 305 4774 4775 
8951 305 4775 306 
8952 306 4775 4776 
8953 306 4776 307 
8954 307 4776 4777 
8955 307 4777 308 
8956 308 4777 4778 
8957 308 4778 309 
8958 309 4778 4779 
8959 309 4779 310 
8960 310 4779 4780 
8961 310 4780 311 
8962 311 4780 4781 
8963 311 4781 312 
8964 312 4781 4782 
8965 312 4782 313 
8966 313 4782 4783 
8967 313 4783 314 
8968 314 4783 4784 
8969 314 4784 315 
8970 315 4784 4785 
8971 315 4785 316 
8972 316 4785 4786 
8973 316 4786 317 
8974 317 4786 4787 
8975 317 4787 318 
8976 318 4787 4788 
8977 318 4788 319 
8978 319 4788 4789 
8979 319 4789 320 
8980 320 4789 4790 
8981 320 4790 321 
8982 321 4790 4791 
8983 321 4791 322 
8984 322 4791 4792 
8985 322 4792 323 
8986 323 4792 4793 
8987 323 4793 324 
8988 324 4793 4794 
8989 324 4794 325 
8990 325 4794 4795 
8991 325 4795 326 
8992 326 4795 4796 
8993 326 4796 327 
8994 327 4796 4797 
8995 327 4797 328 
8996 328 4797 4798 
8997 328 4798 329 
8998 329 4798 4799 
8999 329 4799 330 
9000 330 4799 4800 
9001 330 4800 4 
9002 4 4800 360 
9003 359 5 4653 
9004 4653 5 508 
9005 4653 508 4654 
9006 4654 508 507 
9007 4654 507 4655 
9008 4655 507 506 
9009 4655 506 4656 
9010 4656 506 505 
9011 4656 505 4657 
9012 4657 505 504 
9013 4657 504 4658 
9014 4658 504 503 
9015 4658 503 4659 
9016 4659 503 502 
9017 4659 502 4660 
9018 4660 502 501 
9019 4660 501 4661 
9020 4661 501 500 
9021 4661 500 4662 
9022 4662 500 499 
9023 4662 499 4663 
9024 4663 499 498 
9025 4663 498 4664 
9026 4664 498 497 
9027 4664 497 4665 
9028 4665 497 496 
9029 4665 496 4666 
9030 4666 496 495 
9031 4666 495 4667 
9032 4667 495 494 
9033 4667 494 4668 
9034 4668 494 493 
9035 4668 493 4669 
9036 4669 493 492 
9037 4669 492 4670 
9038 4670 492 491 
9039 4670 491 4671 
9040 4671 491 490 
9041 4671 490 4672 
9042 4672 490 489 
9043 4672 489 4673 
9044 4673 489 488 
9045 4673 488 4674 
9046 4674 488 487 
9047 4674 487 4675 
9048 4675 487 486 
9049 4675 486 4676 
9050 4676 486 485 
9051 4676 485 4677 
9052 4677 485 484 
9053 4677 484 4678 
9054 4678 484 483 
9055 4678 483 4679 
9056 4679 483 482 
9057 4679 482 4680 
9058 4680 482 481 
9059 4680 481 4681 
9060 4681 481 480 
9061 4681 480 4682 
9062 4682 480 479 
9063 4682 479 4683 
9064 4683 479 478 
9065 4683 478 4684 
9066 4684 478 477 
9067 4684 477 4685 
9068 4685 477 476 
9069 4685 476 4686 
9070 4686 476 475 
9071 4686 475 4687 
9072 4687 475 474 
9073 4687 474 4688 
9074 4688 474 473 
9075 4688 473 4689 
9076 4689 473 472 
9077 4689 472 4690 
9078 4690 472 471 
9079 4690 471 4691 
9080 4691 471 470 
9081 4691 470 4692 
9082 4692 470 469 
9083 4692 469 4693 
9084 4693 469 468 
9085 4693 468 4694 
9086 4694 468 467 
9087 4694 467 4695 
9088 4695 467 466 
9089 4695 466 4696 
9090 4696 466 465 
9091 4696 465 4697 
9092 4697 465 464 
9093 4697 464 4698 
9094 4698 464 463 
9095 4698 463 4699 
9096 4699 463 462 
9097 4699 462 4700 
9098 4700 462 461 
9099 4700 461 4701 
9100 4701 461 460 
9101 4701 460 4702 
9102 4702 460 459 
9103 4702 459 4703 
9104 4703 459 458 
9105 4703 458 4704 
9106 4704 458 457 
9107 4704 457 4705 
9108 4705 457 456 
9109 4705 456 4706 
9110 4706 456 455 
9111 4706 455 4707 
9112 4707 455 454 
9113 4707 454 4708 
9114 4708 454 453 
9115 4708 453 4709 
9116 4709 453 452 
9117 4709 452 4710 
9118 4710 452 451 
9119 4710 451 4711 
9120 4711 451 450 
9121 4711 450 4712 
9122 4712 450 449 
9123 4712 449 4713 
9124 4713 449 448 
9125 4713 448 4714 
9126 4714 448 447 
9127 4714 447 4715 
9128 4715 447 446 
9129 4715 446 4716 
9130 4716 446 445 
9131 4716 445 4717 
9132 4717 445 444 
9133 4717 444 4718 
9134 4718 444 443 
9135 4718 443 4719 
9136 4719 443 442 
9137 4719 442 4720 
9138 4720 442 441 
9139 4720 441 4721 
9140 4721 441 440 
9141 4721 440 4722 
9142 4722 440 439 
9143 4722 439 4723 
9144 4723 439 438 
9145 4723 438 4724 
9146 4724 438 437 
9147 4724 437 4725 
9148 4725 437 436 
9149 4725 436 4726 
9150 4726 436 435 
9151 4726 435 4727 
9152 4727 435 434 
9153 4727 434 4728 
9154 4728 434 433 
9155 4728 433 4729 
9156 4729 433 432 
9157 4729 432 4730 
9158 4730 432 431 
9159 4730 431 4731 
9160 4731 431 430 
9161 4731 430 4732 
9162 4732 430 429 
9163 4732 429 4733 
9164 4733 429 428 
9165 4733 428 4734 
9166 4734 428 427 
9167 4734 427 4735 
9168 4735 427 426 
9169 4735 426 4736 
9170 4736 426 425 
9171 4736 425 4737 
9172 4737 425 424 
9173 4737 424 4738 
9174 4738 424 423 
9175 4738 423 4739 
9176 4739 423 422 
9177 4739 422 4740 
9178 4740 422 421 
9179 4740 421 4741 
9180 4741 421 420 
9181 4741 420 4742 
9182 4742 420 419 
9183 4742 419 4743 
9184 4743 419 418 
9185 4743 418 4744 
9186 4744 418 417 
9187 4744 417 4745 
9188 4745 417 416 
9189 4745 416 4746 
9190 4746 416 415 
9191 4746 415 4747 
9192 4747 415 414 
9193 4747 414 4748 
9194 4748 414 413 
9195 4748 413 4749 
9196 4749 413 412 
9197 4749 412 4750 
9198 4750 412 411 
9199 4750 411 4751 
9200 4751 411 410 
9201 4751 410 4752 
9202 4752 410 409 
9203 4752 409 4753 
9204 4753 409 408 
9205 4753 408 4754 
9206 4754 408 407 
9207 4754 407 4755 
9208 4755 407 406 
9209 4755 406 4756 
9210 4756 406 405 
9211 4756 405 4757 
9212 4757 405 404 
9213 4757 404 4758 
9214 4758 404 403 
9215 4758 403 4759 
9216 4759 403 402 
9217 4759 402 4760 
9218 4760 402 401 
9219 4760 401 4761 
9220 4761 401 400 
9221 4761 400 4762 
9222 4762 400 399 
9223 4762 399 4763 
9224 4763 399 398 
9225 4763 398 4764 
9226 4764 398 397 
9227 4764 397 4765 
9228 4765 397 396 
9229 4765 396 4766 
9230 4766 396 395 
9231 4766 395 4767 
9232 4767 395 394 
9233 4767 394 4768 
9234 4768 394 393 
9235 4768 393 4769 
9236 4769 393 392 
9237 4769 392 4770 
9238 4770 392 391 
9239 4770 391 4771 
9240 4771 391 390 
9241 4771 390 4772 
9242 4772 390 389 
9243 4772 389 4773 
9244 4773 389 388 
9245 4773 388 4774 
9246 4774 388 387 
9247 4774 387 4775 
9248 4775 387 386 
9249 4775 386 4776 
9250 4776 386 385 
9251 4776 385 4777 
9252 4777 385 384 
9253 4777 384 4778 
9254 4778 384 383 
9255 4778 383 4779 
9256 4779 383 382 
9257 4779 382 4780 
9258 4780 382 381 
9259 4780 381 4781 
9260 4781 381 380 
9261 4781 380 4782 
9262 4782 380 379 
9263 4782 379 4783 
9264 4783 379 378 
9265 4783 378 4784 
9266 4784 378 377 
9267 4784 377 4785 
9268 4785 377 376 
9269 4785 376 4786 
9270 4786 376 375 
9271 4786 375 4787 
9272 4787 375 374 
9273 4787 374 4788 
9274 4788 374 373 
9275 4788 373 4789 
9276 4789 373 372 
9277 4789 372 4790 
9278 4790 372 371 
9279 4790 371 4791 
9280 4791 371 370 
9281 4791 370 4792 
9282 4792 370 369 
9283 4792 369 4793 
9284 4793 369 368 
9285 4793 368 4794 
9286 4794 368 367 
9287 4794 367 4795 
9288 4795 367 366 
9289 4795 366 4796 
9290 4796 366 365 
9291 4796 365 4797 
9292 4797 365 364 
9293 4797 364 4798 
9294 4798 364 363 
9295 4798 363 4799 
9296 4799 363 362 
9297 4799 362 4800 
9298 4800 362 361 
9299 4800 361 360 
9300 360 361 6 
$EndElements
